experiment,config_name,category,stack_types,period,frequency,forecast_length,backcast_length,n_stacks,n_blocks_per_stack,share_weights,run,seed,smape,mase,mae,mse,owa,norm_mae,norm_mse,n_params,t_width,training_time_seconds,epochs_trained,active_g,sum_losses,activation,stopping_reason,best_val_loss,final_val_loss,final_train_loss,best_epoch,loss_ratio,diverged,val_loss_curve,arch_family,block_type_primary,backbone,stack_pattern,wavelet_family,basis_dim_label,latent_dim_cfg,trend_thetas_dim_cfg,skip_distance_cfg,active_g_cfg,kl_weight_cfg
comprehensive_sweep_traffic,NBEATS-G_10s_ag0,paper_baseline,['Generic'],Traffic-96,24,96,480,10,1,True,0,826608990,27.182955,0.941521,0.013978,0.001015,nan,0.310375,0.487915,13291520,256,2834.66,28,False,False,ReLU,EARLY_STOPPED,0.00046910,0.00048498,0.00041059,7,1.033855,False,"[""0.00052341"", ""0.00048626"", ""0.00048351"", ""0.00047252"", ""0.00047728"", ""0.00047222"", ""0.00046960"", ""0.00046910"", ""0.00047298"", ""0.00047137"", ""0.00047612"", ""0.00047362"", ""0.00047465"", ""0.00047726"", ""0.00047815"", ""0.00047800"", ""0.00047826"", ""0.00048665"", ""0.00047510"", ""0.00049071"", ""0.00048279"", ""0.00049097"", ""0.00048712"", ""0.00049188"", ""0.00049474"", ""0.00048884"", ""0.00049158"", ""0.00048498""]",paper_baseline,Generic,RootBlock,homogeneous,,,,,0,False,
comprehensive_sweep_traffic,NBEATS-G_10s_ag0,paper_baseline,['Generic'],Traffic-96,24,96,480,10,1,True,1,1376975266,27.641937,0.962545,0.014255,0.001038,nan,0.316913,0.496072,13291520,256,2951.54,29,False,False,ReLU,EARLY_STOPPED,0.00046548,0.00049507,0.00040020,8,1.063573,False,"[""0.00051900"", ""0.00049020"", ""0.00047589"", ""0.00047009"", ""0.00046648"", ""0.00046835"", ""0.00046550"", ""0.00047064"", ""0.00046548"", ""0.00046570"", ""0.00048697"", ""0.00047876"", ""0.00047464"", ""0.00047609"", ""0.00048152"", ""0.00047730"", ""0.00048633"", ""0.00047687"", ""0.00048135"", ""0.00048155"", ""0.00048486"", ""0.00048528"", ""0.00049213"", ""0.00048339"", ""0.00049747"", ""0.00049498"", ""0.00049164"", ""0.00048711"", ""0.00049507""]",paper_baseline,Generic,RootBlock,homogeneous,,,,,0,False,
comprehensive_sweep_traffic,NBEATS-G_10s_ag0,paper_baseline,['Generic'],Traffic-96,24,96,480,10,1,True,2,2138626085,26.492605,0.945936,0.014069,0.001029,nan,0.311835,0.491497,13291520,256,2739.07,27,False,False,ReLU,EARLY_STOPPED,0.00046463,0.00048792,0.00039993,6,1.050127,False,"[""0.00050943"", ""0.00048391"", ""0.00047730"", ""0.00047421"", ""0.00047739"", ""0.00046797"", ""0.00046463"", ""0.00046657"", ""0.00047403"", ""0.00047242"", ""0.00047261"", ""0.00048233"", ""0.00047176"", ""0.00047159"", ""0.00047249"", ""0.00049355"", ""0.00048151"", ""0.00048947"", ""0.00047679"", ""0.00047259"", ""0.00048387"", ""0.00048766"", ""0.00048600"", ""0.00048321"", ""0.00048460"", ""0.00050053"", ""0.00048792""]",paper_baseline,Generic,RootBlock,homogeneous,,,,,0,False,
comprehensive_sweep_traffic,NBEATS-G_10s_ag0,paper_baseline,['Generic'],Traffic-96,24,96,480,10,1,True,3,1825145426,26.020330,0.939632,0.013907,0.001005,nan,0.309500,0.486207,13291520,256,3458.71,34,False,False,ReLU,EARLY_STOPPED,0.00046716,0.00049401,0.00038960,13,1.057469,False,"[""0.00051521"", ""0.00049374"", ""0.00048320"", ""0.00048557"", ""0.00049098"", ""0.00047138"", ""0.00047579"", ""0.00047311"", ""0.00048254"", ""0.00047065"", ""0.00046923"", ""0.00047122"", ""0.00048495"", ""0.00046716"", ""0.00047418"", ""0.00047511"", ""0.00047629"", ""0.00047405"", ""0.00048875"", ""0.00048867"", ""0.00048228"", ""0.00047769"", ""0.00049671"", ""0.00049129"", ""0.00048445"", ""0.00049761"", ""0.00048751"", ""0.00048630"", ""0.00049466"", ""0.00050102"", ""0.00050226"", ""0.00049436"", ""0.00049220"", ""0.00049401""]",paper_baseline,Generic,RootBlock,homogeneous,,,,,0,False,
comprehensive_sweep_traffic,NBEATS-G_10s_ag0,paper_baseline,['Generic'],Traffic-96,24,96,480,10,1,True,4,1464762912,26.115898,0.938686,0.013921,0.001005,nan,0.309143,0.484661,13291520,256,3403.16,33,False,False,ReLU,EARLY_STOPPED,0.00046575,0.00050641,0.00038215,12,1.087285,False,"[""0.00051690"", ""0.00048543"", ""0.00050639"", ""0.00047015"", ""0.00046718"", ""0.00046643"", ""0.00047429"", ""0.00046612"", ""0.00047489"", ""0.00047680"", ""0.00047133"", ""0.00046893"", ""0.00046575"", ""0.00046931"", ""0.00046793"", ""0.00047090"", ""0.00048009"", ""0.00047721"", ""0.00047480"", ""0.00047740"", ""0.00048602"", ""0.00048185"", ""0.00047788"", ""0.00049722"", ""0.00048290"", ""0.00048616"", ""0.00049626"", ""0.00050161"", ""0.00049724"", ""0.00049680"", ""0.00050427"", ""0.00049719"", ""0.00050641""]",paper_baseline,Generic,RootBlock,homogeneous,,,,,0,False,
comprehensive_sweep_traffic,NBEATS-G_10s_ag0,paper_baseline,['Generic'],Traffic-96,24,96,480,10,1,True,5,884935399,26.038343,0.931302,0.013758,0.000969,nan,0.306798,0.471749,13291520,256,3103.03,30,False,False,ReLU,EARLY_STOPPED,0.00046740,0.00049443,0.00039634,9,1.057822,False,"[""0.00051289"", ""0.00048744"", ""0.00047707"", ""0.00047583"", ""0.00047054"", ""0.00047305"", ""0.00046752"", ""0.00047029"", ""0.00047522"", ""0.00046740"", ""0.00047585"", ""0.00047340"", ""0.00046819"", ""0.00048043"", ""0.00048038"", ""0.00048358"", ""0.00048119"", ""0.00047546"", ""0.00047929"", ""0.00047732"", ""0.00048422"", ""0.00047641"", ""0.00048128"", ""0.00049658"", ""0.00048880"", ""0.00048997"", ""0.00049649"", ""0.00049451"", ""0.00050318"", ""0.00049443""]",paper_baseline,Generic,RootBlock,homogeneous,,,,,0,False,
comprehensive_sweep_traffic,NBEATS-G_10s_ag0,paper_baseline,['Generic'],Traffic-96,24,96,480,10,1,True,6,978174779,26.476843,0.973207,0.014448,0.001061,nan,0.320790,0.505717,13291520,256,3099.68,30,False,False,ReLU,EARLY_STOPPED,0.00046257,0.00050146,0.00040421,9,1.084073,False,"[""0.00051089"", ""0.00048219"", ""0.00047987"", ""0.00046765"", ""0.00047038"", ""0.00047050"", ""0.00046957"", ""0.00046582"", ""0.00047444"", ""0.00046257"", ""0.00046825"", ""0.00047473"", ""0.00048245"", ""0.00048496"", ""0.00047738"", ""0.00048050"", ""0.00047383"", ""0.00048039"", ""0.00047673"", ""0.00048126"", ""0.00047781"", ""0.00049882"", ""0.00048484"", ""0.00048565"", ""0.00049568"", ""0.00048866"", ""0.00049701"", ""0.00048457"", ""0.00049693"", ""0.00050146""]",paper_baseline,Generic,RootBlock,homogeneous,,,,,0,False,
comprehensive_sweep_traffic,NBEATS-G_10s_ag0,paper_baseline,['Generic'],Traffic-96,24,96,480,10,1,True,7,1488178091,25.713041,0.942019,0.014010,0.001029,nan,0.310277,0.488314,13291520,256,3416.62,33,False,False,ReLU,EARLY_STOPPED,0.00046730,0.00051019,0.00038290,12,1.091785,False,"[""0.00051668"", ""0.00048411"", ""0.00047528"", ""0.00047796"", ""0.00049083"", ""0.00048488"", ""0.00047330"", ""0.00047388"", ""0.00047473"", ""0.00047191"", ""0.00047560"", ""0.00047714"", ""0.00046730"", ""0.00047729"", ""0.00047748"", ""0.00047448"", ""0.00047675"", ""0.00047878"", ""0.00047943"", ""0.00047788"", ""0.00048023"", ""0.00048775"", ""0.00048880"", ""0.00047938"", ""0.00048930"", ""0.00050089"", ""0.00048782"", ""0.00049184"", ""0.00049427"", ""0.00049353"", ""0.00049057"", ""0.00050173"", ""0.00051019""]",paper_baseline,Generic,RootBlock,homogeneous,,,,,0,False,
comprehensive_sweep_traffic,NBEATS-G_10s_ag0,paper_baseline,['Generic'],Traffic-96,24,96,480,10,1,True,8,53281289,28.254519,0.969064,0.014313,0.001027,nan,0.318995,0.491450,13291520,256,2646.26,26,False,False,ReLU,EARLY_STOPPED,0.00046819,0.00048774,0.00040303,5,1.041760,False,"[""0.00051181"", ""0.00048375"", ""0.00048660"", ""0.00047402"", ""0.00047712"", ""0.00046819"", ""0.00047293"", ""0.00047817"", ""0.00047699"", ""0.00047170"", ""0.00047665"", ""0.00047719"", ""0.00048286"", ""0.00047118"", ""0.00047699"", ""0.00047901"", ""0.00048481"", ""0.00047929"", ""0.00047519"", ""0.00048021"", ""0.00048199"", ""0.00048350"", ""0.00048448"", ""0.00048689"", ""0.00048814"", ""0.00048774""]",paper_baseline,Generic,RootBlock,homogeneous,,,,,0,False,
comprehensive_sweep_traffic,NBEATS-G_10s_ag0,paper_baseline,['Generic'],Traffic-96,24,96,480,10,1,True,9,1856435582,26.434263,0.954287,0.014115,0.001007,nan,0.314139,0.483214,13291520,256,2560.54,26,False,False,ReLU,EARLY_STOPPED,0.00046719,0.00048849,0.00041012,5,1.045589,False,"[""0.00051414"", ""0.00048671"", ""0.00047713"", ""0.00048176"", ""0.00046868"", ""0.00046719"", ""0.00047755"", ""0.00047050"", ""0.00047375"", ""0.00047719"", ""0.00046896"", ""0.00047840"", ""0.00047736"", ""0.00047958"", ""0.00047709"", ""0.00048060"", ""0.00047908"", ""0.00048104"", ""0.00048788"", ""0.00049374"", ""0.00048603"", ""0.00048416"", ""0.00049617"", ""0.00048502"", ""0.00048869"", ""0.00048849""]",paper_baseline,Generic,RootBlock,homogeneous,,,,,0,False,
comprehensive_sweep_traffic,NBEATS-G_10s_agf,paper_baseline,['Generic'],Traffic-96,24,96,480,10,1,True,0,1247971653,25.346556,0.956315,0.014136,0.001044,nan,0.315028,0.499343,13291520,256,2533.28,25,forecast,False,ReLU,EARLY_STOPPED,0.00046710,0.00050168,0.00041471,4,1.074013,False,"[""0.00051106"", ""0.00048454"", ""0.00047588"", ""0.00047743"", ""0.00046710"", ""0.00047132"", ""0.00046977"", ""0.00047114"", ""0.00047119"", ""0.00047257"", ""0.00046950"", ""0.00047777"", ""0.00047761"", ""0.00047387"", ""0.00048556"", ""0.00047774"", ""0.00048296"", ""0.00047831"", ""0.00048241"", ""0.00048168"", ""0.00048204"", ""0.00048767"", ""0.00048913"", ""0.00049212"", ""0.00050168""]",paper_baseline,Generic,RootBlock,homogeneous,,,,,0,forecast,
comprehensive_sweep_traffic,NBEATS-G_10s_agf,paper_baseline,['Generic'],Traffic-96,24,96,480,10,1,True,1,1179285803,25.259832,0.941470,0.013931,0.001021,nan,0.310094,0.487320,13291520,256,2667.36,27,forecast,False,ReLU,EARLY_STOPPED,0.00046727,0.00050279,0.00040499,6,1.076018,False,"[""0.00050814"", ""0.00048298"", ""0.00048008"", ""0.00047144"", ""0.00046859"", ""0.00046905"", ""0.00046727"", ""0.00048683"", ""0.00047290"", ""0.00047339"", ""0.00047251"", ""0.00047622"", ""0.00047288"", ""0.00048561"", ""0.00047267"", ""0.00048041"", ""0.00047699"", ""0.00047879"", ""0.00048874"", ""0.00049332"", ""0.00048859"", ""0.00048864"", ""0.00048283"", ""0.00048673"", ""0.00049057"", ""0.00048463"", ""0.00050279""]",paper_baseline,Generic,RootBlock,homogeneous,,,,,0,forecast,
comprehensive_sweep_traffic,NBEATS-G_10s_agf,paper_baseline,['Generic'],Traffic-96,24,96,480,10,1,True,2,2136449953,25.091303,0.929844,0.013792,0.001008,nan,0.306428,0.481510,13291520,256,2536.25,25,forecast,False,ReLU,EARLY_STOPPED,0.00046732,0.00049741,0.00040742,4,1.064393,False,"[""0.00050847"", ""0.00049899"", ""0.00047259"", ""0.00047064"", ""0.00046732"", ""0.00047055"", ""0.00047345"", ""0.00046854"", ""0.00048192"", ""0.00047233"", ""0.00047256"", ""0.00048052"", ""0.00047352"", ""0.00047356"", ""0.00048736"", ""0.00048163"", ""0.00047559"", ""0.00047744"", ""0.00048911"", ""0.00048479"", ""0.00048584"", ""0.00048572"", ""0.00049610"", ""0.00048534"", ""0.00049741""]",paper_baseline,Generic,RootBlock,homogeneous,,,,,0,forecast,
comprehensive_sweep_traffic,NBEATS-G_10s_agf,paper_baseline,['Generic'],Traffic-96,24,96,480,10,1,True,3,499179195,25.491520,0.955524,0.014113,0.001018,nan,0.314749,0.489946,13291520,256,2766.96,28,forecast,False,ReLU,EARLY_STOPPED,0.00046541,0.00049716,0.00039696,7,1.068212,False,"[""0.00051874"", ""0.00048154"", ""0.00047424"", ""0.00047237"", ""0.00053462"", ""0.00047403"", ""0.00046917"", ""0.00046541"", ""0.00047336"", ""0.00047321"", ""0.00047093"", ""0.00047548"", ""0.00047196"", ""0.00047226"", ""0.00048457"", ""0.00048664"", ""0.00047912"", ""0.00048133"", ""0.00048638"", ""0.00048088"", ""0.00048891"", ""0.00048483"", ""0.00049347"", ""0.00049650"", ""0.00049138"", ""0.00049932"", ""0.00049201"", ""0.00049716""]",paper_baseline,Generic,RootBlock,homogeneous,,,,,0,forecast,
comprehensive_sweep_traffic,NBEATS-G_10s_agf,paper_baseline,['Generic'],Traffic-96,24,96,480,10,1,True,4,591529716,26.258898,1.002409,0.014777,0.001083,nan,0.330039,0.515759,13291520,256,2950.47,29,forecast,False,ReLU,EARLY_STOPPED,0.00046803,0.00050436,0.00039633,8,1.077608,False,"[""0.00051176"", ""0.00048217"", ""0.00047290"", ""0.00047572"", ""0.00047098"", ""0.00047086"", ""0.00046941"", ""0.00047619"", ""0.00046803"", ""0.00047638"", ""0.00046988"", ""0.00047649"", ""0.00047595"", ""0.00048106"", ""0.00048171"", ""0.00047725"", ""0.00048044"", ""0.00048541"", ""0.00048241"", ""0.00048535"", ""0.00050438"", ""0.00048085"", ""0.00048936"", ""0.00048447"", ""0.00048551"", ""0.00050955"", ""0.00049483"", ""0.00050213"", ""0.00050436""]",paper_baseline,Generic,RootBlock,homogeneous,,,,,0,forecast,
comprehensive_sweep_traffic,NBEATS-G_10s_agf,paper_baseline,['Generic'],Traffic-96,24,96,480,10,1,True,5,445970832,25.375355,0.946288,0.014003,0.001019,nan,0.311956,0.486256,13291520,256,2968.11,30,forecast,False,ReLU,EARLY_STOPPED,0.00046873,0.00051106,0.00039938,9,1.090325,False,"[""0.00051044"", ""0.00047916"", ""0.00048084"", ""0.00047438"", ""0.00046971"", ""0.00046952"", ""0.00046940"", ""0.00046920"", ""0.00047635"", ""0.00046873"", ""0.00048239"", ""0.00047684"", ""0.00048549"", ""0.00047916"", ""0.00047675"", ""0.00048222"", ""0.00048268"", ""0.00049242"", ""0.00048548"", ""0.00048079"", ""0.00048284"", ""0.00048962"", ""0.00049201"", ""0.00048674"", ""0.00049415"", ""0.00048682"", ""0.00049248"", ""0.00049152"", ""0.00050569"", ""0.00051106""]",paper_baseline,Generic,RootBlock,homogeneous,,,,,0,forecast,
comprehensive_sweep_traffic,NBEATS-G_10s_agf,paper_baseline,['Generic'],Traffic-96,24,96,480,10,1,True,6,1252464588,26.907125,0.997944,0.014711,0.001080,nan,0.328190,0.513063,13291520,256,2543.39,25,forecast,False,ReLU,EARLY_STOPPED,0.00046695,0.00049241,0.00040998,4,1.054525,False,"[""0.00052084"", ""0.00048013"", ""0.00047984"", ""0.00047160"", ""0.00046695"", ""0.00046763"", ""0.00047368"", ""0.00047370"", ""0.00046930"", ""0.00047647"", ""0.00047041"", ""0.00047583"", ""0.00047043"", ""0.00047759"", ""0.00048525"", ""0.00047526"", ""0.00048131"", ""0.00048206"", ""0.00048617"", ""0.00048477"", ""0.00048737"", ""0.00048876"", ""0.00048291"", ""0.00048659"", ""0.00049241""]",paper_baseline,Generic,RootBlock,homogeneous,,,,,0,forecast,
comprehensive_sweep_traffic,NBEATS-G_10s_agf,paper_baseline,['Generic'],Traffic-96,24,96,480,10,1,True,7,1269985523,26.458961,0.979626,0.014471,0.001062,nan,0.322553,0.509381,13291520,256,2564.84,26,forecast,False,ReLU,EARLY_STOPPED,0.00046859,0.00050569,0.00041210,5,1.079173,False,"[""0.00051581"", ""0.00048108"", ""0.00047431"", ""0.00046860"", ""0.00047950"", ""0.00046859"", ""0.00047165"", ""0.00046949"", ""0.00048335"", ""0.00048170"", ""0.00047393"", ""0.00047223"", ""0.00047506"", ""0.00047785"", ""0.00047878"", ""0.00047770"", ""0.00047882"", ""0.00047921"", ""0.00048381"", ""0.00048864"", ""0.00048694"", ""0.00048283"", ""0.00048519"", ""0.00049602"", ""0.00048860"", ""0.00050569""]",paper_baseline,Generic,RootBlock,homogeneous,,,,,0,forecast,
comprehensive_sweep_traffic,NBEATS-G_10s_agf,paper_baseline,['Generic'],Traffic-96,24,96,480,10,1,True,8,638728706,25.664288,0.982830,0.014512,0.001072,nan,0.323510,0.509490,13291520,256,2754.12,27,forecast,False,ReLU,EARLY_STOPPED,0.00046877,0.00049628,0.00039603,6,1.058680,False,"[""0.00051984"", ""0.00048870"", ""0.00047771"", ""0.00047298"", ""0.00048582"", ""0.00046991"", ""0.00046877"", ""0.00046964"", ""0.00047158"", ""0.00047471"", ""0.00046913"", ""0.00047055"", ""0.00047382"", ""0.00047821"", ""0.00047517"", ""0.00048952"", ""0.00048215"", ""0.00047758"", ""0.00049140"", ""0.00048069"", ""0.00048228"", ""0.00048835"", ""0.00049546"", ""0.00049273"", ""0.00049717"", ""0.00049434"", ""0.00049628""]",paper_baseline,Generic,RootBlock,homogeneous,,,,,0,forecast,
comprehensive_sweep_traffic,NBEATS-G_10s_agf,paper_baseline,['Generic'],Traffic-96,24,96,480,10,1,True,9,392390464,25.006056,0.932634,0.013811,0.001002,nan,0.307107,0.483386,13291520,256,2466.64,25,forecast,False,ReLU,EARLY_STOPPED,0.00046459,0.00049242,0.00040829,4,1.059906,False,"[""0.00052686"", ""0.00048914"", ""0.00047542"", ""0.00047027"", ""0.00046459"", ""0.00046707"", ""0.00047601"", ""0.00047121"", ""0.00047342"", ""0.00047249"", ""0.00047472"", ""0.00048727"", ""0.00047555"", ""0.00048593"", ""0.00048593"", ""0.00049435"", ""0.00049346"", ""0.00048733"", ""0.00048203"", ""0.00049106"", ""0.00049855"", ""0.00049418"", ""0.00049716"", ""0.00048722"", ""0.00049242""]",paper_baseline,Generic,RootBlock,homogeneous,,,,,0,forecast,
comprehensive_sweep_traffic,NBEATS-G_30s_ag0,paper_baseline,['Generic'],Traffic-96,24,96,480,30,1,True,0,1099848616,28.156990,1.009595,0.014924,0.001072,nan,0.332453,0.509668,39874560,256,3527.37,30,False,False,ReLU,EARLY_STOPPED,0.00046632,0.00048713,0.00040457,9,1.044626,False,"[""0.00053138"", ""0.00048650"", ""0.00048132"", ""0.00047305"", ""0.00048665"", ""0.00047675"", ""0.00047313"", ""0.00047070"", ""0.00048029"", ""0.00046632"", ""0.00046996"", ""0.00046841"", ""0.00047420"", ""0.00047197"", ""0.00048690"", ""0.00048280"", ""0.00047864"", ""0.00048114"", ""0.00049261"", ""0.00048952"", ""0.00048091"", ""0.00047961"", ""0.00048107"", ""0.00048360"", ""0.00047867"", ""0.00048685"", ""0.00048541"", ""0.00049992"", ""0.00048377"", ""0.00048713""]",paper_baseline,Generic,RootBlock,homogeneous,,,,,0,False,
comprehensive_sweep_traffic,NBEATS-G_30s_ag0,paper_baseline,['Generic'],Traffic-96,24,96,480,30,1,True,1,1575671336,27.296537,0.985341,0.014500,0.001068,nan,0.324124,0.513278,39874560,256,3251.26,29,False,False,ReLU,EARLY_STOPPED,0.00046652,0.00049563,0.00041078,8,1.062382,False,"[""0.00053443"", ""0.00049331"", ""0.00047779"", ""0.00047307"", ""0.00047011"", ""0.00047291"", ""0.00047547"", ""0.00047132"", ""0.00046652"", ""0.00047306"", ""0.00048622"", ""0.00047170"", ""0.00047906"", ""0.00047372"", ""0.00047734"", ""0.00047261"", ""0.00047304"", ""0.00047290"", ""0.00048022"", ""0.00048128"", ""0.00047830"", ""0.00047599"", ""0.00048300"", ""0.00048554"", ""0.00049027"", ""0.00048058"", ""0.00049092"", ""0.00048492"", ""0.00049563""]",paper_baseline,Generic,RootBlock,homogeneous,,,,,0,False,
comprehensive_sweep_traffic,NBEATS-G_30s_ag0,paper_baseline,['Generic'],Traffic-96,24,96,480,30,1,True,2,1113706979,26.649200,0.962938,0.014302,0.001036,nan,0.317281,0.493701,39874560,256,2897.73,27,False,False,ReLU,EARLY_STOPPED,0.00046500,0.00049322,0.00041295,6,1.060699,False,"[""0.00053079"", ""0.00048652"", ""0.00047877"", ""0.00047725"", ""0.00049653"", ""0.00047521"", ""0.00046500"", ""0.00047030"", ""0.00047502"", ""0.00047652"", ""0.00046826"", ""0.00047316"", ""0.00046592"", ""0.00046771"", ""0.00047432"", ""0.00048791"", ""0.00047530"", ""0.00047441"", ""0.00048774"", ""0.00047045"", ""0.00048317"", ""0.00047391"", ""0.00047540"", ""0.00048234"", ""0.00047542"", ""0.00048676"", ""0.00049322""]",paper_baseline,Generic,RootBlock,homogeneous,,,,,0,False,
comprehensive_sweep_traffic,NBEATS-G_30s_ag0,paper_baseline,['Generic'],Traffic-96,24,96,480,30,1,True,3,893986330,26.278084,0.962066,0.014268,0.001025,nan,0.316732,0.487916,39874560,256,2823.33,27,False,False,ReLU,EARLY_STOPPED,0.00046650,0.00048837,0.00040715,6,1.046873,False,"[""0.00053873"", ""0.00049663"", ""0.00047812"", ""0.00047572"", ""0.00047041"", ""0.00047406"", ""0.00046650"", ""0.00050235"", ""0.00046996"", ""0.00047325"", ""0.00049217"", ""0.00047813"", ""0.00046969"", ""0.00048138"", ""0.00047536"", ""0.00046864"", ""0.00047940"", ""0.00047230"", ""0.00047720"", ""0.00047760"", ""0.00048251"", ""0.00047747"", ""0.00047846"", ""0.00048659"", ""0.00048675"", ""0.00049015"", ""0.00048837""]",paper_baseline,Generic,RootBlock,homogeneous,,,,,0,False,
comprehensive_sweep_traffic,NBEATS-G_30s_ag0,paper_baseline,['Generic'],Traffic-96,24,96,480,30,1,True,4,268583984,26.496181,0.950223,0.014078,0.001027,nan,0.312790,0.491498,39874560,256,3976.53,36,False,False,ReLU,EARLY_STOPPED,0.00046625,0.00049640,0.00038011,15,1.064673,False,"[""0.00053942"", ""0.00048729"", ""0.00048266"", ""0.00047680"", ""0.00046957"", ""0.00047420"", ""0.00047628"", ""0.00047343"", ""0.00046835"", ""0.00047065"", ""0.00047453"", ""0.00048925"", ""0.00046873"", ""0.00046852"", ""0.00046744"", ""0.00046625"", ""0.00047326"", ""0.00047493"", ""0.00047094"", ""0.00046955"", ""0.00047338"", ""0.00048928"", ""0.00049792"", ""0.00047771"", ""0.00047755"", ""0.00048301"", ""0.00048696"", ""0.00049464"", ""0.00049723"", ""0.00048481"", ""0.00049102"", ""0.00049022"", ""0.00050388"", ""0.00049614"", ""0.00049218"", ""0.00049640""]",paper_baseline,Generic,RootBlock,homogeneous,,,,,0,False,
comprehensive_sweep_traffic,NBEATS-G_30s_ag0,paper_baseline,['Generic'],Traffic-96,24,96,480,30,1,True,5,240256773,26.606487,0.964832,0.014263,0.001043,nan,0.317857,0.501012,39874560,256,3454.52,32,False,False,ReLU,EARLY_STOPPED,0.00046567,0.00048836,0.00039072,11,1.048724,False,"[""0.00053365"", ""0.00048692"", ""0.00048326"", ""0.00047369"", ""0.00047475"", ""0.00047489"", ""0.00046794"", ""0.00046910"", ""0.00046649"", ""0.00046672"", ""0.00047356"", ""0.00046567"", ""0.00047934"", ""0.00047698"", ""0.00047620"", ""0.00047704"", ""0.00048539"", ""0.00047272"", ""0.00047302"", ""0.00047303"", ""0.00047401"", ""0.00047356"", ""0.00048795"", ""0.00047775"", ""0.00048555"", ""0.00048513"", ""0.00048227"", ""0.00049389"", ""0.00048844"", ""0.00049676"", ""0.00050055"", ""0.00048836""]",paper_baseline,Generic,RootBlock,homogeneous,,,,,0,False,
comprehensive_sweep_traffic,NBEATS-G_30s_ag0,paper_baseline,['Generic'],Traffic-96,24,96,480,30,1,True,6,1742777929,26.328871,0.939303,0.013914,0.001004,nan,0.309423,0.480743,39874560,256,3491.23,30,False,False,ReLU,EARLY_STOPPED,0.00046786,0.00048809,0.00041908,9,1.043238,False,"[""0.00053932"", ""0.00049077"", ""0.00048325"", ""0.00047628"", ""0.00047574"", ""0.00047047"", ""0.00047412"", ""0.00047983"", ""0.00047397"", ""0.00046786"", ""0.00048425"", ""0.00047468"", ""0.00047659"", ""0.00047020"", ""0.00048579"", ""0.00048843"", ""0.00048527"", ""0.00048641"", ""0.00047930"", ""0.00047207"", ""0.00048757"", ""0.00048022"", ""0.00048248"", ""0.00048923"", ""0.00049187"", ""0.00048799"", ""0.00049274"", ""0.00048922"", ""0.00049159"", ""0.00048809""]",paper_baseline,Generic,RootBlock,homogeneous,,,,,0,False,
comprehensive_sweep_traffic,NBEATS-G_30s_ag0,paper_baseline,['Generic'],Traffic-96,24,96,480,30,1,True,7,494057863,26.884075,0.972251,0.014426,0.001048,nan,0.320160,0.496376,39874560,256,3733.69,31,False,False,ReLU,EARLY_STOPPED,0.00046443,0.00049710,0.00039788,10,1.070343,False,"[""0.00052779"", ""0.00049012"", ""0.00049396"", ""0.00047845"", ""0.00047387"", ""0.00047222"", ""0.00047532"", ""0.00046764"", ""0.00048253"", ""0.00047028"", ""0.00046443"", ""0.00047574"", ""0.00048195"", ""0.00048302"", ""0.00047984"", ""0.00047428"", ""0.00047320"", ""0.00047425"", ""0.00046969"", ""0.00048206"", ""0.00047513"", ""0.00048596"", ""0.00048821"", ""0.00048096"", ""0.00048368"", ""0.00048028"", ""0.00048594"", ""0.00049491"", ""0.00049163"", ""0.00048887"", ""0.00049710""]",paper_baseline,Generic,RootBlock,homogeneous,,,,,0,False,
comprehensive_sweep_traffic,NBEATS-G_30s_ag0,paper_baseline,['Generic'],Traffic-96,24,96,480,30,1,True,8,594276727,26.469635,0.951050,0.013985,0.001010,nan,0.312947,0.489389,39874560,256,3836.52,34,False,False,ReLU,EARLY_STOPPED,0.00046532,0.00049814,0.00038412,13,1.070513,False,"[""0.00053467"", ""0.00049224"", ""0.00048102"", ""0.00047627"", ""0.00047289"", ""0.00047247"", ""0.00047251"", ""0.00046871"", ""0.00046772"", ""0.00046897"", ""0.00047010"", ""0.00047179"", ""0.00047471"", ""0.00046532"", ""0.00048285"", ""0.00047429"", ""0.00047993"", ""0.00047177"", ""0.00048014"", ""0.00048461"", ""0.00050095"", ""0.00048084"", ""0.00048666"", ""0.00048046"", ""0.00048866"", ""0.00048671"", ""0.00049544"", ""0.00049242"", ""0.00048276"", ""0.00049953"", ""0.00048738"", ""0.00048740"", ""0.00048582"", ""0.00049814""]",paper_baseline,Generic,RootBlock,homogeneous,,,,,0,False,
comprehensive_sweep_traffic,NBEATS-G_30s_ag0,paper_baseline,['Generic'],Traffic-96,24,96,480,30,1,True,9,212346010,26.601225,0.963052,0.014234,0.001032,nan,0.317010,0.495499,39874560,256,3236.38,28,False,False,ReLU,EARLY_STOPPED,0.00046771,0.00048606,0.00040672,7,1.039243,False,"[""0.00053530"", ""0.00049390"", ""0.00048701"", ""0.00047452"", ""0.00047365"", ""0.00047560"", ""0.00047718"", ""0.00046771"", ""0.00046787"", ""0.00046979"", ""0.00046875"", ""0.00047636"", ""0.00047979"", ""0.00047542"", ""0.00047316"", ""0.00047036"", ""0.00048538"", ""0.00048182"", ""0.00048078"", ""0.00047824"", ""0.00048295"", ""0.00048198"", ""0.00047820"", ""0.00047906"", ""0.00049013"", ""0.00050117"", ""0.00048936"", ""0.00048606""]",paper_baseline,Generic,RootBlock,homogeneous,,,,,0,False,
comprehensive_sweep_traffic,NBEATS-G_30s_agf,paper_baseline,['Generic'],Traffic-96,24,96,480,30,1,True,1,570400451,25.268257,0.952908,0.014164,0.001051,nan,0.313975,0.496946,39874560,256,2908.07,26,forecast,False,ReLU,EARLY_STOPPED,0.00046663,0.00049023,0.00039565,5,1.050576,False,"[""0.00052469"", ""0.00050177"", ""0.00047122"", ""0.00047640"", ""0.00047352"", ""0.00046663"", ""0.00047912"", ""0.00046861"", ""0.00047013"", ""0.00047314"", ""0.00047288"", ""0.00047185"", ""0.00048797"", ""0.00046979"", ""0.00047843"", ""0.00048469"", ""0.00047514"", ""0.00047809"", ""0.00048566"", ""0.00048531"", ""0.00048540"", ""0.00048691"", ""0.00048296"", ""0.00049441"", ""0.00049414"", ""0.00049023""]",paper_baseline,Generic,RootBlock,homogeneous,,,,,0,forecast,
comprehensive_sweep_traffic,NBEATS-G_30s_agf,paper_baseline,['Generic'],Traffic-96,24,96,480,30,1,True,0,1044370420,24.987389,0.929752,0.013709,0.001011,nan,0.306215,0.486250,39874560,256,3227.81,27,forecast,False,ReLU,EARLY_STOPPED,0.00046620,0.00050183,0.00039093,6,1.076436,False,"[""0.00052999"", ""0.00048935"", ""0.00047388"", ""0.00048313"", ""0.00047146"", ""0.00047971"", ""0.00046620"", ""0.00046679"", ""0.00048336"", ""0.00047425"", ""0.00047174"", ""0.00047728"", ""0.00047673"", ""0.00048605"", ""0.00047450"", ""0.00047413"", ""0.00048324"", ""0.00048007"", ""0.00048610"", ""0.00049162"", ""0.00050630"", ""0.00048627"", ""0.00049151"", ""0.00049155"", ""0.00049455"", ""0.00050025"", ""0.00050183""]",paper_baseline,Generic,RootBlock,homogeneous,,,,,0,forecast,
comprehensive_sweep_traffic,NBEATS-G_30s_agf,paper_baseline,['Generic'],Traffic-96,24,96,480,30,1,True,2,737687275,24.789558,0.965464,0.014305,0.001082,nan,0.317994,0.507957,39874560,256,3499.26,30,forecast,False,ReLU,EARLY_STOPPED,0.00046540,0.00051988,0.00037302,9,1.117053,False,"[""0.00051932"", ""0.00047985"", ""0.00047592"", ""0.00047647"", ""0.00047240"", ""0.00046658"", ""0.00047223"", ""0.00047385"", ""0.00050304"", ""0.00046540"", ""0.00047560"", ""0.00046670"", ""0.00048814"", ""0.00047070"", ""0.00047626"", ""0.00047360"", ""0.00048082"", ""0.00048902"", ""0.00049118"", ""0.00048811"", ""0.00049345"", ""0.00049770"", ""0.00048922"", ""0.00049782"", ""0.00049560"", ""0.00050872"", ""0.00049589"", ""0.00049410"", ""0.00049559"", ""0.00051988""]",paper_baseline,Generic,RootBlock,homogeneous,,,,,0,forecast,
comprehensive_sweep_traffic,NBEATS-G_30s_agf,paper_baseline,['Generic'],Traffic-96,24,96,480,30,1,True,3,88632300,25.697359,0.988806,0.014616,0.001094,nan,0.325603,0.520096,39874560,256,3031.87,27,forecast,False,ReLU,EARLY_STOPPED,0.00046398,0.00049591,0.00038191,6,1.068829,False,"[""0.00051957"", ""0.00049716"", ""0.00047165"", ""0.00049165"", ""0.00047031"", ""0.00047250"", ""0.00046398"", ""0.00046910"", ""0.00047178"", ""0.00047170"", ""0.00047611"", ""0.00048390"", ""0.00048890"", ""0.00047655"", ""0.00048290"", ""0.00049262"", ""0.00048560"", ""0.00047777"", ""0.00048541"", ""0.00048354"", ""0.00048803"", ""0.00049097"", ""0.00049510"", ""0.00048881"", ""0.00049600"", ""0.00050913"", ""0.00049591""]",paper_baseline,Generic,RootBlock,homogeneous,,,,,0,forecast,
comprehensive_sweep_traffic,NBEATS-G_30s_agf,paper_baseline,['Generic'],Traffic-96,24,96,480,30,1,True,4,262814394,24.968220,0.940733,0.013822,0.001024,nan,0.309484,0.496074,39874560,256,3232.53,27,forecast,False,ReLU,EARLY_STOPPED,0.00046461,0.00050324,0.00038180,6,1.083140,False,"[""0.00053021"", ""0.00049982"", ""0.00047072"", ""0.00047305"", ""0.00046954"", ""0.00046900"", ""0.00046461"", ""0.00047472"", ""0.00046929"", ""0.00049903"", ""0.00047039"", ""0.00047960"", ""0.00047326"", ""0.00047938"", ""0.00048247"", ""0.00049008"", ""0.00047503"", ""0.00048165"", ""0.00048416"", ""0.00047863"", ""0.00048622"", ""0.00048847"", ""0.00049476"", ""0.00049539"", ""0.00050857"", ""0.00049486"", ""0.00050324""]",paper_baseline,Generic,RootBlock,homogeneous,,,,,0,forecast,
comprehensive_sweep_traffic,NBEATS-G_30s_agf,paper_baseline,['Generic'],Traffic-96,24,96,480,30,1,True,6,93656320,25.030180,0.941208,0.013923,0.001026,nan,0.310207,0.490498,39874560,256,2923.05,26,forecast,False,ReLU,EARLY_STOPPED,0.00046406,0.00049214,0.00039382,5,1.060508,False,"[""0.00052560"", ""0.00048343"", ""0.00047821"", ""0.00047124"", ""0.00046985"", ""0.00046406"", ""0.00046782"", ""0.00047609"", ""0.00047670"", ""0.00047613"", ""0.00047051"", ""0.00047640"", ""0.00049297"", ""0.00047955"", ""0.00047462"", ""0.00047570"", ""0.00047932"", ""0.00047640"", ""0.00048377"", ""0.00048341"", ""0.00048458"", ""0.00048840"", ""0.00048978"", ""0.00051192"", ""0.00049338"", ""0.00049214""]",paper_baseline,Generic,RootBlock,homogeneous,,,,,0,forecast,
comprehensive_sweep_traffic,NBEATS-G_30s_agf,paper_baseline,['Generic'],Traffic-96,24,96,480,30,1,True,5,507735336,24.472198,0.920944,0.013650,0.001013,nan,0.303573,0.486191,39874560,256,3543.93,30,forecast,False,ReLU,EARLY_STOPPED,0.00046733,0.00051358,0.00038812,9,1.098964,False,"[""0.00051995"", ""0.00048045"", ""0.00048607"", ""0.00047558"", ""0.00047526"", ""0.00047861"", ""0.00047223"", ""0.00047198"", ""0.00047613"", ""0.00046733"", ""0.00047783"", ""0.00047570"", ""0.00047589"", ""0.00047285"", ""0.00047789"", ""0.00047864"", ""0.00048114"", ""0.00048812"", ""0.00048097"", ""0.00048012"", ""0.00048744"", ""0.00048743"", ""0.00048717"", ""0.00049051"", ""0.00049504"", ""0.00049983"", ""0.00051071"", ""0.00049277"", ""0.00049920"", ""0.00051358""]",paper_baseline,Generic,RootBlock,homogeneous,,,,,0,forecast,
comprehensive_sweep_traffic,NBEATS-G_30s_agf,paper_baseline,['Generic'],Traffic-96,24,96,480,30,1,True,7,760704633,24.512472,0.927000,0.013735,0.001021,nan,0.305494,0.488978,39874560,256,3369.96,28,forecast,False,ReLU,EARLY_STOPPED,0.00046375,0.00050032,0.00039510,7,1.078846,False,"[""0.00051427"", ""0.00048412"", ""0.00051710"", ""0.00047356"", ""0.00049384"", ""0.00046618"", ""0.00047821"", ""0.00046375"", ""0.00046797"", ""0.00047498"", ""0.00047507"", ""0.00047081"", ""0.00047577"", ""0.00047334"", ""0.00047958"", ""0.00047647"", ""0.00048065"", ""0.00048721"", ""0.00048386"", ""0.00048731"", ""0.00048208"", ""0.00048737"", ""0.00049375"", ""0.00049565"", ""0.00049614"", ""0.00049807"", ""0.00049592"", ""0.00050032""]",paper_baseline,Generic,RootBlock,homogeneous,,,,,0,forecast,
comprehensive_sweep_traffic,NBEATS-G_30s_agf,paper_baseline,['Generic'],Traffic-96,24,96,480,30,1,True,9,1681551552,25.655333,0.975547,0.014359,0.001063,nan,0.320978,0.508178,39874560,256,3036.11,26,forecast,False,ReLU,EARLY_STOPPED,0.00046482,0.00048748,0.00038617,5,1.048750,False,"[""0.00052103"", ""0.00048608"", ""0.00047137"", ""0.00047044"", ""0.00046893"", ""0.00046482"", ""0.00047784"", ""0.00049091"", ""0.00047772"", ""0.00046775"", ""0.00047425"", ""0.00047423"", ""0.00046997"", ""0.00051318"", ""0.00047938"", ""0.00049088"", ""0.00048588"", ""0.00047754"", ""0.00048408"", ""0.00048026"", ""0.00049597"", ""0.00048594"", ""0.00050381"", ""0.00049082"", ""0.00049271"", ""0.00048748""]",paper_baseline,Generic,RootBlock,homogeneous,,,,,0,forecast,
comprehensive_sweep_traffic,NBEATS-G_30s_agf,paper_baseline,['Generic'],Traffic-96,24,96,480,30,1,True,8,1437834111,24.953972,0.952297,0.014089,0.001038,nan,0.313597,0.490802,39874560,256,3398.43,30,forecast,False,ReLU,EARLY_STOPPED,0.00046998,0.00050805,0.00037619,9,1.081003,False,"[""0.00052939"", ""0.00048662"", ""0.00048719"", ""0.00047312"", ""0.00047047"", ""0.00047032"", ""0.00047520"", ""0.00048606"", ""0.00047368"", ""0.00046998"", ""0.00047158"", ""0.00047681"", ""0.00047937"", ""0.00047251"", ""0.00048152"", ""0.00047729"", ""0.00048398"", ""0.00048149"", ""0.00048124"", ""0.00048303"", ""0.00049332"", ""0.00049183"", ""0.00049030"", ""0.00050111"", ""0.00049411"", ""0.00050076"", ""0.00049734"", ""0.00051397"", ""0.00050212"", ""0.00050805""]",paper_baseline,Generic,RootBlock,homogeneous,,,,,0,forecast,
comprehensive_sweep_traffic,NBEATS-IG_10s_ag0,paper_baseline,"['Trend', 'Seasonality', 'Generic']",Traffic-96,24,96,480,10,1,True,0,470995512,28.310698,0.984571,0.014587,0.001045,nan,0.324021,0.499953,25704195,256,3346.54,31,False,False,ReLU,EARLY_STOPPED,0.00046905,0.00048724,0.00043115,10,1.038785,False,"[""0.00057684"", ""0.00049970"", ""0.00048539"", ""0.00047847"", ""0.00047478"", ""0.00047852"", ""0.00047917"", ""0.00048704"", ""0.00047302"", ""0.00047043"", ""0.00046905"", ""0.00047057"", ""0.00047084"", ""0.00048271"", ""0.00047558"", ""0.00047039"", ""0.00048077"", ""0.00047176"", ""0.00047717"", ""0.00048018"", ""0.00047936"", ""0.00047709"", ""0.00047422"", ""0.00047478"", ""0.00048301"", ""0.00048504"", ""0.00048951"", ""0.00047949"", ""0.00048322"", ""0.00048121"", ""0.00048724""]",paper_baseline,Trend+Seasonality+Generic,RootBlock,prefix_body,,,,3,0,False,
comprehensive_sweep_traffic,NBEATS-IG_10s_ag0,paper_baseline,"['Trend', 'Seasonality', 'Generic']",Traffic-96,24,96,480,10,1,True,1,1528690348,27.889977,0.993482,0.014688,0.001069,nan,0.326778,0.509741,25704195,256,2944.70,28,False,False,ReLU,EARLY_STOPPED,0.00046695,0.00047886,0.00043621,7,1.025509,False,"[""0.00056367"", ""0.00050236"", ""0.00048450"", ""0.00047947"", ""0.00047598"", ""0.00047417"", ""0.00046871"", ""0.00046695"", ""0.00046934"", ""0.00046985"", ""0.00047112"", ""0.00046851"", ""0.00046962"", ""0.00047972"", ""0.00048243"", ""0.00048764"", ""0.00047472"", ""0.00047039"", ""0.00047628"", ""0.00047308"", ""0.00048211"", ""0.00047882"", ""0.00047560"", ""0.00048188"", ""0.00047510"", ""0.00047618"", ""0.00048056"", ""0.00047886""]",paper_baseline,Trend+Seasonality+Generic,RootBlock,prefix_body,,,,3,0,False,
comprehensive_sweep_traffic,NBEATS-IG_10s_ag0,paper_baseline,"['Trend', 'Seasonality', 'Generic']",Traffic-96,24,96,480,10,1,True,2,958534766,26.836998,0.961334,0.014261,0.001025,nan,0.316817,0.492930,25704195,256,2884.44,28,False,False,ReLU,EARLY_STOPPED,0.00046946,0.00048256,0.00043723,7,1.027906,False,"[""0.00053620"", ""0.00050420"", ""0.00048307"", ""0.00047812"", ""0.00047438"", ""0.00048256"", ""0.00047538"", ""0.00046946"", ""0.00047057"", ""0.00047479"", ""0.00047777"", ""0.00047077"", ""0.00047297"", ""0.00047995"", ""0.00047551"", ""0.00047300"", ""0.00047060"", ""0.00047294"", ""0.00048327"", ""0.00047204"", ""0.00047418"", ""0.00048076"", ""0.00047916"", ""0.00047441"", ""0.00048843"", ""0.00047813"", ""0.00048704"", ""0.00048256""]",paper_baseline,Trend+Seasonality+Generic,RootBlock,prefix_body,,,,3,0,False,
comprehensive_sweep_traffic,NBEATS-IG_10s_ag0,paper_baseline,"['Trend', 'Seasonality', 'Generic']",Traffic-96,24,96,480,10,1,True,3,1072097719,27.386793,0.956484,0.014194,0.001014,nan,0.315109,0.487994,25704195,256,2898.41,27,False,False,ReLU,EARLY_STOPPED,0.00046863,0.00048376,0.00043852,6,1.032268,False,"[""0.00054136"", ""0.00049219"", ""0.00048163"", ""0.00047897"", ""0.00047885"", ""0.00047798"", ""0.00046863"", ""0.00048152"", ""0.00048278"", ""0.00046867"", ""0.00047886"", ""0.00048938"", ""0.00047673"", ""0.00047526"", ""0.00048235"", ""0.00047897"", ""0.00047423"", ""0.00047378"", ""0.00047437"", ""0.00047534"", ""0.00047705"", ""0.00047690"", ""0.00047716"", ""0.00048071"", ""0.00048182"", ""0.00048231"", ""0.00048376""]",paper_baseline,Trend+Seasonality+Generic,RootBlock,prefix_body,,,,3,0,False,
comprehensive_sweep_traffic,NBEATS-IG_10s_ag0,paper_baseline,"['Trend', 'Seasonality', 'Generic']",Traffic-96,24,96,480,10,1,True,5,1301123652,27.064627,0.930744,0.013772,0.000989,nan,0.306444,0.478984,25704195,256,3407.45,33,False,False,ReLU,EARLY_STOPPED,0.00046832,0.00048367,0.00041030,12,1.032781,False,"[""0.00055152"", ""0.00049605"", ""0.00048594"", ""0.00048510"", ""0.00047278"", ""0.00047520"", ""0.00047363"", ""0.00047176"", ""0.00047000"", ""0.00047376"", ""0.00047805"", ""0.00047121"", ""0.00046832"", ""0.00046967"", ""0.00047475"", ""0.00046905"", ""0.00047621"", ""0.00047434"", ""0.00047902"", ""0.00048985"", ""0.00047233"", ""0.00047967"", ""0.00047748"", ""0.00047455"", ""0.00048417"", ""0.00047984"", ""0.00049429"", ""0.00048852"", ""0.00048395"", ""0.00048914"", ""0.00048926"", ""0.00048712"", ""0.00048367""]",paper_baseline,Trend+Seasonality+Generic,RootBlock,prefix_body,,,,3,0,False,
comprehensive_sweep_traffic,NBEATS-IG_10s_ag0,paper_baseline,"['Trend', 'Seasonality', 'Generic']",Traffic-96,24,96,480,10,1,True,4,1631496689,26.012331,0.957187,0.014252,0.001046,nan,0.315670,0.494660,25704195,256,4111.53,39,False,False,ReLU,EARLY_STOPPED,0.00046812,0.00049743,0.00039635,18,1.062612,False,"[""0.00055522"", ""0.00050240"", ""0.00048156"", ""0.00047959"", ""0.00048411"", ""0.00047067"", ""0.00047467"", ""0.00047629"", ""0.00047556"", ""0.00047920"", ""0.00046960"", ""0.00046911"", ""0.00046959"", ""0.00048260"", ""0.00048063"", ""0.00048890"", ""0.00047066"", ""0.00046814"", ""0.00046812"", ""0.00047284"", ""0.00047749"", ""0.00047412"", ""0.00047867"", ""0.00047834"", ""0.00047835"", ""0.00048457"", ""0.00048301"", ""0.00048545"", ""0.00048909"", ""0.00047915"", ""0.00048705"", ""0.00048937"", ""0.00049249"", ""0.00048428"", ""0.00048736"", ""0.00048681"", ""0.00049182"", ""0.00049325"", ""0.00049743""]",paper_baseline,Trend+Seasonality+Generic,RootBlock,prefix_body,,,,3,0,False,
comprehensive_sweep_traffic,NBEATS-IG_10s_ag0,paper_baseline,"['Trend', 'Seasonality', 'Generic']",Traffic-96,24,96,480,10,1,True,6,1289198999,27.176125,0.949960,0.014060,0.001023,nan,0.312864,0.492673,25704195,256,3549.94,33,False,False,ReLU,EARLY_STOPPED,0.00046580,0.00048512,0.00041546,12,1.041475,False,"[""0.00056519"", ""0.00049680"", ""0.00048985"", ""0.00049021"", ""0.00047284"", ""0.00047489"", ""0.00046998"", ""0.00047220"", ""0.00047360"", ""0.00047641"", ""0.00047488"", ""0.00047375"", ""0.00046580"", ""0.00047298"", ""0.00046798"", ""0.00047232"", ""0.00047019"", ""0.00046929"", ""0.00047084"", ""0.00047547"", ""0.00047977"", ""0.00048528"", ""0.00047617"", ""0.00047427"", ""0.00047730"", ""0.00048282"", ""0.00048175"", ""0.00048760"", ""0.00048268"", ""0.00048832"", ""0.00048568"", ""0.00048925"", ""0.00048512""]",paper_baseline,Trend+Seasonality+Generic,RootBlock,prefix_body,,,,3,0,False,
comprehensive_sweep_traffic,NBEATS-IG_10s_ag0,paper_baseline,"['Trend', 'Seasonality', 'Generic']",Traffic-96,24,96,480,10,1,True,7,660946588,25.984236,0.956871,0.014209,0.001027,nan,0.315259,0.488786,25704195,256,3097.69,30,False,False,ReLU,EARLY_STOPPED,0.00046650,0.00048713,0.00041390,9,1.044219,False,"[""0.00054596"", ""0.00049230"", ""0.00048267"", ""0.00048950"", ""0.00047339"", ""0.00047255"", ""0.00048011"", ""0.00047491"", ""0.00047988"", ""0.00046650"", ""0.00047806"", ""0.00047462"", ""0.00047313"", ""0.00047459"", ""0.00047138"", ""0.00047738"", ""0.00047187"", ""0.00047426"", ""0.00047782"", ""0.00048222"", ""0.00047890"", ""0.00047461"", ""0.00047794"", ""0.00048198"", ""0.00047781"", ""0.00048001"", ""0.00048165"", ""0.00048174"", ""0.00048359"", ""0.00048713""]",paper_baseline,Trend+Seasonality+Generic,RootBlock,prefix_body,,,,3,0,False,
comprehensive_sweep_traffic,NBEATS-IG_10s_ag0,paper_baseline,"['Trend', 'Seasonality', 'Generic']",Traffic-96,24,96,480,10,1,True,8,983155761,25.896204,0.919589,0.013643,0.000977,nan,0.303169,0.474217,25704195,256,3600.68,34,False,False,ReLU,EARLY_STOPPED,0.00046399,0.00049271,0.00041227,13,1.061899,False,"[""0.00054869"", ""0.00049418"", ""0.00047995"", ""0.00047926"", ""0.00047265"", ""0.00047016"", ""0.00047053"", ""0.00047549"", ""0.00046855"", ""0.00047066"", ""0.00047994"", ""0.00047495"", ""0.00048253"", ""0.00046399"", ""0.00047355"", ""0.00047219"", ""0.00047285"", ""0.00047602"", ""0.00047008"", ""0.00047604"", ""0.00047656"", ""0.00047336"", ""0.00048332"", ""0.00048111"", ""0.00047965"", ""0.00048322"", ""0.00047683"", ""0.00047668"", ""0.00048330"", ""0.00049380"", ""0.00048281"", ""0.00048270"", ""0.00048309"", ""0.00049271""]",paper_baseline,Trend+Seasonality+Generic,RootBlock,prefix_body,,,,3,0,False,
comprehensive_sweep_traffic,NBEATS-IG_10s_ag0,paper_baseline,"['Trend', 'Seasonality', 'Generic']",Traffic-96,24,96,480,10,1,True,9,892346064,26.363346,0.965754,0.014329,0.001051,nan,0.318352,0.502923,25704195,256,3455.18,32,False,False,ReLU,EARLY_STOPPED,0.00046257,0.00048429,0.00041202,11,1.046950,False,"[""0.00054157"", ""0.00050283"", ""0.00050857"", ""0.00047964"", ""0.00047512"", ""0.00048476"", ""0.00047408"", ""0.00047334"", ""0.00046656"", ""0.00047449"", ""0.00046899"", ""0.00046257"", ""0.00046863"", ""0.00047177"", ""0.00047657"", ""0.00047235"", ""0.00048500"", ""0.00046731"", ""0.00047147"", ""0.00048151"", ""0.00047469"", ""0.00049003"", ""0.00047499"", ""0.00047561"", ""0.00048113"", ""0.00047725"", ""0.00047339"", ""0.00047716"", ""0.00048102"", ""0.00048509"", ""0.00048095"", ""0.00048429""]",paper_baseline,Trend+Seasonality+Generic,RootBlock,prefix_body,,,,3,0,False,
comprehensive_sweep_traffic,NBEATS-IG_10s_agf,paper_baseline,"['Trend', 'Seasonality', 'Generic']",Traffic-96,24,96,480,10,1,True,0,2025907482,26.800179,0.958218,0.014224,0.001049,nan,0.315476,0.497246,25704195,256,2804.47,27,forecast,False,ReLU,EARLY_STOPPED,0.00046720,0.00083054,0.00061003,6,1.777702,False,"[""0.00056633"", ""0.00049463"", ""0.00048689"", ""0.00049255"", ""0.00047360"", ""0.00047466"", ""0.00046720"", ""0.00046792"", ""0.00046940"", ""0.00046959"", ""0.00046876"", ""0.00047137"", ""0.00047027"", ""0.00046930"", ""0.00047565"", ""0.00048229"", ""0.00048220"", ""0.00047719"", ""0.00048197"", ""0.00047750"", ""0.00048588"", ""0.00047668"", ""0.00048426"", ""0.00048226"", ""0.00048718"", ""0.00048606"", ""0.00083054""]",paper_baseline,Trend+Seasonality+Generic,RootBlock,prefix_body,,,,3,0,forecast,
comprehensive_sweep_traffic,NBEATS-IG_10s_agf,paper_baseline,"['Trend', 'Seasonality', 'Generic']",Traffic-96,24,96,480,10,1,True,1,610491718,26.562763,0.969591,0.014378,0.001051,nan,0.319578,0.496914,25704195,256,2861.43,27,forecast,False,ReLU,EARLY_STOPPED,0.00046607,0.00047525,0.00044002,6,1.019712,False,"[""0.00056482"", ""0.00049513"", ""0.00048333"", ""0.00047659"", ""0.00048648"", ""0.00047345"", ""0.00046607"", ""0.00046704"", ""0.00047630"", ""0.00047077"", ""0.00046787"", ""0.00047297"", ""0.00062465"", ""0.00049632"", ""0.00049612"", ""0.00047450"", ""0.00048029"", ""0.00047536"", ""0.00047266"", ""0.00047155"", ""0.00047519"", ""0.00047516"", ""0.00047039"", ""0.00047574"", ""0.00047909"", ""0.00047858"", ""0.00047525""]",paper_baseline,Trend+Seasonality+Generic,RootBlock,prefix_body,,,,3,0,forecast,
comprehensive_sweep_traffic,NBEATS-IG_10s_agf,paper_baseline,"['Trend', 'Seasonality', 'Generic']",Traffic-96,24,96,480,10,1,True,2,953861105,25.547987,0.927794,0.013846,0.001019,nan,0.306070,0.482890,25704195,256,3258.28,30,forecast,False,ReLU,EARLY_STOPPED,0.00046784,0.00060166,0.00067941,9,1.286032,False,"[""0.00058858"", ""0.00050364"", ""0.00051801"", ""0.00048098"", ""0.00047528"", ""0.00047832"", ""0.00047563"", ""0.00047607"", ""0.00047731"", ""0.00046784"", ""0.00047071"", ""0.00048079"", ""0.00046881"", ""0.00047327"", ""0.00047474"", ""0.00047278"", ""0.00047206"", ""0.00047323"", ""0.00048405"", ""0.00048611"", ""0.00047949"", ""0.00048303"", ""0.00048027"", ""0.00048414"", ""0.00049032"", ""0.00048915"", ""0.00048756"", ""0.00049510"", ""0.00488039"", ""0.00060166""]",paper_baseline,Trend+Seasonality+Generic,RootBlock,prefix_body,,,,3,0,forecast,
comprehensive_sweep_traffic,NBEATS-IG_10s_agf,paper_baseline,"['Trend', 'Seasonality', 'Generic']",Traffic-96,24,96,480,10,1,True,3,390358057,25.858704,0.964280,0.014325,0.001069,nan,0.317849,0.503278,25704195,256,3438.67,33,forecast,False,ReLU,EARLY_STOPPED,0.00046867,0.00049867,0.00042117,12,1.064007,False,"[""0.00061010"", ""0.00050817"", ""0.00049130"", ""0.00049565"", ""0.00047825"", ""0.00055886"", ""0.00047072"", ""0.00047145"", ""0.00047455"", ""0.00047261"", ""0.00048275"", ""0.00047380"", ""0.00046867"", ""0.00047566"", ""0.00047668"", ""0.00047054"", ""0.00047293"", ""0.00047760"", ""0.00047530"", ""0.00047682"", ""0.00048266"", ""0.00047938"", ""0.00048189"", ""0.00048564"", ""0.00048467"", ""0.00048259"", ""0.00049154"", ""0.00048112"", ""0.00049039"", ""0.00048745"", ""0.00048496"", ""0.00049405"", ""0.00049867""]",paper_baseline,Trend+Seasonality+Generic,RootBlock,prefix_body,,,,3,0,forecast,
comprehensive_sweep_traffic,NBEATS-IG_10s_agf,paper_baseline,"['Trend', 'Seasonality', 'Generic']",Traffic-96,24,96,480,10,1,True,4,35365587,25.355825,0.926732,0.013761,0.001001,nan,0.305746,0.480943,25704195,256,3511.31,33,forecast,False,ReLU,EARLY_STOPPED,0.00047246,0.00049239,0.00042646,12,1.042185,False,"[""0.00059971"", ""0.00050886"", ""0.00049588"", ""0.00049718"", ""0.00047428"", ""0.00047880"", ""0.00047372"", ""0.00047574"", ""0.00047278"", ""0.00047941"", ""0.00047615"", ""0.00048846"", ""0.00047246"", ""0.00047270"", ""0.00048448"", ""0.00047983"", ""0.00048415"", ""0.00047510"", ""0.00047892"", ""0.00047611"", ""0.00047497"", ""0.00048295"", ""0.00048728"", ""0.00048576"", ""0.00047619"", ""0.00048587"", ""0.00048358"", ""0.00048576"", ""0.00048089"", ""0.00048736"", ""0.00048453"", ""0.00048555"", ""0.00049239""]",paper_baseline,Trend+Seasonality+Generic,RootBlock,prefix_body,,,,3,0,forecast,
comprehensive_sweep_traffic,NBEATS-IG_10s_agf,paper_baseline,"['Trend', 'Seasonality', 'Generic']",Traffic-96,24,96,480,10,1,True,5,210050956,26.516727,0.945062,0.014030,0.001029,nan,0.311447,0.491387,25704195,256,3158.28,29,forecast,False,ReLU,EARLY_STOPPED,0.00046569,0.00047685,0.00043802,8,1.023962,False,"[""0.00056833"", ""0.00050558"", ""0.00048276"", ""0.00047549"", ""0.00049434"", ""0.00048007"", ""0.00047307"", ""0.00047360"", ""0.00046569"", ""0.00047324"", ""0.00047209"", ""0.00046635"", ""0.00047451"", ""0.00048713"", ""0.00047330"", ""0.00047916"", ""0.00047141"", ""0.00047559"", ""0.00047251"", ""0.00046798"", ""0.00047347"", ""0.00047011"", ""0.00046945"", ""0.00048012"", ""0.00049495"", ""0.00047693"", ""0.00048793"", ""0.00047405"", ""0.00047685""]",paper_baseline,Trend+Seasonality+Generic,RootBlock,prefix_body,,,,3,0,forecast,
comprehensive_sweep_traffic,NBEATS-IG_10s_agf,paper_baseline,"['Trend', 'Seasonality', 'Generic']",Traffic-96,24,96,480,10,1,True,6,386556352,26.933769,0.973880,0.014375,0.001058,nan,0.320441,0.500413,25704195,256,3557.16,34,forecast,False,ReLU,EARLY_STOPPED,0.00047117,0.00048953,0.00041863,13,1.038961,False,"[""0.00063455"", ""0.00051470"", ""0.00049219"", ""0.00048750"", ""0.00047972"", ""0.00047866"", ""0.00048054"", ""0.00048403"", ""0.00047739"", ""0.00047627"", ""0.00047835"", ""0.00047287"", ""0.00047194"", ""0.00047117"", ""0.00048423"", ""0.00047711"", ""0.00047544"", ""0.00047709"", ""0.00047514"", ""0.00047635"", ""0.00047521"", ""0.00047986"", ""0.00048594"", ""0.00048618"", ""0.00048076"", ""0.00048643"", ""0.00048179"", ""0.00049338"", ""0.00048692"", ""0.00049646"", ""0.00049567"", ""0.00049574"", ""0.00049175"", ""0.00048953""]",paper_baseline,Trend+Seasonality+Generic,RootBlock,prefix_body,,,,3,0,forecast,
comprehensive_sweep_traffic,NBEATS-IG_10s_agf,paper_baseline,"['Trend', 'Seasonality', 'Generic']",Traffic-96,24,96,480,10,1,True,7,1362872929,27.220219,0.988387,0.014505,0.001046,nan,0.324989,0.502844,25704195,256,3401.26,32,forecast,False,ReLU,EARLY_STOPPED,0.00046923,0.00048653,0.00042124,11,1.036857,False,"[""0.00062428"", ""0.00052584"", ""0.00051808"", ""0.00048437"", ""0.00047376"", ""0.00047725"", ""0.00047624"", ""0.00047521"", ""0.00048068"", ""0.00047329"", ""0.00047069"", ""0.00046923"", ""0.00047508"", ""0.00046950"", ""0.00047131"", ""0.00048144"", ""0.00047302"", ""0.00047921"", ""0.00047525"", ""0.00048644"", ""0.00048322"", ""0.00048490"", ""0.00048166"", ""0.00047827"", ""0.00047984"", ""0.00048220"", ""0.00047937"", ""0.00048963"", ""0.00048861"", ""0.00048600"", ""0.00049642"", ""0.00048653""]",paper_baseline,Trend+Seasonality+Generic,RootBlock,prefix_body,,,,3,0,forecast,
comprehensive_sweep_traffic,NBEATS-IG_10s_agf,paper_baseline,"['Trend', 'Seasonality', 'Generic']",Traffic-96,24,96,480,10,1,True,8,392015724,26.373398,0.951213,0.014044,0.001062,nan,0.313267,0.507897,25704195,256,4162.38,38,forecast,False,ReLU,EARLY_STOPPED,0.00047290,0.00048378,0.00053468,17,1.022997,False,"[""0.00073791"", ""0.00052905"", ""0.00050002"", ""0.00048528"", ""0.00048635"", ""0.00048743"", ""0.00048065"", ""0.00047498"", ""0.00047298"", ""0.00047530"", ""0.00047599"", ""0.00048372"", ""0.00047542"", ""0.00049124"", ""0.00047301"", ""0.00048954"", ""0.00048045"", ""0.00047290"", ""0.00047974"", ""0.00048131"", ""0.00048987"", ""0.00047947"", ""0.00048848"", ""0.00049336"", ""0.00049179"", ""0.00048568"", ""0.00049214"", ""0.00048918"", ""0.00127784"", ""0.00061756"", ""0.00054275"", ""0.00051113"", ""0.00049902"", ""0.00049667"", ""0.00049844"", ""0.00048530"", ""0.00048678"", ""0.00048378""]",paper_baseline,Trend+Seasonality+Generic,RootBlock,prefix_body,,,,3,0,forecast,
comprehensive_sweep_traffic,NBEATS-IG_10s_agf,paper_baseline,"['Trend', 'Seasonality', 'Generic']",Traffic-96,24,96,480,10,1,True,9,1295061546,26.422033,0.979337,0.014462,0.001066,nan,0.322415,0.511750,25704195,256,3127.46,30,forecast,False,ReLU,EARLY_STOPPED,0.00046767,0.00050059,0.00043417,9,1.070386,False,"[""0.00061730"", ""0.00051300"", ""0.00049567"", ""0.00048377"", ""0.00047588"", ""0.00047071"", ""0.00047644"", ""0.00047695"", ""0.00047020"", ""0.00046767"", ""0.00047015"", ""0.00047247"", ""0.00048107"", ""0.00047808"", ""0.00047811"", ""0.00046870"", ""0.00048132"", ""0.00048119"", ""0.00047732"", ""0.00047966"", ""0.00047078"", ""0.00047439"", ""0.00047440"", ""0.00047729"", ""0.00048678"", ""0.00047848"", ""0.00048726"", ""0.00048154"", ""0.00048361"", ""0.00050059""]",paper_baseline,Trend+Seasonality+Generic,RootBlock,prefix_body,,,,3,0,forecast,
comprehensive_sweep_traffic,NBEATS-IG_30s_ag0,paper_baseline,"['Trend', 'Seasonality', 'Generic']",Traffic-96,24,96,480,30,1,True,0,1600144880,26.737091,0.965677,0.014246,0.001007,nan,0.317779,0.483942,52287235,256,3499.18,28,False,False,ReLU,EARLY_STOPPED,0.00046613,0.00048492,0.00043355,7,1.040327,False,"[""0.00053125"", ""0.00048949"", ""0.00048177"", ""0.00047831"", ""0.00047336"", ""0.00046827"", ""0.00047077"", ""0.00046613"", ""0.00047530"", ""0.00046906"", ""0.00046827"", ""0.00049264"", ""0.00048033"", ""0.00047314"", ""0.00047598"", ""0.00048396"", ""0.00047879"", ""0.00047028"", ""0.00047043"", ""0.00048054"", ""0.00047484"", ""0.00048010"", ""0.00048395"", ""0.00048372"", ""0.00049036"", ""0.00048455"", ""0.00048593"", ""0.00048492""]",paper_baseline,Trend+Seasonality+Generic,RootBlock,prefix_body,,,,3,0,False,
comprehensive_sweep_traffic,NBEATS-IG_30s_ag0,paper_baseline,"['Trend', 'Seasonality', 'Generic']",Traffic-96,24,96,480,30,1,True,1,86878629,26.487755,0.942345,0.013899,0.001026,nan,0.310696,0.495414,52287235,256,4023.64,31,False,False,ReLU,EARLY_STOPPED,0.00046419,0.00048403,0.00039828,10,1.042742,False,"[""0.00052982"", ""0.00049916"", ""0.00047929"", ""0.00047500"", ""0.00047027"", ""0.00047824"", ""0.00046901"", ""0.00046840"", ""0.00046741"", ""0.00047609"", ""0.00046419"", ""0.00046919"", ""0.00047280"", ""0.00047480"", ""0.00047544"", ""0.00047104"", ""0.00046670"", ""0.00048137"", ""0.00046839"", ""0.00046949"", ""0.00047557"", ""0.00046884"", ""0.00047917"", ""0.00048788"", ""0.00048079"", ""0.00049492"", ""0.00047902"", ""0.00048341"", ""0.00048612"", ""0.00049061"", ""0.00048403""]",paper_baseline,Trend+Seasonality+Generic,RootBlock,prefix_body,,,,3,0,False,
comprehensive_sweep_traffic,NBEATS-IG_30s_ag0,paper_baseline,"['Trend', 'Seasonality', 'Generic']",Traffic-96,24,96,480,30,1,True,2,1267847301,26.329449,0.940745,0.013880,0.001000,nan,0.309819,0.487066,52287235,256,3945.01,32,False,False,ReLU,EARLY_STOPPED,0.00046601,0.00048137,0.00041745,11,1.032959,False,"[""0.00053396"", ""0.00049308"", ""0.00047969"", ""0.00047645"", ""0.00051786"", ""0.00047071"", ""0.00047003"", ""0.00047287"", ""0.00046756"", ""0.00047521"", ""0.00047392"", ""0.00046601"", ""0.00047236"", ""0.00047056"", ""0.00049333"", ""0.00048305"", ""0.00048614"", ""0.00047099"", ""0.00049065"", ""0.00047829"", ""0.00047528"", ""0.00047337"", ""0.00048819"", ""0.00048088"", ""0.00048332"", ""0.00047923"", ""0.00047848"", ""0.00049297"", ""0.00048730"", ""0.00049119"", ""0.00048447"", ""0.00048137""]",paper_baseline,Trend+Seasonality+Generic,RootBlock,prefix_body,,,,3,0,False,
comprehensive_sweep_traffic,NBEATS-IG_30s_ag0,paper_baseline,"['Trend', 'Seasonality', 'Generic']",Traffic-96,24,96,480,30,1,True,3,1487959142,26.424984,0.936549,0.013959,0.001019,nan,0.308630,0.484029,52287235,256,3635.52,28,False,False,ReLU,EARLY_STOPPED,0.00046678,0.00048406,0.00041788,7,1.037019,False,"[""0.00056084"", ""0.00050934"", ""0.00048545"", ""0.00048830"", ""0.00047516"", ""0.00047078"", ""0.00047175"", ""0.00046678"", ""0.00046712"", ""0.00047206"", ""0.00047222"", ""0.00046848"", ""0.00047811"", ""0.00048433"", ""0.00047239"", ""0.00048210"", ""0.00047196"", ""0.00047750"", ""0.00047377"", ""0.00047584"", ""0.00047643"", ""0.00048349"", ""0.00047155"", ""0.00047912"", ""0.00047984"", ""0.00048518"", ""0.00048623"", ""0.00048406""]",paper_baseline,Trend+Seasonality+Generic,RootBlock,prefix_body,,,,3,0,False,
comprehensive_sweep_traffic,NBEATS-IG_30s_ag0,paper_baseline,"['Trend', 'Seasonality', 'Generic']",Traffic-96,24,96,480,30,1,True,4,740122826,26.916281,0.939822,0.013883,0.001009,nan,0.309383,0.486857,52287235,256,3556.02,27,False,False,ReLU,EARLY_STOPPED,0.00046701,0.00049186,0.00042953,6,1.053214,False,"[""0.00055277"", ""0.00049022"", ""0.00048051"", ""0.00047765"", ""0.00048050"", ""0.00048267"", ""0.00046701"", ""0.00047752"", ""0.00047628"", ""0.00047445"", ""0.00047000"", ""0.00047676"", ""0.00047021"", ""0.00046733"", ""0.00046921"", ""0.00047106"", ""0.00048832"", ""0.00047974"", ""0.00047611"", ""0.00048182"", ""0.00047747"", ""0.00047535"", ""0.00048217"", ""0.00047861"", ""0.00047984"", ""0.00048315"", ""0.00049186""]",paper_baseline,Trend+Seasonality+Generic,RootBlock,prefix_body,,,,3,0,False,
comprehensive_sweep_traffic,NBEATS-IG_30s_ag0,paper_baseline,"['Trend', 'Seasonality', 'Generic']",Traffic-96,24,96,480,30,1,True,5,1272962097,25.952324,0.925646,0.013659,0.000982,nan,0.304906,0.480179,52287235,256,4223.34,34,False,False,ReLU,EARLY_STOPPED,0.00046548,0.00048866,0.00040103,13,1.049806,False,"[""0.00054366"", ""0.00049087"", ""0.00049762"", ""0.00047752"", ""0.00047956"", ""0.00048427"", ""0.00046851"", ""0.00046643"", ""0.00047384"", ""0.00047051"", ""0.00048815"", ""0.00047923"", ""0.00047634"", ""0.00046548"", ""0.00046620"", ""0.00048073"", ""0.00047611"", ""0.00046948"", ""0.00046735"", ""0.00047209"", ""0.00047970"", ""0.00047831"", ""0.00047408"", ""0.00047966"", ""0.00050344"", ""0.00049368"", ""0.00048566"", ""0.00047961"", ""0.00048360"", ""0.00048751"", ""0.00048146"", ""0.00049215"", ""0.00050822"", ""0.00048866""]",paper_baseline,Trend+Seasonality+Generic,RootBlock,prefix_body,,,,3,0,False,
comprehensive_sweep_traffic,NBEATS-IG_30s_ag0,paper_baseline,"['Trend', 'Seasonality', 'Generic']",Traffic-96,24,96,480,30,1,True,6,1040902422,26.622503,0.935536,0.013840,0.001019,nan,0.308027,0.492265,52287235,256,3965.57,31,False,False,ReLU,EARLY_STOPPED,0.00046544,0.00049027,0.00041559,10,1.053358,False,"[""0.00054694"", ""0.00049974"", ""0.00048071"", ""0.00047583"", ""0.00047513"", ""0.00047178"", ""0.00047932"", ""0.00046977"", ""0.00047984"", ""0.00046671"", ""0.00046544"", ""0.00047369"", ""0.00046929"", ""0.00047379"", ""0.00047058"", ""0.00047884"", ""0.00048475"", ""0.00047751"", ""0.00047222"", ""0.00047724"", ""0.00047772"", ""0.00047465"", ""0.00047519"", ""0.00047833"", ""0.00049084"", ""0.00048573"", ""0.00049320"", ""0.00048978"", ""0.00049262"", ""0.00048193"", ""0.00049027""]",paper_baseline,Trend+Seasonality+Generic,RootBlock,prefix_body,,,,3,0,False,
comprehensive_sweep_traffic,NBEATS-IG_30s_ag0,paper_baseline,"['Trend', 'Seasonality', 'Generic']",Traffic-96,24,96,480,30,1,True,7,463357360,27.637981,0.955474,0.014203,0.001033,nan,0.314622,0.490795,52287235,256,3620.34,28,False,False,ReLU,EARLY_STOPPED,0.00046565,0.00049410,0.00041772,7,1.061094,False,"[""0.00053204"", ""0.00049247"", ""0.00047828"", ""0.00048477"", ""0.00047286"", ""0.00046967"", ""0.00046878"", ""0.00046565"", ""0.00048858"", ""0.00047328"", ""0.00047650"", ""0.00047658"", ""0.00048618"", ""0.00047154"", ""0.00047272"", ""0.00047256"", ""0.00047629"", ""0.00047440"", ""0.00047919"", ""0.00048126"", ""0.00047737"", ""0.00047932"", ""0.00049934"", ""0.00048181"", ""0.00048413"", ""0.00047828"", ""0.00050982"", ""0.00049410""]",paper_baseline,Trend+Seasonality+Generic,RootBlock,prefix_body,,,,3,0,False,
comprehensive_sweep_traffic,NBEATS-IG_30s_ag0,paper_baseline,"['Trend', 'Seasonality', 'Generic']",Traffic-96,24,96,480,30,1,True,8,442280552,27.007702,0.951393,0.014056,0.001029,nan,0.313429,0.494393,52287235,256,3928.53,33,False,False,ReLU,EARLY_STOPPED,0.00046710,0.00048031,0.00048154,12,1.028279,False,"[""0.00053483"", ""0.00049375"", ""0.00048836"", ""0.00048305"", ""0.00047297"", ""0.00047142"", ""0.00047166"", ""0.00047283"", ""0.00046892"", ""0.00046903"", ""0.00047039"", ""0.00046986"", ""0.00046710"", ""0.00048184"", ""0.00047347"", ""0.00047435"", ""0.00047179"", ""0.00055430"", ""0.00050106"", ""0.00048498"", ""0.00047857"", ""0.00048133"", ""0.00047782"", ""0.00047287"", ""0.00047213"", ""0.00047106"", ""0.00047180"", ""0.00047106"", ""0.00047643"", ""0.00047333"", ""0.00047276"", ""0.00047214"", ""0.00048031""]",paper_baseline,Trend+Seasonality+Generic,RootBlock,prefix_body,,,,3,0,False,
comprehensive_sweep_traffic,NBEATS-IG_30s_agf,paper_baseline,"['Trend', 'Seasonality', 'Generic']",Traffic-96,24,96,480,30,1,True,0,1170926961,26.931936,0.963786,0.014209,0.001052,nan,0.317259,0.501331,52287235,256,3720.03,29,forecast,False,ReLU,EARLY_STOPPED,0.00046415,0.00050083,0.00036322,8,1.079024,False,"[""0.00052668"", ""0.00048762"", ""0.00047464"", ""0.00046842"", ""0.00046782"", ""0.00047589"", ""0.00046449"", ""0.00048330"", ""0.00046415"", ""0.00048650"", ""0.00047946"", ""0.00047184"", ""0.00047226"", ""0.00047613"", ""0.00047946"", ""0.00049360"", ""0.00048400"", ""0.00048609"", ""0.00048998"", ""0.00048817"", ""0.00049340"", ""0.00048434"", ""0.00050107"", ""0.00049448"", ""0.00049680"", ""0.00050091"", ""0.00050246"", ""0.00050304"", ""0.00050083""]",paper_baseline,Trend+Seasonality+Generic,RootBlock,prefix_body,,,,3,0,forecast,
comprehensive_sweep_traffic,NBEATS-IG_30s_ag0,paper_baseline,"['Trend', 'Seasonality', 'Generic']",Traffic-96,24,96,480,30,1,True,9,1664994012,27.892197,0.948476,0.014058,0.001013,nan,0.312483,0.486532,52287235,256,4770.14,38,False,False,ReLU,EARLY_STOPPED,0.00046997,0.00048724,0.00042137,17,1.036762,False,"[""0.00052562"", ""0.00049605"", ""0.00047908"", ""0.00047836"", ""0.00051199"", ""0.00047022"", ""0.00517156"", ""0.00050803"", ""0.00048451"", ""0.00047619"", ""0.00047951"", ""0.00047076"", ""0.00047375"", ""0.00047098"", ""0.00047493"", ""0.00047297"", ""0.00047234"", ""0.00046997"", ""0.00047566"", ""0.00047144"", ""0.00047513"", ""0.00047134"", ""0.00047791"", ""0.00047857"", ""0.00047402"", ""0.00047323"", ""0.00047489"", ""0.00048149"", ""0.00048795"", ""0.00047739"", ""0.00048367"", ""0.00047737"", ""0.00047655"", ""0.00047930"", ""0.00048208"", ""0.00048538"", ""0.00047996"", ""0.00048724""]",paper_baseline,Trend+Seasonality+Generic,RootBlock,prefix_body,,,,3,0,False,
comprehensive_sweep_traffic,NBEATS-IG_30s_agf,paper_baseline,"['Trend', 'Seasonality', 'Generic']",Traffic-96,24,96,480,30,1,True,1,1406714027,26.516060,0.972814,0.014436,0.001060,nan,0.320187,0.502576,52287235,256,4641.26,39,forecast,False,ReLU,EARLY_STOPPED,0.00046900,0.00048986,0.00042314,18,1.044484,False,"[""0.00055256"", ""0.00048092"", ""0.00047243"", ""0.00047247"", ""0.00047184"", ""0.00047201"", ""0.00047325"", ""0.00047042"", ""0.00047559"", ""0.00048950"", ""0.00047642"", ""0.00067134"", ""0.00051696"", ""0.00050116"", ""0.00048549"", ""0.00047606"", ""0.00047469"", ""0.00047793"", ""0.00046900"", ""0.00047046"", ""0.00048598"", ""0.00047322"", ""0.00046988"", ""0.00047328"", ""0.00047525"", ""0.00047137"", ""0.00047838"", ""0.00048003"", ""0.00048051"", ""0.00047792"", ""0.00048058"", ""0.00048509"", ""0.00048503"", ""0.00048375"", ""0.00048264"", ""0.00048651"", ""0.00048354"", ""0.00048953"", ""0.00048986""]",paper_baseline,Trend+Seasonality+Generic,RootBlock,prefix_body,,,,3,0,forecast,
comprehensive_sweep_traffic,NBEATS-IG_30s_agf,paper_baseline,"['Trend', 'Seasonality', 'Generic']",Traffic-96,24,96,480,30,1,True,3,1786884386,27.004635,0.967255,0.014234,0.001025,nan,0.318242,0.493886,52287235,256,3402.37,27,forecast,False,ReLU,EARLY_STOPPED,0.00046827,0.00049841,0.00038108,6,1.064375,False,"[""0.00054919"", ""0.00048785"", ""0.00047673"", ""0.00047458"", ""0.00047050"", ""0.00047253"", ""0.00046827"", ""0.00047472"", ""0.00046860"", ""0.00047427"", ""0.00046842"", ""0.00047582"", ""0.00047046"", ""0.00048457"", ""0.00047375"", ""0.00048115"", ""0.00047984"", ""0.00048661"", ""0.00048312"", ""0.00048279"", ""0.00049251"", ""0.00048872"", ""0.00048930"", ""0.00049104"", ""0.00048955"", ""0.00048729"", ""0.00049841""]",paper_baseline,Trend+Seasonality+Generic,RootBlock,prefix_body,,,,3,0,forecast,
comprehensive_sweep_traffic,NBEATS-IG_30s_agf,paper_baseline,"['Trend', 'Seasonality', 'Generic']",Traffic-96,24,96,480,30,1,True,2,1003125627,27.049166,0.958284,0.014137,0.001032,nan,0.315517,0.493501,52287235,256,3716.79,29,forecast,False,ReLU,EARLY_STOPPED,0.00046554,0.00048806,0.00038768,8,1.048373,False,"[""0.00054163"", ""0.00049679"", ""0.00047772"", ""0.00046756"", ""0.00047747"", ""0.00047306"", ""0.00046596"", ""0.00047384"", ""0.00046554"", ""0.00047508"", ""0.00046970"", ""0.00046782"", ""0.00046776"", ""0.00047644"", ""0.00047210"", ""0.00048065"", ""0.00047160"", ""0.00047371"", ""0.00047955"", ""0.00049198"", ""0.00048849"", ""0.00049250"", ""0.00048735"", ""0.00049171"", ""0.00049303"", ""0.00049727"", ""0.00049220"", ""0.00048191"", ""0.00048806""]",paper_baseline,Trend+Seasonality+Generic,RootBlock,prefix_body,,,,3,0,forecast,
comprehensive_sweep_traffic,NBEATS-IG_30s_agf,paper_baseline,"['Trend', 'Seasonality', 'Generic']",Traffic-96,24,96,480,30,1,True,4,529026697,27.267418,0.976131,0.014444,0.001048,nan,0.321393,0.501976,52287235,256,2981.61,25,forecast,False,ReLU,EARLY_STOPPED,0.00046924,0.00050497,0.00039472,4,1.076137,False,"[""0.00060460"", ""0.00048749"", ""0.00048070"", ""0.00047455"", ""0.00046924"", ""0.00047252"", ""0.00048772"", ""0.00046990"", ""0.00047508"", ""0.00047109"", ""0.00047266"", ""0.00047652"", ""0.00047067"", ""0.00047335"", ""0.00047304"", ""0.00046958"", ""0.00047610"", ""0.00048295"", ""0.00047712"", ""0.00047855"", ""0.00047942"", ""0.00048496"", ""0.00049225"", ""0.00049285"", ""0.00050497""]",paper_baseline,Trend+Seasonality+Generic,RootBlock,prefix_body,,,,3,0,forecast,
comprehensive_sweep_traffic,NBEATS-IG_30s_agf,paper_baseline,"['Trend', 'Seasonality', 'Generic']",Traffic-96,24,96,480,30,1,True,5,1618474039,28.267372,0.965830,0.014269,0.001060,nan,0.317775,0.504037,52287235,256,3648.17,29,forecast,False,ReLU,EARLY_STOPPED,0.00046432,0.00050602,0.00039202,8,1.089791,False,"[""0.00055509"", ""0.00049555"", ""0.00048228"", ""0.00047128"", ""0.00048858"", ""0.00047553"", ""0.00047683"", ""0.00047207"", ""0.00046432"", ""0.00046839"", ""0.00047580"", ""0.00048213"", ""0.00047317"", ""0.00047059"", ""0.00047245"", ""0.00048294"", ""0.00047374"", ""0.00047868"", ""0.00047787"", ""0.00048376"", ""0.00049057"", ""0.00048385"", ""0.00048892"", ""0.00048634"", ""0.00048269"", ""0.00048789"", ""0.00048759"", ""0.00048952"", ""0.00050602""]",paper_baseline,Trend+Seasonality+Generic,RootBlock,prefix_body,,,,3,0,forecast,
comprehensive_sweep_traffic,NBEATS-IG_30s_agf,paper_baseline,"['Trend', 'Seasonality', 'Generic']",Traffic-96,24,96,480,30,1,True,6,2060079598,26.025284,0.940884,0.013924,0.001040,nan,0.310071,0.499304,52287235,256,3851.96,30,forecast,False,ReLU,EARLY_STOPPED,0.00046681,0.00049701,0.00038137,9,1.064694,False,"[""0.00053821"", ""0.00048780"", ""0.00047755"", ""0.00047063"", ""0.00047017"", ""0.00047474"", ""0.00046884"", ""0.00046725"", ""0.00048929"", ""0.00046681"", ""0.00047061"", ""0.00047415"", ""0.00048065"", ""0.00047861"", ""0.00048266"", ""0.00047879"", ""0.00047575"", ""0.00047604"", ""0.00049408"", ""0.00050617"", ""0.00048475"", ""0.00049474"", ""0.00048229"", ""0.00049470"", ""0.00049318"", ""0.00048913"", ""0.00048719"", ""0.00049747"", ""0.00049106"", ""0.00049701""]",paper_baseline,Trend+Seasonality+Generic,RootBlock,prefix_body,,,,3,0,forecast,
comprehensive_sweep_traffic,NBEATS-IG_30s_agf,paper_baseline,"['Trend', 'Seasonality', 'Generic']",Traffic-96,24,96,480,30,1,True,7,1488837153,25.429546,0.907060,0.013454,0.001007,nan,0.299020,0.484779,52287235,256,3451.44,29,forecast,False,ReLU,EARLY_STOPPED,0.00046992,0.00050591,0.00035885,8,1.076578,False,"[""0.00053247"", ""0.00048470"", ""0.00047247"", ""0.00049279"", ""0.00047675"", ""0.00047888"", ""0.00047342"", ""0.00047203"", ""0.00046992"", ""0.00047609"", ""0.00047264"", ""0.00047832"", ""0.00048003"", ""0.00048289"", ""0.00047484"", ""0.00047952"", ""0.00048505"", ""0.00048282"", ""0.00049873"", ""0.00048294"", ""0.00049236"", ""0.00049088"", ""0.00048881"", ""0.00049106"", ""0.00049227"", ""0.00049318"", ""0.00050649"", ""0.00049232"", ""0.00050591""]",paper_baseline,Trend+Seasonality+Generic,RootBlock,prefix_body,,,,3,0,forecast,
comprehensive_sweep_traffic,NBEATS-IG_30s_agf,paper_baseline,"['Trend', 'Seasonality', 'Generic']",Traffic-96,24,96,480,30,1,True,8,257772519,25.642406,0.943938,0.013989,0.001020,nan,0.311145,0.487772,52287235,256,3431.29,27,forecast,False,ReLU,EARLY_STOPPED,0.00046661,0.00049934,0.00039762,6,1.070160,False,"[""0.00053177"", ""0.00049362"", ""0.00047281"", ""0.00047236"", ""0.00048544"", ""0.00046901"", ""0.00046661"", ""0.00046953"", ""0.00047059"", ""0.00047356"", ""0.00047294"", ""0.00047778"", ""0.00047804"", ""0.00047714"", ""0.00049331"", ""0.00047789"", ""0.00048185"", ""0.00048136"", ""0.00048678"", ""0.00047773"", ""0.00048687"", ""0.00048952"", ""0.00049959"", ""0.00048149"", ""0.00048792"", ""0.00049401"", ""0.00049934""]",paper_baseline,Trend+Seasonality+Generic,RootBlock,prefix_body,,,,3,0,forecast,
comprehensive_sweep_traffic,NBEATS-IG_30s_agf,paper_baseline,"['Trend', 'Seasonality', 'Generic']",Traffic-96,24,96,480,30,1,True,9,2074541570,25.701288,0.947373,0.014066,0.001078,nan,0.312078,0.507922,52287235,256,3965.99,31,forecast,False,ReLU,EARLY_STOPPED,0.00046644,0.00049820,0.00034547,10,1.068098,False,"[""0.00051547"", ""0.00049461"", ""0.00048396"", ""0.00046840"", ""0.00047544"", ""0.00046924"", ""0.00048487"", ""0.00046876"", ""0.00047651"", ""0.00051540"", ""0.00046644"", ""0.00047385"", ""0.00047765"", ""0.00047738"", ""0.00048068"", ""0.00049262"", ""0.00048090"", ""0.00047905"", ""0.00048567"", ""0.00048187"", ""0.00048231"", ""0.00048450"", ""0.00051983"", ""0.00049469"", ""0.00048919"", ""0.00051541"", ""0.00049712"", ""0.00050115"", ""0.00049790"", ""0.00050404"", ""0.00049820""]",paper_baseline,Trend+Seasonality+Generic,RootBlock,prefix_body,,,,3,0,forecast,
comprehensive_sweep_traffic,TW_10s_td3_bdeq_haar,trendwavelet_rb,['TrendWavelet'],Traffic-96,24,96,480,10,1,True,0,1751586803,29.260916,0.966256,0.014269,0.001030,nan,0.317811,0.497754,3459550,256,2944.73,30,False,False,ReLU,EARLY_STOPPED,0.00047702,0.00049884,0.00058303,9,1.045742,False,"[""0.00063143"", ""0.00052683"", ""0.00050181"", ""0.00049169"", ""0.00048579"", ""0.00048759"", ""0.00049058"", ""0.00047819"", ""0.00048670"", ""0.00047702"", ""0.00048155"", ""0.00048028"", ""0.00047821"", ""0.00266494"", ""0.00084896"", ""0.00067221"", ""0.00061366"", ""0.00057861"", ""0.00056198"", ""0.00054935"", ""0.00053772"", ""0.00052937"", ""0.00052954"", ""0.00051704"", ""0.00051667"", ""0.00050809"", ""0.00051059"", ""0.00050318"", ""0.00050034"", ""0.00049884""]",trendwavelet,TrendWavelet,RootBlock,homogeneous,haar,eq_fcast,,3,0,False,
comprehensive_sweep_traffic,TW_10s_td3_bdeq_haar,trendwavelet_rb,['TrendWavelet'],Traffic-96,24,96,480,10,1,True,1,1576705954,26.903053,0.970740,0.014336,0.001036,nan,0.319288,0.496865,3459550,256,4446.77,44,False,False,ReLU,EARLY_STOPPED,0.00047213,0.00048090,0.00047707,23,1.018585,False,"[""0.00076723"", ""0.00058747"", ""0.00053906"", ""0.00051032"", ""0.00049860"", ""0.00052000"", ""0.00048775"", ""0.00048885"", ""0.00048353"", ""0.00048920"", ""0.00047919"", ""0.00048652"", ""0.00048714"", ""0.00048009"", ""0.00047688"", ""0.00047631"", ""0.00047620"", ""0.00048358"", ""0.00048154"", ""0.00048091"", ""0.00048136"", ""0.00047987"", ""0.00048222"", ""0.00047213"", ""0.00048661"", ""0.00047237"", ""0.00047701"", ""0.00047846"", ""0.00048832"", ""0.00047801"", ""0.00048481"", ""0.00048172"", ""0.00048763"", ""0.00048324"", ""0.00048441"", ""0.00047999"", ""0.00047823"", ""0.00047716"", ""0.00048085"", ""0.00047750"", ""0.00047821"", ""0.00048541"", ""0.00047948"", ""0.00048090""]",trendwavelet,TrendWavelet,RootBlock,homogeneous,haar,eq_fcast,,3,0,False,
comprehensive_sweep_traffic,TW_10s_td3_bdeq_haar,trendwavelet_rb,['TrendWavelet'],Traffic-96,24,96,480,10,1,True,3,1227331662,26.678389,0.945511,0.013966,0.000991,nan,0.311126,0.480158,3459550,256,4540.24,46,False,False,ReLU,EARLY_STOPPED,0.00047237,0.00050086,0.00047014,25,1.060314,False,"[""0.00068509"", ""0.00065325"", ""0.00052551"", ""0.00051318"", ""0.00049854"", ""0.00048798"", ""0.00048698"", ""0.00048373"", ""0.00048060"", ""0.00048013"", ""0.00047922"", ""0.00048405"", ""0.00047764"", ""0.00048738"", ""0.00048356"", ""0.00047671"", ""0.00049043"", ""0.00047408"", ""0.00047877"", ""0.00047488"", ""0.00047325"", ""0.00047643"", ""0.00048547"", ""0.00047747"", ""0.00047904"", ""0.00047237"", ""0.00047852"", ""0.00047400"", ""0.00047640"", ""0.00047341"", ""0.00048100"", ""0.00047579"", ""0.00051397"", ""0.00048993"", ""0.00049361"", ""0.00047680"", ""0.00047655"", ""0.00048259"", ""0.00047936"", ""0.00047668"", ""0.00048045"", ""0.00049415"", ""0.00048372"", ""0.00047955"", ""0.00048043"", ""0.00050086""]",trendwavelet,TrendWavelet,RootBlock,homogeneous,haar,eq_fcast,,3,0,False,
comprehensive_sweep_traffic,TW_10s_td3_bdeq_haar,trendwavelet_rb,['TrendWavelet'],Traffic-96,24,96,480,10,1,True,2,2043083995,26.184412,0.936442,0.013890,0.001004,nan,0.308436,0.486731,3459550,256,5341.80,52,False,False,ReLU,EARLY_STOPPED,0.00047191,0.00048047,0.00045904,31,1.018142,False,"[""0.00066769"", ""0.00054461"", ""0.00052402"", ""0.00049799"", ""0.00049535"", ""0.00048894"", ""0.00048433"", ""0.00047993"", ""0.00050864"", ""0.00048935"", ""0.00047601"", ""0.00047695"", ""0.00047753"", ""0.00047964"", ""0.00048212"", ""0.00047788"", ""0.00047413"", ""0.00047601"", ""0.00047790"", ""0.00047539"", ""0.00048240"", ""0.00048573"", ""0.00047671"", ""0.00047536"", ""0.00047809"", ""0.00048150"", ""0.00048215"", ""0.00048388"", ""0.00048340"", ""0.00047411"", ""0.00047525"", ""0.00047191"", ""0.00047770"", ""0.00047871"", ""0.00047618"", ""0.00047714"", ""0.00047448"", ""0.00048647"", ""0.00048014"", ""0.00047937"", ""0.00048742"", ""0.00047470"", ""0.00048183"", ""0.00048741"", ""0.00048384"", ""0.00048228"", ""0.00047756"", ""0.00048581"", ""0.00048789"", ""0.00047905"", ""0.00048277"", ""0.00048047""]",trendwavelet,TrendWavelet,RootBlock,homogeneous,haar,eq_fcast,,3,0,False,
comprehensive_sweep_traffic,TW_10s_td3_bdeq_haar,trendwavelet_rb,['TrendWavelet'],Traffic-96,24,96,480,10,1,True,4,864330455,27.506742,0.973414,0.014400,0.001040,nan,0.320243,0.499084,3459550,256,4361.73,43,False,False,ReLU,EARLY_STOPPED,0.00047060,0.00049947,0.00058523,22,1.061355,False,"[""0.00066502"", ""0.00054234"", ""0.00051829"", ""0.00050226"", ""0.00048957"", ""0.00048881"", ""0.00048394"", ""0.00048194"", ""0.00048142"", ""0.00047555"", ""0.00047553"", ""0.00047884"", ""0.00049590"", ""0.00048674"", ""0.00047479"", ""0.00047514"", ""0.00047529"", ""0.00048874"", ""0.00047730"", ""0.00048169"", ""0.00047607"", ""0.00049213"", ""0.00047060"", ""0.00048960"", ""0.00048635"", ""0.00048007"", ""0.00093334"", ""0.00068251"", ""0.00060870"", ""0.00057644"", ""0.00055702"", ""0.00054581"", ""0.00053431"", ""0.00052776"", ""0.00052083"", ""0.00051557"", ""0.00051178"", ""0.00051093"", ""0.00051052"", ""0.00051191"", ""0.00050282"", ""0.00050313"", ""0.00049947""]",trendwavelet,TrendWavelet,RootBlock,homogeneous,haar,eq_fcast,,3,0,False,
comprehensive_sweep_traffic,TW_10s_td3_bdeq_haar,trendwavelet_rb,['TrendWavelet'],Traffic-96,24,96,480,10,1,True,6,1516331167,27.311321,0.962812,0.014274,0.001018,nan,0.317015,0.490719,3459550,256,3678.46,36,False,False,ReLU,EARLY_STOPPED,0.00047399,0.00048447,0.00049689,15,1.022128,False,"[""0.00073749"", ""0.00056830"", ""0.00052270"", ""0.00050610"", ""0.00049935"", ""0.00049717"", ""0.00048707"", ""0.00048469"", ""0.00048779"", ""0.00047966"", ""0.00048328"", ""0.00049939"", ""0.00047803"", ""0.00048317"", ""0.00048154"", ""0.00047399"", ""0.00047824"", ""0.00047461"", ""0.00048674"", ""0.00048709"", ""0.00048464"", ""0.00048043"", ""0.00048077"", ""0.00048189"", ""0.00047578"", ""0.00047823"", ""0.00048271"", ""0.00048611"", ""0.00048346"", ""0.00047777"", ""0.00048722"", ""0.00047519"", ""0.00048043"", ""0.00049028"", ""0.00047539"", ""0.00048447""]",trendwavelet,TrendWavelet,RootBlock,homogeneous,haar,eq_fcast,,3,0,False,
comprehensive_sweep_traffic,TW_10s_td3_bdeq_haar,trendwavelet_rb,['TrendWavelet'],Traffic-96,24,96,480,10,1,True,5,89678341,28.659821,0.961370,0.014169,0.001020,nan,0.316273,0.495306,3459550,256,4679.55,46,False,False,ReLU,EARLY_STOPPED,0.00047586,0.00048456,0.00046749,25,1.018282,False,"[""0.00070484"", ""0.00055636"", ""0.00052171"", ""0.00050451"", ""0.00049587"", ""0.00049389"", ""0.00048889"", ""0.00048447"", ""0.00048314"", ""0.00048028"", ""0.00048426"", ""0.00048462"", ""0.00047837"", ""0.00047824"", ""0.00047717"", ""0.00047899"", ""0.00048549"", ""0.00049016"", ""0.00048012"", ""0.00048095"", ""0.00047654"", ""0.00047666"", ""0.00047733"", ""0.00048270"", ""0.00048157"", ""0.00047586"", ""0.00047608"", ""0.00047591"", ""0.00047668"", ""0.00047751"", ""0.00048076"", ""0.00048395"", ""0.00047665"", ""0.00048057"", ""0.00048412"", ""0.00047876"", ""0.00048308"", ""0.00048707"", ""0.00047743"", ""0.00047962"", ""0.00048059"", ""0.00047856"", ""0.00050819"", ""0.00049159"", ""0.00048131"", ""0.00048456""]",trendwavelet,TrendWavelet,RootBlock,homogeneous,haar,eq_fcast,,3,0,False,
comprehensive_sweep_traffic,TW_10s_td3_bdeq_haar,trendwavelet_rb,['TrendWavelet'],Traffic-96,24,96,480,10,1,True,7,1577495512,27.245258,0.955049,0.014155,0.001030,nan,0.314323,0.493475,3459550,256,4172.97,41,False,False,ReLU,EARLY_STOPPED,0.00047248,0.00048090,0.00047977,20,1.017818,False,"[""0.00067225"", ""0.00054209"", ""0.00051068"", ""0.00050133"", ""0.00049639"", ""0.00048935"", ""0.00048573"", ""0.00048393"", ""0.00048358"", ""0.00048100"", ""0.00047632"", ""0.00047667"", ""0.00047587"", ""0.00047649"", ""0.00047431"", ""0.00047617"", ""0.00047513"", ""0.00048555"", ""0.00048015"", ""0.00047540"", ""0.00047248"", ""0.00048455"", ""0.00048248"", ""0.00047491"", ""0.00047710"", ""0.00048445"", ""0.00048274"", ""0.00048061"", ""0.00049025"", ""0.00047855"", ""0.00047585"", ""0.00047748"", ""0.00047857"", ""0.00048319"", ""0.00047529"", ""0.00048102"", ""0.00048057"", ""0.00048069"", ""0.00047678"", ""0.00048213"", ""0.00048090""]",trendwavelet,TrendWavelet,RootBlock,homogeneous,haar,eq_fcast,,3,0,False,
comprehensive_sweep_traffic,TW_10s_td3_bdeq_haar,trendwavelet_rb,['TrendWavelet'],Traffic-96,24,96,480,10,1,True,9,1390370858,27.934391,0.962441,0.014226,0.001030,nan,0.316720,0.496372,3459550,256,3274.09,32,False,False,ReLU,EARLY_STOPPED,0.00047582,0.00049927,0.00057522,11,1.049268,False,"[""0.00063451"", ""0.00053422"", ""0.00050597"", ""0.00049408"", ""0.00049427"", ""0.00048425"", ""0.00048369"", ""0.00047900"", ""0.00047612"", ""0.00048554"", ""0.00048135"", ""0.00047582"", ""0.00048841"", ""0.00047979"", ""0.00183725"", ""0.00092066"", ""0.00069162"", ""0.00061757"", ""0.00058249"", ""0.00057135"", ""0.00054770"", ""0.00053961"", ""0.00053194"", ""0.00052621"", ""0.00052720"", ""0.00051714"", ""0.00051845"", ""0.00050911"", ""0.00050775"", ""0.00050454"", ""0.00050549"", ""0.00049927""]",trendwavelet,TrendWavelet,RootBlock,homogeneous,haar,eq_fcast,,3,0,False,
comprehensive_sweep_traffic,TW_10s_td3_bdeq_haar,trendwavelet_rb,['TrendWavelet'],Traffic-96,24,96,480,10,1,True,8,1281832083,27.571535,0.984700,0.014513,0.001043,nan,0.324076,0.504158,3459550,256,5004.86,48,False,False,ReLU,EARLY_STOPPED,0.00047102,0.00055293,0.00062689,27,1.173909,False,"[""0.00070975"", ""0.00055525"", ""0.00051885"", ""0.00050234"", ""0.00049615"", ""0.00049166"", ""0.00049893"", ""0.00048739"", ""0.00049275"", ""0.00048090"", ""0.00048963"", ""0.00048365"", ""0.00047996"", ""0.00048165"", ""0.00047714"", ""0.00048084"", ""0.00047765"", ""0.00050040"", ""0.00048038"", ""0.00048293"", ""0.00048447"", ""0.00048029"", ""0.00047981"", ""0.00047795"", ""0.00048635"", ""0.00047499"", ""0.00049264"", ""0.00047102"", ""0.00048142"", ""0.00047360"", ""0.00048521"", ""0.00048665"", ""0.00047819"", ""0.00048364"", ""0.00048075"", ""0.00047496"", ""0.00047158"", ""0.00048007"", ""0.00047665"", ""0.00047957"", ""0.00047658"", ""0.00094032"", ""0.00074230"", ""0.00064965"", ""0.00060408"", ""0.00057930"", ""0.00056326"", ""0.00055293""]",trendwavelet,TrendWavelet,RootBlock,homogeneous,haar,eq_fcast,,3,0,False,
comprehensive_sweep_traffic,TW_10s_td3_bd2eq_haar,trendwavelet_rb,['TrendWavelet'],Traffic-96,24,96,480,10,1,True,0,1275327677,26.321596,0.934035,0.013837,0.000993,nan,0.307822,0.479080,3960700,256,5022.41,49,False,False,ReLU,EARLY_STOPPED,0.00047277,0.00049486,0.00047794,28,1.046725,False,"[""0.00088924"", ""0.00060442"", ""0.00054872"", ""0.00054811"", ""0.00051000"", ""0.00050487"", ""0.00050819"", ""0.00049202"", ""0.00049917"", ""0.00054187"", ""0.00048532"", ""0.00048439"", ""0.00049021"", ""0.00048509"", ""0.00057444"", ""0.00048171"", ""0.00048932"", ""0.00048123"", ""0.00048512"", ""0.00049985"", ""0.00050253"", ""0.00047561"", ""0.00048005"", ""0.00047642"", ""0.00048255"", ""0.00048213"", ""0.00047547"", ""0.00047576"", ""0.00047277"", ""0.00049000"", ""0.00047351"", ""0.00047777"", ""0.00047509"", ""0.00047823"", ""0.00051661"", ""0.00047635"", ""0.00048139"", ""0.00047470"", ""0.00047713"", ""0.00048988"", ""0.00049349"", ""0.00047465"", ""0.00052975"", ""0.00047524"", ""0.00047634"", ""0.00047615"", ""0.00047647"", ""0.00048992"", ""0.00049486""]",trendwavelet,TrendWavelet,RootBlock,homogeneous,haar,2*eq_fcast,,3,0,False,
comprehensive_sweep_traffic,TW_10s_td3_bd2eq_haar,trendwavelet_rb,['TrendWavelet'],Traffic-96,24,96,480,10,1,True,1,2066892797,26.897303,0.966776,0.014286,0.001014,nan,0.318004,0.491480,3960700,256,5853.38,57,False,False,ReLU,EARLY_STOPPED,0.00047647,0.00048231,0.00045727,36,1.012267,False,"[""0.00081328"", ""0.00059029"", ""0.00053215"", ""0.00050815"", ""0.00056937"", ""0.00050832"", ""0.00070850"", ""0.00048780"", ""0.00049576"", ""0.00049462"", ""0.00048165"", ""0.00048180"", ""0.00049066"", ""0.00048469"", ""0.00048210"", ""0.00048041"", ""0.00048074"", ""0.00048182"", ""0.00048205"", ""0.00048626"", ""0.00048339"", ""0.00047853"", ""0.00048658"", ""0.00048212"", ""0.00052323"", ""0.00048130"", ""0.00050697"", ""0.00047995"", ""0.00069936"", ""0.00051063"", ""0.00048769"", ""0.00048188"", ""0.00050298"", ""0.00049636"", ""0.00048391"", ""0.00049276"", ""0.00047647"", ""0.00047867"", ""0.00047809"", ""0.00047658"", ""0.00047661"", ""0.00049213"", ""0.00047973"", ""0.00048070"", ""0.00047811"", ""0.00048154"", ""0.00048121"", ""0.00047654"", ""0.00048674"", ""0.00048676"", ""0.00047928"", ""0.00050166"", ""0.00048965"", ""0.00048765"", ""0.00049369"", ""0.00048593"", ""0.00048231""]",trendwavelet,TrendWavelet,RootBlock,homogeneous,haar,2*eq_fcast,,3,0,False,
comprehensive_sweep_traffic,TW_10s_td3_bd2eq_haar,trendwavelet_rb,['TrendWavelet'],Traffic-96,24,96,480,10,1,True,2,1508320186,26.244471,0.953334,0.014077,0.001022,nan,0.313754,0.496995,3960700,256,6959.77,66,False,False,ReLU,EARLY_STOPPED,0.00047378,0.00049306,0.00044929,45,1.040705,False,"[""0.00088206"", ""0.00060204"", ""0.00055629"", ""0.00052265"", ""0.00054077"", ""0.00051239"", ""0.00053481"", ""0.00049466"", ""0.00048928"", ""0.00051221"", ""0.00052430"", ""0.00048492"", ""0.00051036"", ""0.00048930"", ""0.00048912"", ""0.00049193"", ""0.00050414"", ""0.00048713"", ""0.00048088"", ""0.00047926"", ""0.00047708"", ""0.00048705"", ""0.00047861"", ""0.00047950"", ""0.00049848"", ""0.00048388"", ""0.00047509"", ""0.00047931"", ""0.00048190"", ""0.00048600"", ""0.00050630"", ""0.00048484"", ""0.00049194"", ""0.00047949"", ""0.00047704"", ""0.00047609"", ""0.00048807"", ""0.00048215"", ""0.00047464"", ""0.00048007"", ""0.00047687"", ""0.00047964"", ""0.00048121"", ""0.00048443"", ""0.00047619"", ""0.00047378"", ""0.00048613"", ""0.00047813"", ""0.00048497"", ""0.00047914"", ""0.00047871"", ""0.00048635"", ""0.00048638"", ""0.00049042"", ""0.00047864"", ""0.00047679"", ""0.00048029"", ""0.00047882"", ""0.00047427"", ""0.00047831"", ""0.00047647"", ""0.00048047"", ""0.00050779"", ""0.00050330"", ""0.00048789"", ""0.00049306""]",trendwavelet,TrendWavelet,RootBlock,homogeneous,haar,2*eq_fcast,,3,0,False,
comprehensive_sweep_traffic,TW_10s_td3_bd2eq_haar,trendwavelet_rb,['TrendWavelet'],Traffic-96,24,96,480,10,1,True,3,649479519,27.492476,0.985576,0.014524,0.001034,nan,0.324271,0.496919,3960700,256,4013.21,39,False,False,ReLU,EARLY_STOPPED,0.00047391,0.00052171,0.00060745,18,1.100850,False,"[""0.00083425"", ""0.00056674"", ""0.00052496"", ""0.00050547"", ""0.00049562"", ""0.00049067"", ""0.00051236"", ""0.00048937"", ""0.00048410"", ""0.00051046"", ""0.00047993"", ""0.00048538"", ""0.00049175"", ""0.00049320"", ""0.00047993"", ""0.00049129"", ""0.00048084"", ""0.00051983"", ""0.00047391"", ""0.00049716"", ""0.00048226"", ""0.00049364"", ""0.00048156"", ""0.00049843"", ""0.00050834"", ""0.00048868"", ""0.00162647"", ""0.00084946"", ""0.00068134"", ""0.00062320"", ""0.00059305"", ""0.00057022"", ""0.00055707"", ""0.00054420"", ""0.00054155"", ""0.00053334"", ""0.00052733"", ""0.00052792"", ""0.00052171""]",trendwavelet,TrendWavelet,RootBlock,homogeneous,haar,2*eq_fcast,,3,0,False,
comprehensive_sweep_traffic,TW_10s_td3_bd2eq_haar,trendwavelet_rb,['TrendWavelet'],Traffic-96,24,96,480,10,1,True,4,856465924,27.888287,1.026277,0.015018,0.001061,nan,0.337358,0.510832,3960700,256,3822.16,40,False,False,ReLU,EARLY_STOPPED,0.00047395,0.00051696,0.00059315,19,1.090754,False,"[""0.00074575"", ""0.00058165"", ""0.00051243"", ""0.00049893"", ""0.00049288"", ""0.00049181"", ""0.00048860"", ""0.00048238"", ""0.00052750"", ""0.00047789"", ""0.00050633"", ""0.00047615"", ""0.00053284"", ""0.00047822"", ""0.00048938"", ""0.00048370"", ""0.00047516"", ""0.00047423"", ""0.00047446"", ""0.00047395"", ""0.00050608"", ""0.00047780"", ""0.00049232"", ""0.00051934"", ""0.00047799"", ""0.00047483"", ""0.00120128"", ""0.00075092"", ""0.00065278"", ""0.00059068"", ""0.00056365"", ""0.00055403"", ""0.00053890"", ""0.00052874"", ""0.00052515"", ""0.00052240"", ""0.00051443"", ""0.00051211"", ""0.00050795"", ""0.00051696""]",trendwavelet,TrendWavelet,RootBlock,homogeneous,haar,2*eq_fcast,,3,0,False,
comprehensive_sweep_traffic,TW_10s_td3_bd2eq_haar,trendwavelet_rb,['TrendWavelet'],Traffic-96,24,96,480,10,1,True,5,2139750308,28.763735,0.987509,0.014682,0.001040,nan,0.324888,0.495281,3960700,256,3190.79,30,False,False,ReLU,EARLY_STOPPED,0.00048392,0.00048862,0.00054374,9,1.009711,False,"[""0.00086449"", ""0.00059845"", ""0.00053512"", ""0.00052291"", ""0.00052250"", ""0.00052622"", ""0.00051428"", ""0.00048892"", ""0.00048738"", ""0.00048392"", ""0.00184988"", ""0.00063246"", ""0.00055447"", ""0.00053092"", ""0.00051615"", ""0.00050697"", ""0.00050300"", ""0.00050077"", ""0.00049550"", ""0.00049115"", ""0.00049621"", ""0.00048824"", ""0.00048830"", ""0.00048559"", ""0.00048623"", ""0.00048564"", ""0.00048732"", ""0.00048410"", ""0.00049217"", ""0.00048862""]",trendwavelet,TrendWavelet,RootBlock,homogeneous,haar,2*eq_fcast,,3,0,False,
comprehensive_sweep_traffic,TW_10s_td3_bd2eq_haar,trendwavelet_rb,['TrendWavelet'],Traffic-96,24,96,480,10,1,True,6,1919242680,27.563557,0.995662,0.014721,0.001047,nan,0.327521,0.501546,3960700,256,3939.42,38,False,False,ReLU,EARLY_STOPPED,0.00047591,0.00050573,0.00058769,17,1.062655,False,"[""0.00092048"", ""0.00059398"", ""0.00053762"", ""0.00051237"", ""0.00051102"", ""0.00049589"", ""0.00050111"", ""0.00049257"", ""0.00049101"", ""0.00048676"", ""0.00050214"", ""0.00048065"", ""0.00047934"", ""0.00047916"", ""0.00047932"", ""0.00049623"", ""0.00048029"", ""0.00047591"", ""0.00048685"", ""0.00050181"", ""0.00047890"", ""0.00123972"", ""0.00084859"", ""0.00070556"", ""0.00063883"", ""0.00059735"", ""0.00057520"", ""0.00056035"", ""0.00055159"", ""0.00055038"", ""0.00054082"", ""0.00052918"", ""0.00052562"", ""0.00051831"", ""0.00051439"", ""0.00051518"", ""0.00052474"", ""0.00050573""]",trendwavelet,TrendWavelet,RootBlock,homogeneous,haar,2*eq_fcast,,3,0,False,
comprehensive_sweep_traffic,TW_10s_td3_bd2eq_haar,trendwavelet_rb,['TrendWavelet'],Traffic-96,24,96,480,10,1,True,7,1928390442,27.631607,0.979546,0.014435,0.001025,nan,0.322230,0.495280,3960700,256,4569.99,48,False,False,ReLU,EARLY_STOPPED,0.00047226,0.00050692,0.00057751,27,1.073394,False,"[""0.00084335"", ""0.00072400"", ""0.00053980"", ""0.00052186"", ""0.00052740"", ""0.00052092"", ""0.00061378"", ""0.00052976"", ""0.00048575"", ""0.00048586"", ""0.00049050"", ""0.00048535"", ""0.00048697"", ""0.00048188"", ""0.00048841"", ""0.00053633"", ""0.00051289"", ""0.00049810"", ""0.00049785"", ""0.00051139"", ""0.00058927"", ""0.00047572"", ""0.00047617"", ""0.00049192"", ""0.00048904"", ""0.00057297"", ""0.00048393"", ""0.00047226"", ""0.00124261"", ""0.00088561"", ""0.00068595"", ""0.00062230"", ""0.00060065"", ""0.00056697"", ""0.00055376"", ""0.00054947"", ""0.00053661"", ""0.00052736"", ""0.00052195"", ""0.00051402"", ""0.00051094"", ""0.00051186"", ""0.00050824"", ""0.00050419"", ""0.00050100"", ""0.00049749"", ""0.00051105"", ""0.00050692""]",trendwavelet,TrendWavelet,RootBlock,homogeneous,haar,2*eq_fcast,,3,0,False,
comprehensive_sweep_traffic,TW_10s_td3_bd2eq_haar,trendwavelet_rb,['TrendWavelet'],Traffic-96,24,96,480,10,1,True,9,933563648,27.859768,0.953956,0.014163,0.001020,nan,0.314249,0.491709,3960700,256,3513.13,34,False,False,ReLU,EARLY_STOPPED,0.00047570,0.00051382,0.00048715,13,1.080142,False,"[""0.00075760"", ""0.00057119"", ""0.00052634"", ""0.00051685"", ""0.00050564"", ""0.00050689"", ""0.00049361"", ""0.00050430"", ""0.00048091"", ""0.00048243"", ""0.00048656"", ""0.00047913"", ""0.00047936"", ""0.00047570"", ""0.00048316"", ""0.00047641"", ""0.00047636"", ""0.00049761"", ""0.00047597"", ""0.00048077"", ""0.00047896"", ""0.00050446"", ""0.00048320"", ""0.00049389"", ""0.00048296"", ""0.00048024"", ""0.00047756"", ""0.00050770"", ""0.00048905"", ""0.00047750"", ""0.00048100"", ""0.00048325"", ""0.00048276"", ""0.00051382""]",trendwavelet,TrendWavelet,RootBlock,homogeneous,haar,2*eq_fcast,,3,0,False,
