experiment,config_name,category,stack_types,period,frequency,forecast_length,backcast_length,n_stacks,n_blocks_per_stack,share_weights,run,seed,smape,mase,mae,mse,owa,norm_mae,norm_mse,n_params,t_width,training_time_seconds,epochs_trained,active_g,sum_losses,activation,stopping_reason,best_val_loss,final_val_loss,final_train_loss,best_epoch,loss_ratio,diverged,val_loss_curve,block_type_cfg,latent_dim_cfg,active_g_cfg
autoencoder_pure_m4,AE_10s_ld32_ag0,ae_pure_study,['AutoEncoder'],Yearly,1,6,30,10,1,True,0,42,13.826900,3.194410,841.595459,3238891.750000,0.824962,0.741504,1.951225,8310170,256,79.47,3,False,False,ReLU,EARLY_STOPPED,13.70897102,14.85349846,9.21575260,9,1.083487,False,"[""14.56832314"", ""13.81683731"", ""14.17263412"", ""14.90391350"", ""13.83909130"", ""14.33670902"", ""14.25039387"", ""13.97585964"", ""14.08935165"", ""13.70897102"", ""14.01061440"", ""14.05675411"", ""14.33286285"", ""14.13668728"", ""14.45163345"", ""14.37891293"", ""14.63533592"", ""14.35351753"", ""14.36522293"", ""14.75277615"", ""14.70313454"", ""14.59350681"", ""14.73568916"", ""14.86325550"", ""14.85349846""]",AutoEncoder,32,False
autoencoder_pure_m4,AE_10s_ld32_ag0,ae_pure_study,['AutoEncoder'],Yearly,1,6,30,10,1,True,1,43,13.787436,3.142589,835.588318,3218821.750000,0.817234,0.732119,1.910121,8310170,256,91.16,3,False,False,ReLU,EARLY_STOPPED,13.82221603,15.23602200,9.31807327,13,1.102285,False,"[""15.23736382"", ""14.57274628"", ""14.06629848"", ""13.95645237"", ""14.19692230"", ""14.41480160"", ""14.36222553"", ""14.31402493"", ""14.12260437"", ""14.19106007"", ""13.94201660"", ""13.98424625"", ""14.32104778"", ""13.82221603"", ""14.37095070"", ""14.28058243"", ""14.48486137"", ""14.14239407"", ""14.42198753"", ""14.73859692"", ""15.07441044"", ""14.81384945"", ""15.17928410"", ""14.96833706"", ""15.24993038"", ""15.30492401"", ""15.27775383"", ""15.24179363"", ""15.23602200""]",AutoEncoder,32,False
autoencoder_pure_m4,AE_10s_ld32_ag0,ae_pure_study,['AutoEncoder'],Yearly,1,6,30,10,1,True,2,44,13.935712,3.299716,849.322083,3210774.000000,0.841540,0.749667,1.921099,8310170,256,76.74,3,False,False,ReLU,EARLY_STOPPED,13.62566853,14.78120136,9.71025658,8,1.084806,False,"[""75.78124237"", ""15.99072838"", ""13.92704105"", ""15.19213486"", ""14.23766994"", ""13.89195156"", ""13.84949589"", ""14.23722458"", ""13.62566853"", ""14.12964153"", ""14.73114395"", ""14.37655258"", ""13.70480824"", ""13.78443050"", ""14.04070759"", ""14.26953506"", ""14.06274700"", ""14.38657570"", ""14.22970104"", ""14.33250237"", ""14.31227589"", ""14.76802444"", ""14.64965057"", ""14.78120136""]",AutoEncoder,32,False
autoencoder_pure_m4,AE_10s_ld32_ag0,ae_pure_study,['AutoEncoder'],Yearly,1,6,30,10,1,True,3,45,13.621956,3.153640,824.870361,3135193.750000,0.813562,0.739286,1.928620,8310170,256,76.06,3,False,False,ReLU,EARLY_STOPPED,13.80935192,14.69720554,10.22469616,8,1.064294,False,"[""14.23003101"", ""14.37666607"", ""14.03650379"", ""13.82543087"", ""14.38864517"", ""14.40411949"", ""14.55366802"", ""14.17291451"", ""13.80935192"", ""14.84737682"", ""14.28800392"", ""14.10621357"", ""13.84758186"", ""14.17115307"", ""14.32402039"", ""14.61850166"", ""14.01075172"", ""14.21940231"", ""14.22953224"", ""14.53521156"", ""14.58987617"", ""14.67725945"", ""14.61610031"", ""14.69720554""]",AutoEncoder,32,False
autoencoder_pure_m4,AE_10s_ld32_ag0,ae_pure_study,['AutoEncoder'],Yearly,1,6,30,10,1,True,4,46,13.688930,3.164923,831.122559,3167584.000000,0.817030,0.723536,1.889488,8310170,256,75.77,3,False,False,ReLU,EARLY_STOPPED,13.66904259,15.01034927,10.16891575,7,1.098127,False,"[""16.08781433"", ""14.40571594"", ""13.94536114"", ""14.16600037"", ""14.09656143"", ""14.07751656"", ""13.83382225"", ""13.66904259"", ""14.31185055"", ""14.21749020"", ""13.73472786"", ""13.77108955"", ""14.53010750"", ""14.70223141"", ""14.09765720"", ""14.80333424"", ""14.37383270"", ""14.74815941"", ""14.65801811"", ""14.59509754"", ""14.69676113"", ""14.78742218"", ""15.01034927""]",AutoEncoder,32,False
autoencoder_pure_m4,AE_10s_ld32_ag0,ae_pure_study,['AutoEncoder'],Yearly,1,6,30,10,1,True,5,47,13.862507,3.290175,846.973694,3260954.500000,0.838100,0.744172,1.905101,8310170,256,66.87,3,False,False,ReLU,EARLY_STOPPED,13.71146202,14.43816853,11.09425449,5,1.053000,False,"[""14.94727993"", ""14.96990204"", ""15.20160198"", ""14.45472431"", ""13.79741287"", ""13.71146202"", ""14.49779510"", ""14.62131882"", ""13.89537048"", ""13.76847267"", ""13.86934471"", ""14.67581272"", ""14.27660370"", ""14.72442245"", ""14.14552879"", ""14.27411938"", ""14.76004982"", ""14.17247868"", ""14.40220070"", ""14.52339363"", ""14.43816853""]",AutoEncoder,32,False
autoencoder_pure_m4,AE_10s_ld32_ag0,ae_pure_study,['AutoEncoder'],Yearly,1,6,30,10,1,True,6,48,13.436909,3.091901,817.054626,3096622.000000,0.800132,0.720617,1.886409,8310170,256,67.73,3,False,False,ReLU,EARLY_STOPPED,13.73551655,14.62803078,10.23476124,5,1.064979,False,"[""18.74099350"", ""14.03080845"", ""14.35038853"", ""14.48991585"", ""13.89659882"", ""13.73551655"", ""13.93451214"", ""14.02877045"", ""14.43191147"", ""14.28972054"", ""14.01826763"", ""14.42264557"", ""14.03282738"", ""14.06350136"", ""13.99704647"", ""14.16009235"", ""14.27426624"", ""14.40797043"", ""14.39291477"", ""14.59020424"", ""14.62803078""]",AutoEncoder,32,False
autoencoder_pure_m4,AE_10s_ld32_ag0,ae_pure_study,['AutoEncoder'],Yearly,1,6,30,10,1,True,7,49,13.391346,3.063962,814.057190,3120045.000000,0.795223,0.716606,1.887649,8310170,256,68.88,3,False,False,ReLU,EARLY_STOPPED,13.62910175,14.64391136,9.60239315,5,1.074459,False,"[""45.23522568"", ""44.66167450"", ""44.25247574"", ""14.60992908"", ""14.30378151"", ""13.62910175"", ""13.88095760"", ""13.73865891"", ""14.83156681"", ""14.83321095"", ""14.10342026"", ""15.21525383"", ""14.13446903"", ""14.46949291"", ""14.36027622"", ""14.05975437"", ""14.20250034"", ""14.19210911"", ""14.30122280"", ""14.71562386"", ""14.64391136""]",AutoEncoder,32,False
autoencoder_pure_m4,AE_10s_ld32_ag0,ae_pure_study,['AutoEncoder'],Yearly,1,6,30,10,1,True,8,50,13.652340,3.193481,834.622314,3189366.750000,0.819504,0.729787,1.879234,8310170,256,70.71,3,False,False,ReLU,EARLY_STOPPED,13.49458694,14.63725567,10.14207745,6,1.084676,False,"[""15.78435421"", ""13.75079250"", ""15.64829063"", ""14.09584618"", ""13.70766258"", ""14.31621838"", ""13.49458694"", ""13.79217911"", ""14.93735313"", ""13.96145535"", ""15.03418350"", ""13.95940113"", ""14.04028511"", ""13.88811302"", ""14.20456696"", ""14.27930737"", ""14.63500500"", ""14.45299149"", ""14.38436413"", ""14.76124859"", ""14.66863441"", ""14.63725567""]",AutoEncoder,32,False
autoencoder_pure_m4,AE_10s_ld32_ag0,ae_pure_study,['AutoEncoder'],Yearly,1,6,30,10,1,True,9,51,13.342589,3.050741,815.343201,3159860.000000,0.792068,0.710548,1.854644,8310170,256,59.80,2,False,False,ReLU,EARLY_STOPPED,13.66277981,14.59414673,10.50125980,3,1.068168,False,"[""15.40147972"", ""14.12823009"", ""14.07783318"", ""13.66277981"", ""13.75176048"", ""13.77339554"", ""14.87918091"", ""13.77242279"", ""14.07445621"", ""13.90394306"", ""13.69901943"", ""13.69202995"", ""14.33461571"", ""14.42703533"", ""14.43243980"", ""14.65439034"", ""14.49235058"", ""14.43870640"", ""14.59414673""]",AutoEncoder,32,False
autoencoder_pure_m4,AE_10s_ld32_ag1,ae_pure_study,['AutoEncoder'],Yearly,1,6,30,10,1,True,0,42,13.596182,3.148918,831.510803,3177943.750000,0.812179,0.723277,1.867029,8310170,256,71.65,3,True,False,ReLU,EARLY_STOPPED,13.71551228,14.37327003,11.34410381,6,1.047957,False,"[""14.57907200"", ""14.22419548"", ""14.97581387"", ""15.01397038"", ""15.09273624"", ""14.64951801"", ""13.71551228"", ""14.00860500"", ""13.89283466"", ""13.94629383"", ""14.61628914"", ""14.10488605"", ""14.60511112"", ""15.00828552"", ""14.15475655"", ""14.52341080"", ""14.21636677"", ""14.28659058"", ""14.51565647"", ""14.65116692"", ""14.58693886"", ""14.37327003""]",AutoEncoder,32,True
autoencoder_pure_m4,AE_10s_ld32_ag1,ae_pure_study,['AutoEncoder'],Yearly,1,6,30,10,1,True,1,43,13.561323,3.091997,822.917664,3124202.250000,0.803951,0.717331,1.872917,8310170,256,78.82,3,True,False,ReLU,EARLY_STOPPED,13.95708942,14.68726730,10.23000908,8,1.052316,False,"[""14.85627842"", ""14.20087337"", ""14.00362110"", ""15.46262741"", ""14.13359642"", ""14.32984638"", ""15.08576488"", ""16.52246666"", ""13.95708942"", ""14.91980553"", ""14.74161434"", ""14.10694313"", ""14.07193184"", ""14.27592564"", ""14.12221622"", ""14.19912624"", ""14.51115513"", ""14.43739986"", ""14.37362766"", ""14.62342644"", ""14.50210190"", ""14.46254063"", ""14.50808716"", ""14.68726730""]",AutoEncoder,32,True
autoencoder_pure_m4,AE_10s_ld32_ag1,ae_pure_study,['AutoEncoder'],Yearly,1,6,30,10,1,True,2,44,13.697711,3.182147,835.736267,3176247.000000,0.819466,0.732270,1.886966,8310170,256,72.01,3,True,False,ReLU,EARLY_STOPPED,13.96221828,14.92967129,11.04704666,6,1.069291,False,"[""14.92681503"", ""16.24361801"", ""15.42762661"", ""14.16404915"", ""15.81200504"", ""14.81784916"", ""13.96221828"", ""14.71501541"", ""14.18955135"", ""14.23004436"", ""14.30854988"", ""14.07606697"", ""14.30203438"", ""15.23649883"", ""14.41446877"", ""14.17881680"", ""14.28881550"", ""14.68207741"", ""14.42752552"", ""14.34579182"", ""14.81408405"", ""14.92967129""]",AutoEncoder,32,True
autoencoder_pure_m4,AE_10s_ld32_ag1,ae_pure_study,['AutoEncoder'],Yearly,1,6,30,10,1,True,3,45,13.584036,3.160497,830.428406,3147924.500000,0.813264,0.726966,1.881768,8310170,256,65.14,2,True,False,ReLU,EARLY_STOPPED,13.87882614,14.78915882,11.07459927,4,1.065591,False,"[""14.34964085"", ""14.16983986"", ""14.21054363"", ""14.68839931"", ""13.87882614"", ""13.94324684"", ""15.10149574"", ""14.18560314"", ""14.05377007"", ""15.41297722"", ""14.77342701"", ""14.14000034"", ""14.27759933"", ""14.74294567"", ""14.59943199"", ""14.18392563"", ""14.40087318"", ""14.42253017"", ""14.52093792"", ""14.78915882""]",AutoEncoder,32,True
autoencoder_pure_m4,AE_10s_ld32_ag1,ae_pure_study,['AutoEncoder'],Yearly,1,6,30,10,1,True,4,46,13.651366,3.184489,836.748962,3200300.500000,0.818343,0.731684,1.878487,8310170,256,68.34,2,True,False,ReLU,EARLY_STOPPED,13.86370373,14.89058971,11.56029034,4,1.074070,False,"[""19.15270424"", ""14.66821575"", ""14.87679577"", ""14.15859890"", ""13.86370373"", ""15.06133652"", ""14.16262245"", ""14.93736267"", ""15.23376942"", ""14.24525833"", ""14.08186913"", ""14.06123638"", ""14.36145115"", ""14.39311028"", ""14.25960064"", ""14.08555698"", ""14.61985207"", ""15.01410484"", ""14.64141750"", ""14.89058971""]",AutoEncoder,32,True
autoencoder_pure_m4,AE_10s_ld32_ag1,ae_pure_study,['AutoEncoder'],Yearly,1,6,30,10,1,True,5,47,13.533534,3.119678,831.384583,3217050.250000,0.806583,0.719728,1.866796,8310170,256,62.95,2,True,False,ReLU,EARLY_STOPPED,13.77553082,14.69229889,11.37421608,3,1.066550,False,"[""15.31744862"", ""15.07219315"", ""14.67587376"", ""13.77553082"", ""14.83867359"", ""15.38204384"", ""14.37046909"", ""14.84598732"", ""15.01540089"", ""14.23358440"", ""14.18511391"", ""14.37412643"", ""14.78110886"", ""14.35446739"", ""14.34507656"", ""15.15321732"", ""14.72897816"", ""14.80056286"", ""14.69229889""]",AutoEncoder,32,True
autoencoder_pure_m4,AE_10s_ld32_ag1,ae_pure_study,['AutoEncoder'],Yearly,1,6,30,10,1,True,6,48,13.640149,3.121903,828.633362,3138588.000000,0.810125,0.725072,1.910031,8310170,256,81.10,3,True,False,ReLU,EARLY_STOPPED,14.00766945,14.74026203,10.22205544,9,1.052299,False,"[""15.11723900"", ""15.17299175"", ""14.04896450"", ""15.29009914"", ""14.12907314"", ""14.44672298"", ""14.30457306"", ""15.13703632"", ""15.90450859"", ""14.00766945"", ""14.43252277"", ""14.66993237"", ""14.27153397"", ""14.53703403"", ""14.19977283"", ""14.59679794"", ""14.56724167"", ""14.67166424"", ""14.23591328"", ""14.67229748"", ""14.78059483"", ""14.66589355"", ""14.65070629"", ""14.63042259"", ""14.74026203""]",AutoEncoder,32,True
autoencoder_pure_m4,AE_10s_ld32_ag1,ae_pure_study,['AutoEncoder'],Yearly,1,6,30,10,1,True,7,49,13.966825,3.321014,858.124390,3232174.250000,0.845172,0.750684,1.906583,8310170,256,65.09,2,True,False,ReLU,EARLY_STOPPED,13.93206787,14.82269001,10.27981472,4,1.063926,False,"[""18.47237015"", ""14.47878361"", ""15.06747246"", ""15.50202274"", ""13.93206787"", ""14.20655346"", ""16.78835106"", ""14.24744129"", ""14.05897999"", ""14.01542377"", ""14.14435482"", ""14.22280693"", ""14.30856514"", ""14.30724430"", ""14.12232113"", ""14.42413044"", ""14.73413086"", ""14.41448212"", ""14.52982712"", ""14.82269001""]",AutoEncoder,32,True
autoencoder_pure_m4,AE_10s_ld32_ag1,ae_pure_study,['AutoEncoder'],Yearly,1,6,30,10,1,True,9,51,13.791113,3.225093,849.502686,3275466.500000,0.827727,0.739145,1.886056,8310170,256,55.52,2,True,False,ReLU,EARLY_STOPPED,13.72843170,14.61179733,11.20413589,1,1.064346,False,"[""14.33773232"", ""13.72843170"", ""14.01044941"", ""14.36608028"", ""14.34131241"", ""14.27946377"", ""14.17389774"", ""15.01868439"", ""13.84595108"", ""14.38240910"", ""14.09868622"", ""14.51604748"", ""14.11796856"", ""14.64582062"", ""14.56025696"", ""14.71761799"", ""14.61179733""]",AutoEncoder,32,True
autoencoder_pure_m4,AE_10s_ld32_ag1,ae_pure_study,['AutoEncoder'],Yearly,1,6,30,10,1,True,8,50,13.993685,3.332989,858.359741,3252136.500000,0.847500,0.755389,1.924180,8310170,256,68.34,3,True,False,ReLU,EARLY_STOPPED,13.75485325,14.53588963,10.41751385,5,1.056783,False,"[""14.40226460"", ""15.61690617"", ""15.20198631"", ""15.10615253"", ""14.57315922"", ""13.75485325"", ""14.12633038"", ""14.29872131"", ""13.90743732"", ""14.29802036"", ""15.04439259"", ""14.40830326"", ""14.15630150"", ""14.45832920"", ""14.34212494"", ""14.32717133"", ""14.72345257"", ""14.71040916"", ""14.63009644"", ""14.68289661"", ""14.53588963""]",AutoEncoder,32,True
autoencoder_pure_m4,AAE_10s_ld32_ag0,ae_pure_study,['AutoEncoderAE'],Yearly,1,6,30,10,1,True,1,43,13.552867,3.122247,837.051086,3296997.000000,0.807498,0.722235,1.872462,2248680,256,55.49,2,False,False,ReLU,EARLY_STOPPED,13.63517952,14.14354324,11.41698837,1,1.037283,False,"[""14.44850922"", ""13.63517952"", ""14.66739368"", ""14.33926868"", ""14.15188026"", ""14.25900173"", ""14.22274876"", ""14.49241257"", ""13.90250397"", ""13.81571198"", ""14.00044155"", ""14.00392246"", ""14.33970356"", ""14.15272713"", ""14.30997944"", ""14.49934006"", ""14.14354324""]",AutoEncoderAE,32,False
autoencoder_pure_m4,AAE_10s_ld32_ag0,ae_pure_study,['AutoEncoderAE'],Yearly,1,6,30,10,1,True,0,42,13.808520,3.151558,840.589233,3271756.750000,0.819008,0.734766,1.927302,2248680,256,98.88,4,False,False,ReLU,EARLY_STOPPED,13.90547848,14.68815994,9.48686218,15,1.056286,False,"[""44.88749695"", ""43.87567139"", ""43.72249222"", ""43.87707138"", ""43.85009384"", ""43.87010956"", ""14.09826660"", ""13.92576313"", ""15.47098255"", ""14.36438847"", ""14.68639374"", ""13.90764523"", ""14.46167755"", ""14.35682487"", ""14.22465897"", ""13.90547848"", ""15.18969154"", ""14.42461967"", ""14.29071712"", ""14.58937740"", ""14.33440495"", ""14.32926083"", ""14.43469715"", ""14.26209259"", ""14.65471840"", ""14.47889709"", ""14.66870403"", ""14.77074623"", ""14.88685703"", ""14.93202877"", ""14.68815994""]",AutoEncoderAE,32,False
autoencoder_pure_m4,AAE_10s_ld32_ag0,ae_pure_study,['AutoEncoderAE'],Yearly,1,6,30,10,1,True,2,44,13.597698,3.123122,829.619385,3179754.000000,0.808980,0.725887,1.896533,2248680,256,78.82,3,False,False,ReLU,EARLY_STOPPED,13.77740097,14.52339935,11.18618965,9,1.054147,False,"[""14.45172310"", ""14.99559498"", ""14.52427673"", ""14.83645630"", ""14.27938843"", ""14.23237896"", ""14.91538334"", ""13.92957878"", ""13.90468025"", ""13.77740097"", ""13.96068382"", ""14.32909107"", ""13.99771786"", ""14.81115246"", ""14.40081501"", ""14.05704784"", ""14.27054310"", ""14.25493336"", ""14.43880939"", ""14.39689922"", ""14.61934662"", ""14.49098682"", ""14.45348644"", ""14.48938751"", ""14.52339935""]",AutoEncoderAE,32,False
autoencoder_pure_m4,AAE_10s_ld32_ag0,ae_pure_study,['AutoEncoderAE'],Yearly,1,6,30,10,1,True,3,45,13.649392,3.174179,834.059387,3220010.750000,0.816985,0.732214,1.888341,2248680,256,69.42,3,False,False,ReLU,EARLY_STOPPED,13.95520115,14.72764397,11.10516453,6,1.055352,False,"[""15.66839409"", ""15.20587540"", ""14.49246883"", ""14.72345638"", ""14.21519566"", ""14.62735367"", ""13.95520115"", ""14.32105160"", ""14.07914448"", ""14.76726627"", ""14.87340641"", ""14.03851128"", ""14.32106018"", ""14.12141705"", ""14.44364643"", ""14.28372955"", ""14.33751106"", ""14.78629208"", ""14.66693211"", ""14.55813980"", ""14.58735561"", ""14.72764397""]",AutoEncoderAE,32,False
autoencoder_pure_m4,AAE_10s_ld32_ag0,ae_pure_study,['AutoEncoderAE'],Yearly,1,6,30,10,1,True,4,46,13.589001,3.136890,828.110962,3169001.750000,0.810446,0.722426,1.849847,2248680,256,72.66,3,False,False,ReLU,EARLY_STOPPED,13.72252274,14.67969036,11.11885929,7,1.069752,False,"[""45.07728958"", ""44.51043320"", ""13.91417122"", ""13.85490227"", ""13.87497711"", ""13.81692696"", ""13.87061596"", ""13.72252274"", ""13.82246494"", ""13.93877602"", ""14.74052811"", ""14.07599354"", ""14.54824352"", ""13.72348404"", ""14.33425140"", ""13.95931625"", ""14.31607437"", ""14.80565739"", ""14.54795551"", ""14.46247387"", ""14.81002617"", ""14.65401649"", ""14.67969036""]",AutoEncoderAE,32,False
autoencoder_pure_m4,AAE_10s_ld32_ag0,ae_pure_study,['AutoEncoderAE'],Yearly,1,6,30,10,1,True,5,47,13.575591,3.158152,830.737854,3210092.250000,0.812711,0.729396,1.891701,2248680,256,69.41,3,False,False,ReLU,EARLY_STOPPED,13.71389294,14.52735710,11.06504345,6,1.059317,False,"[""49.81945801"", ""46.47987366"", ""46.41917801"", ""13.93873501"", ""13.87481213"", ""15.13352489"", ""13.71389294"", ""14.00304508"", ""13.94970131"", ""14.10880470"", ""14.26476383"", ""14.31113815"", ""14.43843746"", ""14.34123325"", ""14.30764103"", ""14.59177208"", ""14.49681568"", ""14.62562275"", ""14.39080524"", ""14.55167294"", ""14.25902748"", ""14.52735710""]",AutoEncoderAE,32,False
autoencoder_pure_m4,AAE_10s_ld32_ag0,ae_pure_study,['AutoEncoderAE'],Yearly,1,6,30,10,1,True,6,48,13.961967,3.335426,849.426697,3172252.500000,0.846837,0.750577,1.928028,2248680,256,70.71,3,False,False,ReLU,EARLY_STOPPED,13.88678265,14.72238827,10.36215878,6,1.060173,False,"[""50.46683884"", ""46.03595734"", ""45.54782867"", ""46.46136856"", ""45.47930527"", ""15.25582600"", ""13.88678265"", ""15.28701210"", ""14.04137135"", ""14.47298622"", ""14.19652081"", ""13.95758438"", ""14.74427128"", ""14.13470650"", ""14.01633739"", ""14.13927841"", ""14.40452671"", ""14.48931122"", ""14.34401798"", ""14.57314014"", ""14.62689495"", ""14.72238827""]",AutoEncoderAE,32,False
autoencoder_pure_m4,AAE_10s_ld32_ag0,ae_pure_study,['AutoEncoderAE'],Yearly,1,6,30,10,1,True,7,49,13.809289,3.221044,845.194092,3243275.250000,0.827774,0.731964,1.862446,2248680,256,73.47,3,False,False,ReLU,EARLY_STOPPED,13.80517960,14.56773663,10.38477612,7,1.055237,False,"[""17.93201447"", ""14.11194038"", ""14.06326199"", ""15.36647320"", ""14.12567902"", ""13.90769958"", ""14.66014957"", ""13.80517960"", ""14.95109558"", ""14.18534470"", ""14.10375500"", ""14.65914536"", ""14.38233566"", ""13.98681355"", ""14.35114288"", ""14.10967255"", ""14.61506748"", ""14.20465088"", ""14.26208973"", ""14.53297806"", ""14.64765739"", ""14.63864231"", ""14.56773663""]",AutoEncoderAE,32,False
autoencoder_pure_m4,AAE_10s_ld32_ag0,ae_pure_study,['AutoEncoderAE'],Yearly,1,6,30,10,1,True,8,50,13.818290,3.230481,853.107483,3341498.000000,0.829237,0.737836,1.882750,2248680,256,57.10,2,False,False,ReLU,EARLY_STOPPED,13.83489037,14.40911579,10.57681942,2,1.041506,False,"[""14.95170212"", ""16.01063728"", ""13.83489037"", ""14.12894154"", ""15.24406815"", ""13.92245674"", ""14.31976604"", ""14.08989525"", ""14.30865765"", ""14.50584793"", ""14.09136677"", ""14.15810776"", ""14.32166290"", ""14.87676334"", ""14.59220219"", ""14.40870476"", ""14.37346649"", ""14.40911579""]",AutoEncoderAE,32,False
autoencoder_pure_m4,AAE_10s_ld32_ag0,ae_pure_study,['AutoEncoderAE'],Yearly,1,6,30,10,1,True,9,51,13.336041,3.029808,816.663086,3186811.500000,0.789234,0.705268,1.824067,2248680,256,69.44,3,False,False,ReLU,EARLY_STOPPED,13.73365784,14.53429604,10.55886745,6,1.058298,False,"[""15.22089958"", ""15.04420376"", ""14.70944977"", ""14.55925274"", ""14.72041893"", ""14.42651367"", ""13.73365784"", ""14.20071030"", ""13.95855427"", ""13.87337875"", ""14.40369606"", ""14.72183800"", ""14.50403690"", ""14.26217651"", ""13.96361256"", ""14.40068054"", ""14.80211639"", ""14.27559090"", ""14.47711563"", ""14.78022289"", ""14.38301373"", ""14.53429604""]",AutoEncoderAE,32,False
autoencoder_pure_m4,AAE_10s_ld32_ag1,ae_pure_study,['AutoEncoderAE'],Yearly,1,6,30,10,1,True,0,42,13.471306,3.099349,823.146851,3176664.250000,0.802122,0.720231,1.864722,2248680,256,67.68,3,True,False,ReLU,EARLY_STOPPED,13.76501465,14.28668594,12.12432861,5,1.037898,False,"[""15.80774593"", ""15.05251789"", ""15.22870350"", ""15.34613323"", ""13.79627991"", ""13.76501465"", ""13.89557838"", ""14.33983421"", ""14.20097542"", ""13.89903927"", ""13.92610645"", ""13.93587494"", ""14.11541462"", ""14.41857243"", ""14.19756889"", ""14.03179073"", ""14.03980446"", ""14.06701183"", ""14.39971066"", ""14.09797382"", ""14.28668594""]",AutoEncoderAE,32,True
autoencoder_pure_m4,AAE_10s_ld32_ag1,ae_pure_study,['AutoEncoderAE'],Yearly,1,6,30,10,1,True,1,43,13.624202,3.140008,832.090088,3203371.750000,0.811915,0.727556,1.906372,2248680,256,60.98,2,True,False,ReLU,EARLY_STOPPED,13.83976269,14.32731628,12.10801029,3,1.035228,False,"[""14.33797646"", ""14.58590889"", ""17.10683632"", ""13.83976269"", ""14.03143501"", ""15.66901588"", ""13.86923885"", ""13.89220238"", ""14.87874413"", ""14.01885223"", ""14.02062607"", ""14.06529617"", ""14.14765739"", ""13.95030880"", ""14.28439140"", ""14.28515053"", ""14.13206768"", ""14.29554653"", ""14.32731628""]",AutoEncoderAE,32,True
autoencoder_pure_m4,AAE_10s_ld32_ag1,ae_pure_study,['AutoEncoderAE'],Yearly,1,6,30,10,1,True,2,44,13.780041,3.222245,844.306335,3262318.000000,0.827030,0.738341,1.894564,2248680,256,61.64,2,True,False,ReLU,EARLY_STOPPED,13.77652740,14.06127453,11.96765709,3,1.020669,False,"[""16.53051567"", ""14.26035213"", ""13.86745071"", ""13.77652740"", ""13.99345684"", ""13.98561096"", ""16.33754349"", ""13.87224579"", ""13.78106117"", ""15.94257927"", ""14.19308281"", ""13.84567833"", ""14.65989017"", ""14.01231098"", ""14.13873005"", ""14.02250004"", ""14.31631374"", ""14.01587200"", ""14.06127453""]",AutoEncoderAE,32,True
autoencoder_pure_m4,AAE_10s_ld32_ag1,ae_pure_study,['AutoEncoderAE'],Yearly,1,6,30,10,1,True,3,45,13.562487,3.097268,824.048096,3148436.750000,0.804649,0.718707,1.874707,2248680,256,87.83,3,True,False,ReLU,EARLY_STOPPED,13.90526104,14.25887871,12.03067207,11,1.025430,False,"[""16.21218109"", ""14.11349583"", ""14.72866535"", ""15.53223610"", ""14.39563274"", ""14.60233021"", ""14.81235981"", ""13.91355324"", ""13.93448067"", ""14.31903934"", ""14.03646374"", ""13.90526104"", ""13.91633987"", ""13.98282909"", ""14.16933250"", ""15.05262756"", ""14.28923130"", ""14.13371563"", ""14.63858986"", ""14.32732868"", ""14.27790451"", ""14.10308456"", ""14.40390205"", ""14.51045799"", ""14.39824581"", ""14.22844410"", ""14.25887871""]",AutoEncoderAE,32,True
autoencoder_pure_m4,AAE_10s_ld32_ag1,ae_pure_study,['AutoEncoderAE'],Yearly,1,6,30,10,1,True,4,46,13.530749,3.124257,831.347839,3211149.000000,0.807074,0.719852,1.863832,2248680,256,65.71,2,True,False,ReLU,EARLY_STOPPED,13.78482437,14.48900032,12.08742523,4,1.051083,False,"[""18.04555321"", ""19.81547165"", ""14.52514172"", ""14.28738689"", ""13.78482437"", ""14.66367531"", ""14.87173462"", ""14.22474861"", ""14.64695835"", ""13.82209206"", ""13.91908169"", ""14.21248341"", ""14.71435833"", ""14.47929096"", ""14.27216434"", ""14.04141045"", ""14.02949905"", ""14.46694946"", ""14.43419170"", ""14.48900032""]",AutoEncoderAE,32,True
autoencoder_pure_m4,AAE_10s_ld32_ag1,ae_pure_study,['AutoEncoderAE'],Yearly,1,6,30,10,1,True,5,47,13.673782,3.148027,830.366028,3159092.750000,0.814441,0.726552,1.884255,2248680,256,86.36,3,True,False,ReLU,EARLY_STOPPED,13.81779194,14.24749279,10.89310837,11,1.031098,False,"[""15.37827206"", ""15.87160587"", ""14.60161114"", ""14.89112759"", ""15.57501125"", ""14.11160374"", ""14.45369530"", ""14.84733105"", ""16.16585159"", ""15.05597687"", ""14.74767494"", ""13.81779194"", ""14.46771908"", ""14.15877819"", ""14.29186440"", ""14.50785732"", ""14.25123501"", ""14.07866192"", ""14.34572124"", ""14.36488056"", ""14.25817776"", ""14.29083443"", ""14.17550659"", ""14.26607037"", ""14.41296768"", ""14.41320610"", ""14.24749279""]",AutoEncoderAE,32,True
autoencoder_pure_m4,AAE_10s_ld32_ag1,ae_pure_study,['AutoEncoderAE'],Yearly,1,6,30,10,1,True,6,48,13.634950,3.156260,832.019104,3163387.000000,0.814289,0.727239,1.875035,2248680,256,73.93,3,True,False,ReLU,EARLY_STOPPED,13.77139091,14.32549572,11.23100948,7,1.040236,False,"[""17.83565140"", ""14.07752705"", ""14.09916973"", ""16.90123749"", ""13.80025387"", ""13.90899754"", ""15.48119545"", ""13.77139091"", ""13.91298008"", ""14.00877476"", ""14.44555950"", ""14.17857742"", ""13.88595676"", ""13.95465851"", ""14.41113758"", ""14.16562653"", ""14.71040916"", ""14.19991016"", ""14.30456161"", ""14.20602989"", ""14.34565735"", ""14.44918633"", ""14.32549572""]",AutoEncoderAE,32,True
autoencoder_pure_m4,AAE_10s_ld32_ag1,ae_pure_study,['AutoEncoderAE'],Yearly,1,6,30,10,1,True,7,49,13.915817,3.305994,857.596619,3257868.750000,0.841722,0.748755,1.922580,2248680,256,64.61,2,True,False,ReLU,EARLY_STOPPED,13.93352604,14.35342979,11.32032204,4,1.030136,False,"[""17.57592201"", ""14.05478001"", ""14.05302811"", ""15.78167152"", ""13.93352604"", ""14.16296577"", ""15.88524437"", ""14.29590321"", ""15.33873940"", ""14.17270088"", ""14.29971600"", ""13.97847939"", ""14.33804893"", ""14.41159821"", ""14.06295204"", ""14.34510040"", ""14.25113010"", ""14.25791264"", ""14.20478439"", ""14.35342979""]",AutoEncoderAE,32,True
autoencoder_pure_m4,AAE_10s_ld32_ag1,ae_pure_study,['AutoEncoderAE'],Yearly,1,6,30,10,1,True,8,50,13.705407,3.119196,829.898071,3211484.750000,0.811781,0.733336,1.996937,2248680,256,116.44,4,True,False,ReLU,EARLY_STOPPED,14.00900555,14.48299313,11.48219967,20,1.033834,False,"[""15.38976765"", ""16.04233360"", ""14.85744476"", ""14.93031120"", ""15.46437645"", ""14.35102844"", ""14.78765869"", ""14.68105698"", ""14.27137756"", ""14.40182590"", ""14.98644161"", ""14.18689537"", ""14.12479115"", ""14.76329041"", ""14.96256161"", ""14.21492672"", ""14.10917664"", ""14.30860233"", ""14.29864311"", ""14.21790218"", ""14.00900555"", ""14.22037506"", ""14.19893169"", ""14.53866291"", ""14.02641201"", ""14.20086384"", ""14.40297413"", ""14.10661697"", ""14.35998058"", ""14.36790943"", ""14.43972301"", ""14.31799030"", ""14.60262108"", ""14.45839119"", ""14.49260902"", ""14.48299313""]",AutoEncoderAE,32,True
autoencoder_pure_m4,AAE_10s_ld32_ag1,ae_pure_study,['AutoEncoderAE'],Yearly,1,6,30,10,1,True,9,51,13.690903,3.182372,837.104065,3193181.750000,0.819286,0.723861,1.854731,2248680,256,75.15,3,True,False,ReLU,EARLY_STOPPED,13.71821308,14.30974007,11.71805763,7,1.043120,False,"[""14.51845741"", ""14.54261398"", ""16.90119362"", ""14.11609268"", ""14.21051598"", ""14.03568077"", ""14.40326595"", ""13.71821308"", ""14.78019333"", ""14.08501339"", ""14.96030045"", ""14.55704308"", ""13.98455715"", ""14.41376209"", ""14.72701740"", ""14.20936775"", ""14.73886108"", ""14.36741829"", ""14.22665119"", ""14.22287655"", ""14.17220020"", ""14.48544121"", ""14.30974007""]",AutoEncoderAE,32,True
autoencoder_pure_m4,AELG_10s_ld16_ag0,ae_pure_study,['AutoEncoderAELG'],Yearly,1,6,30,10,1,True,0,42,13.611005,3.139899,831.764832,3246252.750000,0.811498,0.726554,1.867945,1920840,256,69.19,3,False,False,ReLU,EARLY_STOPPED,13.65979099,14.46308136,10.20431328,5,1.058807,False,"[""14.71145248"", ""14.73580742"", ""14.48774910"", ""15.08885574"", ""13.83413029"", ""13.65979099"", ""14.17929745"", ""13.92599010"", ""13.92665768"", ""14.72188950"", ""13.88438034"", ""14.20067406"", ""14.22207355"", ""13.79744339"", ""14.16642380"", ""14.46995354"", ""14.10087872"", ""14.25264549"", ""14.19216824"", ""14.48696423"", ""14.46308136""]",AutoEncoderAELG,16,False
autoencoder_pure_m4,AELG_10s_ld16_ag0,ae_pure_study,['AutoEncoderAELG'],Yearly,1,6,30,10,1,True,1,43,13.365184,3.059634,818.449646,3232383.500000,0.793878,0.716282,1.885091,1920840,256,61.93,2,False,False,ReLU,EARLY_STOPPED,13.82682037,14.29373360,11.48430920,3,1.033769,False,"[""14.58217621"", ""15.20913219"", ""15.15626335"", ""13.82682037"", ""13.93994427"", ""14.41236019"", ""14.37823486"", ""13.95603085"", ""14.20859623"", ""13.99741459"", ""13.99506664"", ""14.27375507"", ""14.31857300"", ""14.33860970"", ""14.23724079"", ""14.40944290"", ""14.30558109"", ""14.31089783"", ""14.29373360""]",AutoEncoderAELG,16,False
autoencoder_pure_m4,AELG_10s_ld16_ag0,ae_pure_study,['AutoEncoderAELG'],Yearly,1,6,30,10,1,True,2,44,13.783945,3.236308,838.476685,3179837.000000,0.828919,0.737807,1.885691,1920840,256,78.13,3,False,False,ReLU,EARLY_STOPPED,13.79727745,14.49728775,11.21448135,8,1.050735,False,"[""14.08044338"", ""13.96105862"", ""14.05467415"", ""13.90248680"", ""15.52244473"", ""16.20495605"", ""14.06573677"", ""14.53348255"", ""13.79727745"", ""14.26883984"", ""14.53667545"", ""14.22640896"", ""14.05961800"", ""14.02394867"", ""14.41752625"", ""14.01755428"", ""14.04494572"", ""14.76298523"", ""14.27033520"", ""14.17875290"", ""14.34830189"", ""14.40069962"", ""14.47155285"", ""14.49728775""]",AutoEncoderAELG,16,False
autoencoder_pure_m4,AELG_10s_ld16_ag0,ae_pure_study,['AutoEncoderAELG'],Yearly,1,6,30,10,1,True,3,45,13.660824,3.184296,834.567749,3233227.000000,0.818608,0.732173,1.884323,1920840,256,74.66,3,False,False,ReLU,EARLY_STOPPED,13.71045494,14.39070415,11.05026627,7,1.049615,False,"[""14.32344723"", ""15.74631405"", ""15.25032330"", ""15.57807159"", ""13.76670933"", ""13.72907066"", ""14.92930889"", ""13.71045494"", ""13.78411865"", ""16.34826851"", ""14.54732990"", ""13.98907852"", ""14.15544033"", ""14.38867950"", ""14.32168579"", ""13.98072433"", ""14.14189911"", ""14.55461788"", ""14.66536713"", ""14.82842922"", ""14.43868351"", ""14.65525723"", ""14.39070415""]",AutoEncoderAELG,16,False
autoencoder_pure_m4,AELG_10s_ld16_ag0,ae_pure_study,['AutoEncoderAELG'],Yearly,1,6,30,10,1,True,5,47,13.552527,3.124085,823.199768,3137150.500000,0.807719,0.722313,1.866073,1920840,256,68.36,3,False,False,ReLU,EARLY_STOPPED,13.82997036,14.63279247,11.04222775,5,1.058049,False,"[""48.70674896"", ""15.24108601"", ""14.06276608"", ""14.08520508"", ""15.19034195"", ""13.82997036"", ""14.11419296"", ""13.92510891"", ""13.90145206"", ""14.20339680"", ""14.38874149"", ""14.13298225"", ""14.34495354"", ""14.50312138"", ""14.62650776"", ""14.28582478"", ""14.38735962"", ""14.80644798"", ""14.50148392"", ""14.56603146"", ""14.63279247""]",AutoEncoderAELG,16,False
autoencoder_pure_m4,AELG_10s_ld16_ag0,ae_pure_study,['AutoEncoderAELG'],Yearly,1,6,30,10,1,True,6,48,13.853465,3.241193,847.638306,3276242.000000,0.831661,0.737925,1.864817,1920840,256,68.67,3,False,False,ReLU,EARLY_STOPPED,13.87538719,14.47435284,11.97826099,5,1.043167,False,"[""14.78492928"", ""15.03717518"", ""14.78844261"", ""14.27296829"", ""14.26172543"", ""13.87538719"", ""14.32927990"", ""14.31745148"", ""14.06946754"", ""14.13013172"", ""14.04462337"", ""14.21119881"", ""14.29106617"", ""14.08711910"", ""14.15828228"", ""14.59069252"", ""13.89506149"", ""14.45116615"", ""14.42111588"", ""14.35119820"", ""14.47435284""]",AutoEncoderAELG,16,False
autoencoder_pure_m4,AELG_10s_ld16_ag0,ae_pure_study,['AutoEncoderAELG'],Yearly,1,6,30,10,1,True,7,49,13.744548,3.218914,834.058228,3152188.000000,0.825525,0.736737,1.888366,1920840,256,91.05,3,False,False,ReLU,EARLY_STOPPED,13.77130032,14.53332520,10.46448326,12,1.055334,False,"[""45.98978424"", ""44.77178574"", ""44.52276993"", ""44.63369751"", ""44.56299210"", ""44.78325272"", ""44.46160126"", ""45.13825607"", ""16.79175758"", ""14.13276386"", ""14.11642647"", ""14.71069145"", ""13.77130032"", ""14.07566738"", ""14.54649734"", ""14.61528683"", ""14.18581104"", ""14.31139851"", ""14.07391167"", ""14.40152550"", ""14.39019012"", ""14.22473526"", ""14.34561825"", ""14.32866669"", ""14.34892845"", ""14.54218864"", ""14.54018307"", ""14.53332520""]",AutoEncoderAELG,16,False
autoencoder_pure_m4,AELG_10s_ld16_ag0,ae_pure_study,['AutoEncoderAELG'],Yearly,1,6,30,10,1,True,8,50,13.595070,3.135365,829.229004,3209856.500000,0.810440,0.724970,1.886807,1920840,256,68.70,3,False,False,ReLU,EARLY_STOPPED,13.65825176,14.09882736,11.62205505,5,1.032257,False,"[""14.69775772"", ""14.43182564"", ""14.08958435"", ""15.22386646"", ""14.75960159"", ""13.65825176"", ""14.16213703"", ""15.01688862"", ""13.85006905"", ""13.92011929"", ""14.06167793"", ""14.38119125"", ""13.94722462"", ""13.95441341"", ""14.27793312"", ""14.10360909"", ""14.20697021"", ""14.27838326"", ""14.05835438"", ""14.12466335"", ""14.09882736""]",AutoEncoderAELG,16,False
autoencoder_pure_m4,AELG_10s_ld16_ag0,ae_pure_study,['AutoEncoderAELG'],Yearly,1,6,30,10,1,True,9,51,13.634686,3.185792,827.338562,3147680.250000,0.817996,0.728846,1.860614,1920840,256,109.60,3,False,False,ReLU,EARLY_STOPPED,13.66436958,14.13936806,12.15245533,6,1.034762,False,"[""77.90055847"", ""77.78275299"", ""77.78445435"", ""45.74809647"", ""45.36272430"", ""46.17687607"", ""13.66436958"", ""14.62196922"", ""14.41009331"", ""14.18114281"", ""14.95571613"", ""13.93952274"", ""14.01651859"", ""13.90376949"", ""14.21836567"", ""14.00951672"", ""14.55247116"", ""14.20864105"", ""14.04707241"", ""14.31247330"", ""14.44452763"", ""14.13936806""]",AutoEncoderAELG,16,False
autoencoder_pure_m4,AELG_10s_ld16_ag1,ae_pure_study,['AutoEncoderAELG'],Yearly,1,6,30,10,1,True,0,42,13.718334,3.167627,842.309204,3286582.500000,0.818270,0.726325,1.862582,1920840,256,156.16,2,True,False,ReLU,EARLY_STOPPED,13.67521858,14.22541046,11.71741390,4,1.040233,False,"[""14.33047295"", ""13.77379799"", ""13.77837753"", ""13.81634903"", ""13.67521858"", ""13.79189110"", ""13.73091030"", ""13.75875568"", ""14.20206642"", ""13.85796452"", ""14.45155048"", ""14.40167809"", ""13.91824818"", ""14.57521057"", ""14.06203270"", ""14.44049835"", ""14.19389629"", ""13.97476196"", ""14.07302475"", ""14.22541046""]",AutoEncoderAELG,16,True
autoencoder_pure_m4,AELG_10s_ld16_ag1,ae_pure_study,['AutoEncoderAELG'],Yearly,1,6,30,10,1,True,1,43,13.745844,3.211251,839.965454,3189101.250000,0.824601,0.735512,1.884891,1920840,256,277.20,3,True,False,ReLU,EARLY_STOPPED,13.79662132,14.27898216,12.05708313,10,1.034962,False,"[""18.71167374"", ""15.87231350"", ""17.59386063"", ""15.52536678"", ""17.09350777"", ""15.53221989"", ""14.88671017"", ""13.90348339"", ""14.25660324"", ""14.11570549"", ""13.79662132"", ""13.89520741"", ""15.63000298"", ""14.01914406"", ""13.92726517"", ""14.24712753"", ""13.99116707"", ""14.19120216"", ""14.48264122"", ""14.38812637"", ""14.15157890"", ""14.29278374"", ""14.55450153"", ""14.21356964"", ""14.33658123"", ""14.27898216""]",AutoEncoderAELG,16,True
autoencoder_pure_m4,AELG_10s_ld16_ag1,ae_pure_study,['AutoEncoderAELG'],Yearly,1,6,30,10,1,True,2,44,13.510625,3.108137,822.702820,3139811.250000,0.804430,0.721218,1.876629,1920840,256,250.61,3,True,False,ReLU,EARLY_STOPPED,13.78441811,14.28989029,12.50974560,7,1.036670,False,"[""14.50083733"", ""15.24231529"", ""15.30115128"", ""15.01752949"", ""14.42606354"", ""14.50122833"", ""15.01553154"", ""13.78441811"", ""13.97874165"", ""14.01737595"", ""13.80162811"", ""14.23020077"", ""13.90512657"", ""13.83439255"", ""14.67171478"", ""14.32168484"", ""14.32959557"", ""14.13863277"", ""14.20783138"", ""14.44003773"", ""14.29787922"", ""14.14152050"", ""14.28989029""]",AutoEncoderAELG,16,True
autoencoder_pure_m4,AELG_10s_ld16_ag1,ae_pure_study,['AutoEncoderAELG'],Yearly,1,6,30,10,1,True,4,46,13.351336,3.023733,813.675598,3167822.250000,0.788937,0.711801,1.864909,1920840,256,162.13,3,True,False,ReLU,EARLY_STOPPED,13.76369953,14.22664261,12.05846691,7,1.033635,False,"[""16.61469078"", ""14.04060173"", ""14.15490532"", ""16.37417412"", ""13.92549038"", ""15.12454319"", ""13.98759747"", ""13.76369953"", ""13.85117435"", ""13.88114357"", ""14.61660862"", ""14.57992077"", ""14.25859737"", ""13.98723602"", ""14.09886932"", ""14.13552570"", ""14.14246082"", ""14.19254112"", ""14.06177998"", ""14.09366703"", ""14.38363075"", ""14.09792519"", ""14.22664261""]",AutoEncoderAELG,16,True
autoencoder_pure_m4,AELG_10s_ld16_ag1,ae_pure_study,['AutoEncoderAELG'],Yearly,1,6,30,10,1,True,5,47,13.717916,3.172668,833.856445,3179753.250000,0.818892,0.729333,1.874832,1920840,256,194.92,3,True,False,ReLU,EARLY_STOPPED,13.83750534,14.39452457,11.45954323,12,1.040254,False,"[""14.08477592"", ""13.93510914"", ""14.32126236"", ""14.75612259"", ""14.16119576"", ""14.18891716"", ""14.35103512"", ""13.97775650"", ""14.27398109"", ""14.44901085"", ""13.86148262"", ""14.40119553"", ""13.83750534"", ""14.56729984"", ""13.84391975"", ""14.04889011"", ""14.24599743"", ""14.27330208"", ""14.35254765"", ""14.24451542"", ""14.21535873"", ""14.19037342"", ""14.24172020"", ""14.28963280"", ""14.23333931"", ""14.25993633"", ""14.41217518"", ""14.39452457""]",AutoEncoderAELG,16,True
autoencoder_pure_m4,AELG_10s_ld16_ag1,ae_pure_study,['AutoEncoderAELG'],Yearly,1,6,30,10,1,True,6,48,13.882748,3.289395,847.115723,3191201.500000,0.838621,0.745987,1.902310,1920840,256,173.80,3,True,False,ReLU,EARLY_STOPPED,13.88221836,14.23887348,12.17385101,9,1.025692,False,"[""15.42976093"", ""15.52402687"", ""14.81631088"", ""15.06535435"", ""14.99398327"", ""14.14876080"", ""14.64481640"", ""14.66269302"", ""14.32836819"", ""13.88221836"", ""13.95722675"", ""13.97871304"", ""14.09092426"", ""14.10969543"", ""14.14218521"", ""13.97311687"", ""14.13420963"", ""14.32480145"", ""13.97627449"", ""14.08650589"", ""14.26241589"", ""14.32888699"", ""14.09916401"", ""14.18013763"", ""14.23887348""]",AutoEncoderAELG,16,True
autoencoder_pure_m4,AELG_10s_ld16_ag1,ae_pure_study,['AutoEncoderAELG'],Yearly,1,6,30,10,1,True,7,49,13.811604,3.213331,835.783142,3140165.500000,0.826874,0.739689,1.911386,1920840,256,86.82,3,True,False,ReLU,EARLY_STOPPED,13.87668228,14.24387646,11.22947884,12,1.026461,False,"[""15.50723362"", ""15.31552410"", ""14.78000641"", ""14.65719318"", ""15.12267113"", ""14.61160469"", ""14.58492088"", ""15.19937611"", ""14.76869011"", ""14.41311550"", ""14.35979366"", ""14.51315880"", ""13.87668228"", ""14.28300858"", ""14.71701813"", ""13.96790314"", ""14.47173595"", ""13.97257328"", ""14.51723480"", ""14.41715527"", ""14.01741123"", ""14.11977959"", ""14.14744949"", ""14.16796494"", ""14.38255405"", ""14.30038166"", ""14.20386314"", ""14.24387646""]",AutoEncoderAELG,16,True
autoencoder_pure_m4,AELG_10s_ld16_ag1,ae_pure_study,['AutoEncoderAELG'],Yearly,1,6,30,10,1,True,8,50,13.717394,3.219591,841.467346,3203017.750000,0.824779,0.732065,1.864317,1920840,256,60.35,2,True,False,ReLU,EARLY_STOPPED,13.65874958,14.12092781,12.43701458,4,1.033838,False,"[""14.23202610"", ""13.98129845"", ""13.78669930"", ""13.94468212"", ""13.65874958"", ""13.96685314"", ""14.24285221"", ""13.87244129"", ""13.80624199"", ""14.10331154"", ""14.12319565"", ""14.17969704"", ""14.08737755"", ""14.20015526"", ""14.39698410"", ""14.37375164"", ""14.31997108"", ""14.20668221"", ""14.31828022"", ""14.12092781""]",AutoEncoderAELG,16,True
autoencoder_pure_m4,AELG_10s_ld16_ag1,ae_pure_study,['AutoEncoderAELG'],Yearly,1,6,30,10,1,True,9,51,13.701754,3.201598,835.140991,3159512.500000,0.822037,0.730104,1.886323,1920840,256,437.89,3,True,False,ReLU,EARLY_STOPPED,13.74081421,14.26465607,11.98629570,5,1.038123,False,"[""14.49906158"", ""14.33776188"", ""14.37753296"", ""14.09092903"", ""13.83414364"", ""13.74081421"", ""13.89817524"", ""13.93349743"", ""14.38811779"", ""15.30519199"", ""14.00343609"", ""14.00488567"", ""14.14557457"", ""14.67091179"", ""13.87859821"", ""13.87877750"", ""14.34918213"", ""14.14379215"", ""14.14291668"", ""14.04507732"", ""14.26465607""]",AutoEncoderAELG,16,True
autoencoder_pure_m4,AELG_10s_ld16_ag0,ae_pure_study,['AutoEncoderAELG'],Yearly,1,6,30,10,1,True,4,46,45.041203,8.395432,1788.745972,13490342.000000,2.434376,1.774386,15.318236,1920840,256,63.80,2,False,False,ReLU,EARLY_STOPPED,45.29219437,45.87420273,43.02783203,4,1.012850,False,"[""47.58072662"", ""45.57409668"", ""45.68013000"", ""46.89524841"", ""45.29219437"", ""45.47636795"", ""45.64860153"", ""45.67488480"", ""45.42596054"", ""45.85593414"", ""45.62616348"", ""45.63943100"", ""45.90245819"", ""45.71262360"", ""45.71523285"", ""45.81084061"", ""45.96389771"", ""46.06642914"", ""45.97550964"", ""45.87420273""]",AutoEncoderAELG,16,False
autoencoder_pure_m4,AELG_10s_ld16_ag1,ae_pure_study,['AutoEncoderAELG'],Yearly,1,6,30,10,1,True,3,45,13.525311,3.119933,822.512024,3143573.000000,0.806364,0.723551,1.888950,1920840,256,84.45,3,True,False,ReLU,EARLY_STOPPED,13.77540493,14.17430305,11.70287704,9,1.028957,False,"[""14.59305286"", ""14.66946983"", ""14.74794865"", ""14.28302574"", ""14.37846851"", ""16.11093140"", ""14.18754864"", ""14.62326622"", ""14.32186413"", ""13.77540493"", ""13.83318710"", ""13.97587776"", ""13.94875240"", ""13.85389519"", ""14.10136318"", ""13.91425037"", ""14.07936573"", ""14.14321327"", ""14.20492935"", ""14.40440750"", ""14.07396317"", ""14.03940201"", ""14.03795910"", ""14.23204231"", ""14.17430305""]",AutoEncoderAELG,16,True
autoencoder_pure_m4,AE_10s_ld32_ag0,ae_pure_study,['AutoEncoder'],Quarterly,4,8,40,10,1,True,0,42,10.511648,1.239950,582.467163,1816383.500000,0.929488,0.479806,0.639997,8422930,256,133.51,4,False,False,ReLU,EARLY_STOPPED,10.71725750,11.04279995,10.38111115,20,1.030376,False,"[""12.19874859"", ""11.26267624"", ""11.37347698"", ""11.06691170"", ""11.09597301"", ""11.12331009"", ""10.88715458"", ""10.83216190"", ""10.90779305"", ""10.82927036"", ""10.89113235"", ""10.91162872"", ""10.90873241"", ""10.87007999"", ""10.78157425"", ""10.71993446"", ""10.78909874"", ""10.90500450"", ""10.76729965"", ""10.81952095"", ""10.71725750"", ""10.82070541"", ""10.74278355"", ""10.80004215"", ""10.78992748"", ""10.92940903"", ""10.96078682"", ""10.98306370"", ""10.92999458"", ""10.93499851"", ""11.04790115"", ""11.03678417"", ""10.97458744"", ""11.00914860"", ""11.03093243"", ""11.04279995""]",AutoEncoder,32,False
autoencoder_pure_m4,AE_10s_ld32_ag0,ae_pure_study,['AutoEncoder'],Quarterly,4,8,40,10,1,True,1,43,10.325325,1.214271,571.669189,1805448.875000,0.911663,0.471937,0.627453,8422930,256,98.34,3,False,False,ReLU,EARLY_STOPPED,10.60896492,10.98093796,9.91893864,13,1.035062,False,"[""15.14395046"", ""11.54314232"", ""11.69527912"", ""11.20227623"", ""10.92273426"", ""11.54841518"", ""11.46883202"", ""11.25638771"", ""11.14727879"", ""10.87726116"", ""10.71625614"", ""10.93961716"", ""10.88591099"", ""10.60896492"", ""10.90411091"", ""11.00662613"", ""10.73475266"", ""10.78312206"", ""10.87435722"", ""10.84154701"", ""10.79239750"", ""10.91377449"", ""10.94646358"", ""10.97309113"", ""11.01359463"", ""10.91581345"", ""11.05512905"", ""11.08347225"", ""10.98093796""]",AutoEncoder,32,False
autoencoder_pure_m4,AE_10s_ld32_ag0,ae_pure_study,['AutoEncoder'],Quarterly,4,8,40,10,1,True,3,45,10.380843,1.212344,574.526855,1799070.000000,0.913481,0.474046,0.626619,8422930,256,90.87,3,False,False,ReLU,EARLY_STOPPED,10.72158527,11.00349236,10.01126003,11,1.026293,False,"[""11.76249218"", ""11.68040466"", ""11.15940189"", ""11.18908882"", ""10.78365612"", ""11.12177181"", ""11.18483829"", ""10.76974201"", ""10.72415447"", ""10.94371128"", ""10.83061981"", ""10.72158527"", ""10.80321789"", ""10.92700100"", ""10.85713482"", ""10.77069569"", ""10.73084259"", ""10.82352257"", ""10.79649544"", ""10.77469158"", ""11.02452374"", ""10.90181732"", ""10.92398453"", ""10.91587067"", ""10.95930767"", ""10.94051075"", ""11.00349236""]",AutoEncoder,32,False
autoencoder_pure_m4,AE_10s_ld32_ag0,ae_pure_study,['AutoEncoder'],Quarterly,4,8,40,10,1,True,2,44,10.346087,1.219822,574.701599,1796923.000000,0.914630,0.471015,0.608142,8422930,256,108.29,3,False,False,ReLU,EARLY_STOPPED,10.69891548,10.88913822,9.87270069,11,1.017780,False,"[""11.50552845"", ""11.49320412"", ""12.05796719"", ""11.60651207"", ""11.76441574"", ""11.02378750"", ""10.80234528"", ""10.80884075"", ""10.99852848"", ""11.33153820"", ""10.79597569"", ""10.69891548"", ""10.78622437"", ""10.88121128"", ""10.93674755"", ""10.90216351"", ""10.80018139"", ""10.74654007"", ""10.89664078"", ""10.85152721"", ""10.78155518"", ""10.81354618"", ""10.78056717"", ""10.94601917"", ""10.91083527"", ""10.81354618"", ""10.88913822""]",AutoEncoder,32,False
autoencoder_pure_m4,AE_10s_ld32_ag0,ae_pure_study,['AutoEncoder'],Quarterly,4,8,40,10,1,True,4,46,10.387212,1.220127,574.844604,1814209.000000,0.916608,0.472462,0.617042,8422930,256,96.89,3,False,False,ReLU,EARLY_STOPPED,10.69603348,10.99563789,9.89027214,13,1.028011,False,"[""12.75404549"", ""12.20353127"", ""12.05344296"", ""11.17910767"", ""11.70659924"", ""11.25434875"", ""11.40573788"", ""10.86399555"", ""11.03852844"", ""10.92515087"", ""10.94856167"", ""11.20680237"", ""10.80111885"", ""10.69603348"", ""10.76747036"", ""11.02922821"", ""10.70821381"", ""10.77759361"", ""10.82120705"", ""10.80708027"", ""10.92827225"", ""10.88771725"", ""10.85882187"", ""10.93219185"", ""10.85936069"", ""10.86011696"", ""10.90294361"", ""11.03545475"", ""10.99563789""]",AutoEncoder,32,False
autoencoder_pure_m4,AE_10s_ld32_ag0,ae_pure_study,['AutoEncoder'],Quarterly,4,8,40,10,1,True,5,47,10.556632,1.278352,581.162109,1806540.125000,0.945535,0.498202,0.670015,8422930,256,103.81,3,False,False,ReLU,EARLY_STOPPED,10.64965343,11.15573311,9.75728703,10,1.047521,False,"[""13.02646446"", ""15.02264309"", ""11.17867851"", ""11.02320480"", ""11.67232323"", ""11.20542336"", ""11.11458492"", ""11.24781990"", ""10.88700390"", ""10.95868015"", ""10.64965343"", ""10.99089336"", ""10.85294342"", ""10.72141171"", ""10.90424728"", ""10.83559513"", ""10.87310314"", ""10.95953655"", ""10.88111496"", ""10.84962082"", ""10.92930698"", ""10.83479404"", ""10.98469639"", ""10.99373722"", ""10.96407986"", ""11.15573311""]",AutoEncoder,32,False
autoencoder_pure_m4,AE_10s_ld32_ag0,ae_pure_study,['AutoEncoder'],Quarterly,4,8,40,10,1,True,6,48,10.370035,1.229337,576.405396,1785466.500000,0.919188,0.474818,0.617511,8422930,256,85.14,3,False,False,ReLU,EARLY_STOPPED,10.77554703,10.93207264,10.11524487,10,1.014526,False,"[""15.52648163"", ""11.87575817"", ""10.97342682"", ""11.16733360"", ""11.16603374"", ""11.35643387"", ""11.01533222"", ""10.80283356"", ""11.23543262"", ""10.86477280"", ""10.77554703"", ""10.80268002"", ""10.85719299"", ""10.80202770"", ""10.82307434"", ""10.82548332"", ""10.94565010"", ""10.82191753"", ""10.82683086"", ""10.80989361"", ""10.84503365"", ""10.88197422"", ""11.02202225"", ""10.95016956"", ""10.95281601"", ""10.93207264""]",AutoEncoder,32,False
autoencoder_pure_m4,AE_10s_ld32_ag0,ae_pure_study,['AutoEncoder'],Quarterly,4,8,40,10,1,True,7,49,10.422731,1.218834,577.919067,1823539.375000,0.917750,0.472780,0.626202,8422930,256,142.29,4,False,False,ReLU,EARLY_STOPPED,10.74297428,11.19643116,9.11528492,20,1.042210,False,"[""36.30721283"", ""12.51710701"", ""11.25512886"", ""11.30719185"", ""11.04268265"", ""11.13648415"", ""11.10359287"", ""10.89086437"", ""10.86447430"", ""10.95579052"", ""10.96376038"", ""10.77812099"", ""10.88776016"", ""10.78526211"", ""10.78169250"", ""10.74625683"", ""10.83320332"", ""10.81453419"", ""10.80255890"", ""10.82781410"", ""10.74297428"", ""10.78655243"", ""10.91416168"", ""10.83823395"", ""10.80144215"", ""11.00901318"", ""10.93518639"", ""11.04030895"", ""11.31104851"", ""11.13611603"", ""11.32376385"", ""11.13774872"", ""11.13930607"", ""11.23838711"", ""11.17376518"", ""11.19643116""]",AutoEncoder,32,False
autoencoder_pure_m4,AE_10s_ld32_ag0,ae_pure_study,['AutoEncoder'],Quarterly,4,8,40,10,1,True,8,50,10.510836,1.235856,582.280029,1847279.625000,0.927958,0.483690,0.645453,8422930,256,177.81,4,False,False,ReLU,EARLY_STOPPED,10.74608994,11.02874851,9.90395355,24,1.026303,False,"[""12.32323265"", ""11.72612286"", ""11.24868584"", ""11.17062378"", ""11.36102104"", ""11.13920689"", ""10.99865723"", ""11.13748741"", ""11.72943783"", ""10.91462517"", ""10.96961498"", ""11.02390671"", ""10.86759758"", ""10.94207573"", ""11.04798698"", ""10.83322716"", ""10.93737793"", ""10.84577179"", ""10.78724957"", ""10.81692219"", ""10.79000282"", ""10.74740505"", ""10.76968098"", ""10.76320362"", ""10.74608994"", ""10.93212605"", ""10.76398563"", ""10.88152790"", ""10.83707714"", ""10.91747284"", ""10.95729256"", ""10.95619488"", ""10.98413277"", ""10.97860432"", ""10.98947906"", ""10.98750114"", ""11.03456402"", ""10.99106884"", ""10.99248028"", ""11.02874851""]",AutoEncoder,32,False
autoencoder_pure_m4,AE_10s_ld32_ag0,ae_pure_study,['AutoEncoder'],Quarterly,4,8,40,10,1,True,9,51,10.470720,1.251241,582.260315,1813831.125000,0.931747,0.478903,0.625279,8422930,256,196.22,3,False,False,ReLU,EARLY_STOPPED,10.62703514,10.99771309,9.81573200,14,1.034881,False,"[""11.47097301"", ""11.39368057"", ""11.26048851"", ""11.19522762"", ""11.24766541"", ""11.24714279"", ""10.96741962"", ""10.74412155"", ""10.83534145"", ""11.56521130"", ""10.80831623"", ""10.69443321"", ""10.73004150"", ""10.88522625"", ""10.62703514"", ""10.77154350"", ""10.90325451"", ""10.62894630"", ""10.64461231"", ""10.78713894"", ""10.79631138"", ""10.75705814"", ""10.75501347"", ""10.82897568"", ""10.75262070"", ""10.91577244"", ""10.93865585"", ""10.91673756"", ""10.91267872"", ""10.99771309""]",AutoEncoder,32,False
autoencoder_pure_m4,AE_10s_ld32_ag1,ae_pure_study,['AutoEncoder'],Quarterly,4,8,40,10,1,True,0,42,10.432715,1.234946,576.312317,1785248.250000,0.924079,0.478999,0.627711,8422930,256,157.18,3,True,False,ReLU,EARLY_STOPPED,10.86486530,11.02154541,10.38469315,12,1.014421,False,"[""11.93318462"", ""12.04586887"", ""11.84038258"", ""11.17757320"", ""11.53863811"", ""11.83922386"", ""11.63540745"", ""11.02119923"", ""11.67943001"", ""11.06643486"", ""11.09698296"", ""11.05012989"", ""10.86486530"", ""11.02329254"", ""11.15478230"", ""10.99662018"", ""11.09972763"", ""11.14461613"", ""10.95128250"", ""10.96711349"", ""11.01450348"", ""10.99635983"", ""10.97148800"", ""10.93481255"", ""10.95179081"", ""10.91766930"", ""11.15677643"", ""11.02154541""]",AutoEncoder,32,True
autoencoder_pure_m4,AE_10s_ld32_ag1,ae_pure_study,['AutoEncoder'],Quarterly,4,8,40,10,1,True,2,44,10.689767,1.279839,592.423279,1840839.875000,0.952123,0.493032,0.649834,8422930,256,207.83,4,True,False,ReLU,EARLY_STOPPED,10.83565521,11.24341106,9.79701519,19,1.037631,False,"[""12.29757690"", ""12.04791641"", ""11.76054573"", ""11.72796249"", ""11.82428265"", ""11.65349865"", ""10.98988247"", ""11.43822670"", ""11.11404514"", ""11.11428356"", ""10.96185303"", ""11.57492828"", ""11.72991180"", ""11.16337776"", ""10.84074974"", ""10.98975086"", ""10.95444298"", ""11.44049835"", ""10.83844280"", ""10.83565521"", ""11.18363571"", ""11.06581211"", ""10.90242863"", ""10.96205044"", ""11.05214214"", ""11.00106239"", ""10.98372173"", ""10.95417023"", ""11.06911850"", ""10.99995995"", ""11.07965374"", ""11.17886543"", ""11.13114357"", ""11.16084862"", ""11.24341106""]",AutoEncoder,32,True
autoencoder_pure_m4,AE_10s_ld32_ag1,ae_pure_study,['AutoEncoder'],Quarterly,4,8,40,10,1,True,1,43,10.494213,1.245423,583.656921,1827457.875000,0.930692,0.481243,0.641558,8422930,256,214.61,4,True,False,ReLU,EARLY_STOPPED,10.80740261,11.04360962,10.38048744,17,1.021856,False,"[""12.02985573"", ""11.49423218"", ""11.46207905"", ""11.42802620"", ""11.32223988"", ""11.77706528"", ""11.24967957"", ""11.51879692"", ""11.85320950"", ""11.15455818"", ""11.54458714"", ""10.95985413"", ""11.06477833"", ""11.44108868"", ""11.09480953"", ""10.93067837"", ""10.92371082"", ""10.80740261"", ""10.92191601"", ""11.16285896"", ""11.00247765"", ""11.06421089"", ""11.09328365"", ""11.20196247"", ""11.03557777"", ""11.07171059"", ""11.00867748"", ""11.02218342"", ""11.00160313"", ""10.99827099"", ""11.06266880"", ""11.05163193"", ""11.04360962""]",AutoEncoder,32,True
autoencoder_pure_m4,AE_10s_ld32_ag1,ae_pure_study,['AutoEncoder'],Quarterly,4,8,40,10,1,True,3,45,10.479346,1.237083,581.603943,1822719.000000,0.926975,0.478841,0.630736,8422930,256,206.66,4,True,False,ReLU,EARLY_STOPPED,10.75007248,10.93133831,10.60995293,19,1.016862,False,"[""11.39533329"", ""12.26610374"", ""12.09932804"", ""11.04107571"", ""11.07477856"", ""11.49181557"", ""11.14641285"", ""10.90431404"", ""11.08920574"", ""11.26131725"", ""10.97846985"", ""10.93777466"", ""11.05010700"", ""10.92143059"", ""10.98097134"", ""10.93118191"", ""10.85389233"", ""10.89855099"", ""10.93013573"", ""10.75007248"", ""10.88336945"", ""10.92655849"", ""10.91806698"", ""10.84249973"", ""10.90296173"", ""10.84436321"", ""10.88704586"", ""10.91348934"", ""10.91504002"", ""10.85473824"", ""10.90173912"", ""10.90269947"", ""10.96917439"", ""10.92325783"", ""10.93133831""]",AutoEncoder,32,True
autoencoder_pure_m4,AE_10s_ld32_ag1,ae_pure_study,['AutoEncoder'],Quarterly,4,8,40,10,1,True,4,46,10.640984,1.270552,589.325989,1814321.625000,0.946521,0.487761,0.641813,8422930,256,221.87,4,True,False,ReLU,EARLY_STOPPED,10.86782932,11.02059650,10.08909893,19,1.014057,False,"[""12.10842419"", ""12.46903229"", ""11.74667835"", ""11.47275734"", ""11.25309753"", ""11.30727768"", ""11.38950825"", ""11.09391499"", ""11.17908096"", ""11.02585030"", ""11.04378510"", ""11.38099766"", ""11.10867596"", ""10.90555096"", ""11.27643394"", ""11.01845932"", ""10.91437340"", ""10.88278770"", ""11.06441402"", ""10.86782932"", ""10.96857834"", ""10.89220333"", ""10.92784023"", ""11.16755295"", ""10.89146423"", ""10.98258877"", ""10.88822365"", ""11.00699997"", ""11.00021648"", ""10.97679329"", ""11.04960823"", ""11.05588818"", ""11.02421379"", ""10.98187733"", ""11.02059650""]",AutoEncoder,32,True
autoencoder_pure_m4,AE_10s_ld32_ag1,ae_pure_study,['AutoEncoder'],Quarterly,4,8,40,10,1,True,5,47,10.700237,1.262663,593.586182,1903970.875000,0.946334,0.490682,0.657383,8422930,256,221.28,4,True,False,ReLU,EARLY_STOPPED,10.84900761,11.05339146,9.45415211,24,1.018839,False,"[""14.23200226"", ""12.29374695"", ""11.20323658"", ""11.59312916"", ""11.33093643"", ""11.32019424"", ""11.17367935"", ""11.33527565"", ""10.99805737"", ""11.09890747"", ""11.49826717"", ""11.06719017"", ""10.97137356"", ""11.12189960"", ""10.96125507"", ""11.04878616"", ""10.96150875"", ""11.13880825"", ""10.87312317"", ""10.96100235"", ""11.06288433"", ""10.97126961"", ""10.87278938"", ""11.08484364"", ""10.84900761"", ""10.93105698"", ""11.08406353"", ""11.14913559"", ""11.00275135"", ""10.97717857"", ""10.99054813"", ""10.98493767"", ""11.02289486"", ""10.96136189"", ""11.02363300"", ""11.01330757"", ""11.22066116"", ""11.03276348"", ""11.07860279"", ""11.05339146""]",AutoEncoder,32,True
autoencoder_pure_m4,AE_10s_ld32_ag1,ae_pure_study,['AutoEncoder'],Quarterly,4,8,40,10,1,True,6,48,10.549253,1.244084,584.126770,1849893.875000,0.932703,0.485688,0.655054,8422930,256,219.54,4,True,False,ReLU,EARLY_STOPPED,10.82924938,10.99131203,10.40490246,19,1.014965,False,"[""12.31300545"", ""12.09015369"", ""11.88156891"", ""11.26861477"", ""11.76888180"", ""11.71407509"", ""11.21856213"", ""11.25226402"", ""11.15353775"", ""11.15575027"", ""11.11534405"", ""11.42862797"", ""11.65196514"", ""11.02871132"", ""10.90024853"", ""11.02777100"", ""11.23023796"", ""11.09361172"", ""11.09590244"", ""10.82924938"", ""11.12545872"", ""11.12482929"", ""11.02962494"", ""11.02871132"", ""10.92560291"", ""10.89205742"", ""10.94482136"", ""10.91588306"", ""10.94494247"", ""11.00207329"", ""10.93905830"", ""10.93592167"", ""11.02428818"", ""11.00442028"", ""10.99131203""]",AutoEncoder,32,True
autoencoder_pure_m4,AE_10s_ld32_ag1,ae_pure_study,['AutoEncoder'],Quarterly,4,8,40,10,1,True,7,49,10.456494,1.231904,580.791748,1838991.750000,0.924049,0.477059,0.624867,8422930,256,196.06,4,True,False,ReLU,EARLY_STOPPED,10.77309990,11.10070801,9.99085808,18,1.030410,False,"[""11.89614201"", ""11.41369820"", ""11.92708206"", ""11.45728397"", ""11.54630756"", ""11.07753277"", ""11.53933334"", ""11.07172012"", ""11.17174911"", ""11.87805843"", ""11.32261372"", ""10.93292713"", ""10.90826035"", ""11.13144493"", ""11.11860275"", ""10.89003754"", ""10.84845448"", ""10.95189285"", ""10.77309990"", ""10.89997482"", ""11.22226143"", ""10.98823929"", ""11.10189056"", ""10.97317982"", ""11.04201412"", ""11.06043339"", ""11.05240917"", ""10.95787907"", ""10.97138405"", ""10.99127579"", ""11.01134014"", ""10.99771500"", ""11.10023308"", ""11.10070801""]",AutoEncoder,32,True
autoencoder_pure_m4,AE_10s_ld32_ag1,ae_pure_study,['AutoEncoder'],Quarterly,4,8,40,10,1,True,8,50,10.541461,1.263119,584.703979,1809266.375000,0.939291,0.485945,0.643371,8422930,256,210.69,4,True,False,ReLU,EARLY_STOPPED,10.79334545,10.93656254,9.82616329,16,1.013269,False,"[""12.24462128"", ""11.75626469"", ""11.24248219"", ""11.40818405"", ""11.20175266"", ""11.23112106"", ""11.50103664"", ""11.34308338"", ""11.40348721"", ""11.03252506"", ""11.18917179"", ""10.89006042"", ""11.24275875"", ""11.27909279"", ""10.84951878"", ""10.82192993"", ""10.79334545"", ""11.22005749"", ""11.11330318"", ""10.89921570"", ""10.85360527"", ""10.98149109"", ""10.99709988"", ""10.82349777"", ""10.90924263"", ""10.87083626"", ""10.88442039"", ""10.89091206"", ""11.04349041"", ""10.98247623"", ""10.93345165"", ""10.93656254""]",AutoEncoder,32,True
autoencoder_pure_m4,AE_10s_ld32_ag1,ae_pure_study,['AutoEncoder'],Quarterly,4,8,40,10,1,True,9,51,10.532898,1.227091,583.727661,1853039.250000,0.925763,0.479124,0.632918,8422930,256,198.88,4,True,False,ReLU,EARLY_STOPPED,10.81370544,11.03467941,10.48301315,23,1.020435,False,"[""12.23845005"", ""11.53949356"", ""11.27174187"", ""11.57099342"", ""11.59177113"", ""11.01124573"", ""10.98631382"", ""11.01203537"", ""11.21614838"", ""11.00323200"", ""11.06987095"", ""10.92606354"", ""10.87933350"", ""10.90621853"", ""10.89543533"", ""10.92343330"", ""11.04295063"", ""10.98959923"", ""10.90270233"", ""10.95324993"", ""10.96820450"", ""10.81789780"", ""10.91036987"", ""10.81370544"", ""10.86375999"", ""10.96144962"", ""10.96895599"", ""10.89173412"", ""10.95535374"", ""11.02099228"", ""10.98641109"", ""10.95912075"", ""11.04511166"", ""11.03526783"", ""10.98641300"", ""11.00991154"", ""10.98992538"", ""10.98620605"", ""11.03467941""]",AutoEncoder,32,True
autoencoder_pure_m4,AAE_10s_ld32_ag0,ae_pure_study,['AutoEncoderAE'],Quarterly,4,8,40,10,1,True,0,42,10.361629,1.216373,574.806030,1809253.000000,0.914078,0.472635,0.618677,2335840,256,163.71,4,False,False,ReLU,EARLY_STOPPED,10.72365189,10.97743511,9.83316708,15,1.023666,False,"[""12.16781998"", ""11.55750942"", ""11.25100517"", ""11.32276154"", ""10.98611069"", ""10.91400528"", ""11.23081779"", ""11.21269703"", ""10.97443581"", ""11.09534073"", ""11.32888889"", ""10.90171432"", ""10.86536121"", ""10.76973915"", ""11.05273819"", ""10.72365189"", ""10.88866520"", ""10.88671398"", ""10.75255108"", ""10.99299526"", ""11.03732967"", ""11.27481079"", ""11.16941643"", ""10.96710968"", ""10.96500492"", ""10.96905041"", ""10.91545486"", ""10.92388630"", ""10.89555168"", ""10.89558697"", ""10.97743511""]",AutoEncoderAE,32,False
autoencoder_pure_m4,AAE_10s_ld32_ag0,ae_pure_study,['AutoEncoderAE'],Quarterly,4,8,40,10,1,True,1,43,10.346515,1.216102,572.982422,1782738.750000,0.913293,0.471178,0.613374,2335840,256,105.38,3,False,False,ReLU,EARLY_STOPPED,10.68895626,10.90060902,10.30711937,9,1.019801,False,"[""12.06751823"", ""11.74015331"", ""11.42880440"", ""11.02454281"", ""10.98811436"", ""11.07260132"", ""11.16158962"", ""10.74209595"", ""10.91071701"", ""10.68895626"", ""11.11891556"", ""10.89165401"", ""10.75262547"", ""10.85874844"", ""10.75865746"", ""10.76649570"", ""10.82674885"", ""10.78951931"", ""10.91544247"", ""10.98605347"", ""10.74764538"", ""10.84296036"", ""10.83848286"", ""10.81588840"", ""10.90060902""]",AutoEncoderAE,32,False
autoencoder_pure_m4,AAE_10s_ld32_ag0,ae_pure_study,['AutoEncoderAE'],Quarterly,4,8,40,10,1,True,2,44,10.351192,1.202942,575.699646,1830645.750000,0.908705,0.468112,0.612502,2335840,256,160.38,4,False,False,ReLU,EARLY_STOPPED,10.79622841,10.95349503,9.55556488,19,1.014567,False,"[""58.97787857"", ""35.84366226"", ""35.15793228"", ""34.80328751"", ""17.43109512"", ""11.09055424"", ""10.81446457"", ""11.33068275"", ""11.09927368"", ""10.98033237"", ""10.85006714"", ""11.08148670"", ""11.02948475"", ""10.92936230"", ""10.89710617"", ""10.90551090"", ""10.93431664"", ""10.93769360"", ""10.83971214"", ""10.79622841"", ""10.87578392"", ""10.97752857"", ""10.85964108"", ""10.94594288"", ""10.86990356"", ""10.86614418"", ""10.95812798"", ""10.95025349"", ""10.99265385"", ""11.00113106"", ""10.97707176"", ""11.00232983"", ""10.96088123"", ""10.95452499"", ""10.95349503""]",AutoEncoderAE,32,False
autoencoder_pure_m4,AAE_10s_ld32_ag0,ae_pure_study,['AutoEncoderAE'],Quarterly,4,8,40,10,1,True,3,45,10.506874,1.231745,582.071655,1853212.625000,0.926279,0.479226,0.660853,2335840,256,170.75,5,False,False,ReLU,EARLY_STOPPED,10.79332066,10.92486858,9.72257137,25,1.012188,False,"[""14.01642323"", ""12.67394638"", ""11.27805233"", ""11.03910065"", ""10.86543751"", ""10.86647511"", ""10.82577229"", ""11.19529438"", ""11.06172276"", ""10.86646271"", ""10.83948803"", ""10.92043781"", ""10.88808537"", ""10.92351532"", ""10.80741596"", ""11.01457977"", ""10.97090530"", ""10.90130711"", ""10.91111469"", ""10.95071220"", ""10.90512753"", ""10.89648533"", ""10.90576363"", ""10.93106747"", ""10.85657310"", ""10.79332066"", ""10.89923573"", ""10.87919903"", ""10.97130775"", ""10.91230488"", ""10.88386536"", ""10.85638237"", ""10.86924744"", ""10.90643692"", ""10.90119171"", ""10.92325878"", ""10.90908051"", ""10.89838886"", ""10.91667557"", ""10.94568634"", ""10.92486858""]",AutoEncoderAE,32,False
autoencoder_pure_m4,AAE_10s_ld32_ag0,ae_pure_study,['AutoEncoderAE'],Quarterly,4,8,40,10,1,True,5,47,10.511445,1.264076,582.674011,1809741.250000,0.938278,0.485312,0.632502,2335840,256,90.14,3,False,False,ReLU,EARLY_STOPPED,10.80072117,10.90696621,10.63551140,5,1.009837,False,"[""13.55658245"", ""11.86904716"", ""11.12063122"", ""10.96784210"", ""11.12152958"", ""10.80072117"", ""10.97784519"", ""11.01655960"", ""10.85820484"", ""11.03936672"", ""11.21919823"", ""10.95119667"", ""10.90908241"", ""11.02790451"", ""10.85750008"", ""11.08520317"", ""10.83023548"", ""10.88988018"", ""10.92208672"", ""11.03132820"", ""10.90696621""]",AutoEncoderAE,32,False
autoencoder_pure_m4,AAE_10s_ld32_ag0,ae_pure_study,['AutoEncoderAE'],Quarterly,4,8,40,10,1,True,4,46,10.468635,1.222940,582.375183,1869198.875000,0.921331,0.474073,0.627068,2335840,256,166.10,4,False,False,ReLU,EARLY_STOPPED,10.72009468,10.88930702,10.21724224,20,1.015785,False,"[""12.50693226"", ""12.90357971"", ""11.53035545"", ""11.37013149"", ""10.93059921"", ""11.08262634"", ""11.14303017"", ""11.10488319"", ""11.04901314"", ""11.23749447"", ""10.82969856"", ""10.79631138"", ""11.13426399"", ""10.89799404"", ""11.06557846"", ""10.82344437"", ""10.76976967"", ""10.76584244"", ""10.95500755"", ""10.94522285"", ""10.72009468"", ""10.92788887"", ""10.89249802"", ""10.74094963"", ""10.86182308"", ""10.81270885"", ""11.00467205"", ""10.85422611"", ""10.99507332"", ""10.82151985"", ""10.84136009"", ""10.89812183"", ""10.91603374"", ""10.85176659"", ""10.91156483"", ""10.88930702""]",AutoEncoderAE,32,False
autoencoder_pure_m4,AAE_10s_ld32_ag0,ae_pure_study,['AutoEncoderAE'],Quarterly,4,8,40,10,1,True,6,48,10.301821,1.208888,570.221191,1760594.750000,0.908632,0.469445,0.617258,2335840,256,133.05,4,False,False,ReLU,EARLY_STOPPED,10.67086220,10.94540977,10.31513977,15,1.025729,False,"[""44.00858307"", ""35.65908432"", ""11.37538528"", ""11.23581886"", ""10.97633839"", ""11.07197094"", ""11.08223152"", ""11.09619617"", ""10.75205135"", ""10.84153461"", ""11.16008472"", ""10.76045322"", ""10.71015644"", ""10.73099518"", ""10.67374897"", ""10.67086220"", ""10.78937435"", ""10.70719910"", ""10.77522564"", ""10.82562733"", ""10.80299950"", ""10.91557026"", ""10.90326118"", ""10.92872524"", ""10.84314823"", ""10.87290668"", ""10.90211582"", ""10.89512157"", ""10.88276863"", ""10.88618851"", ""10.94540977""]",AutoEncoderAE,32,False
autoencoder_pure_m4,AAE_10s_ld32_ag0,ae_pure_study,['AutoEncoderAE'],Quarterly,4,8,40,10,1,True,7,49,10.565923,1.246934,586.826965,1857761.500000,0.934500,0.485973,0.650267,2335840,256,166.32,4,False,False,ReLU,EARLY_STOPPED,10.70771599,10.90864086,9.88122082,18,1.018764,False,"[""14.44098091"", ""11.24855709"", ""11.47332954"", ""11.16348553"", ""10.99523067"", ""11.12752247"", ""10.78570175"", ""11.13085461"", ""11.05646706"", ""11.18304253"", ""10.91833019"", ""10.80155373"", ""10.82085323"", ""10.82559299"", ""10.73059654"", ""10.77275467"", ""10.74638367"", ""10.82204723"", ""10.70771599"", ""10.76176643"", ""10.80338478"", ""10.76375866"", ""10.84703732"", ""10.80215359"", ""10.91405964"", ""10.89040852"", ""10.94300270"", ""10.89902020"", ""10.93346310"", ""10.86663628"", ""10.88287067"", ""10.92429447"", ""10.89901161"", ""10.90864086""]",AutoEncoderAE,32,False
autoencoder_pure_m4,AAE_10s_ld32_ag0,ae_pure_study,['AutoEncoderAE'],Quarterly,4,8,40,10,1,True,8,50,10.416583,1.234857,578.109314,1804332.750000,0.923314,0.472974,0.609663,2335840,256,122.33,3,False,False,ReLU,EARLY_STOPPED,10.73698616,10.83175373,10.06615162,10,1.008826,False,"[""12.21577072"", ""12.03046131"", ""11.09713268"", ""11.24098396"", ""10.93824196"", ""10.96738625"", ""11.14300919"", ""10.85636139"", ""11.05952740"", ""10.86230087"", ""10.73698616"", ""11.03783989"", ""10.75373745"", ""10.86992550"", ""10.89828396"", ""10.79014111"", ""10.76124573"", ""10.77667809"", ""10.84054852"", ""10.84098434"", ""10.77211761"", ""10.80853939"", ""10.84416294"", ""10.84810829"", ""10.83089256"", ""10.83175373""]",AutoEncoderAE,32,False
autoencoder_pure_m4,AAE_10s_ld32_ag0,ae_pure_study,['AutoEncoderAE'],Quarterly,4,8,40,10,1,True,9,51,10.558383,1.260121,587.820068,1850257.750000,0.938966,0.486748,0.640715,2335840,256,172.82,4,False,False,ReLU,EARLY_STOPPED,10.78457355,10.93155193,9.64671803,20,1.013629,False,"[""60.92086029"", ""30.34397316"", ""11.86856270"", ""11.06917667"", ""10.95136833"", ""11.29886055"", ""10.82192898"", ""11.11873055"", ""11.44550228"", ""10.79145241"", ""10.85872650"", ""10.81901932"", ""10.83779907"", ""10.84224987"", ""10.79639626"", ""10.79394054"", ""10.86053848"", ""10.80048847"", ""10.84148979"", ""10.80984497"", ""10.78457355"", ""10.80645275"", ""10.80699635"", ""10.92150116"", ""10.89030457"", ""10.95069408"", ""10.94292355"", ""10.94569397"", ""10.95202255"", ""10.92951298"", ""10.96296310"", ""10.99292469"", ""10.97737026"", ""10.94815540"", ""10.94689083"", ""10.93155193""]",AutoEncoderAE,32,False
autoencoder_pure_m4,AAE_10s_ld32_ag1,ae_pure_study,['AutoEncoderAE'],Quarterly,4,8,40,10,1,True,0,42,10.518741,1.241542,581.606140,1817095.375000,0.930390,0.483806,0.642856,2335840,256,204.58,5,True,False,ReLU,EARLY_STOPPED,10.68748188,10.75491428,10.69377804,31,1.006309,False,"[""12.12486553"", ""11.65471745"", ""11.51264668"", ""11.36608505"", ""11.43870544"", ""11.38078690"", ""11.01567078"", ""11.09735584"", ""11.04995823"", ""10.91697979"", ""10.88958168"", ""10.96072483"", ""11.03073788"", ""10.91767979"", ""11.16094875"", ""10.81451797"", ""10.85965729"", ""10.86139011"", ""11.00939751"", ""10.69874191"", ""10.90677547"", ""10.75506878"", ""10.77429390"", ""10.72196388"", ""10.77333641"", ""10.74440384"", ""10.86569881"", ""10.76310921"", ""10.75072670"", ""10.76507187"", ""10.69310760"", ""10.68748188"", ""10.70522118"", ""10.76679707"", ""10.70087624"", ""10.73048687"", ""10.72503853"", ""10.71792412"", ""10.72011089"", ""10.73261166"", ""10.69935894"", ""10.73857021"", ""10.72236824"", ""10.74320316"", ""10.73785114"", ""10.72243595"", ""10.75491428""]",AutoEncoderAE,32,True
autoencoder_pure_m4,AAE_10s_ld32_ag1,ae_pure_study,['AutoEncoderAE'],Quarterly,4,8,40,10,1,True,1,43,10.484529,1.230131,578.877930,1809670.500000,0.924676,0.481516,0.639485,2335840,256,208.03,5,True,False,ReLU,EARLY_STOPPED,10.71827698,10.74814034,10.53012466,30,1.002786,False,"[""15.70449066"", ""11.87777519"", ""11.59732246"", ""11.30956650"", ""11.21099758"", ""11.45459461"", ""11.83506107"", ""11.06309509"", ""11.19313431"", ""11.03251266"", ""11.12901688"", ""11.06255436"", ""10.94556904"", ""11.05940247"", ""10.96112728"", ""11.01264477"", ""11.12795925"", ""11.07591820"", ""10.88099194"", ""10.76830959"", ""10.94806767"", ""10.88079929"", ""10.88190079"", ""10.77707577"", ""10.81054974"", ""10.80724812"", ""10.80143261"", ""10.85204697"", ""10.77117157"", ""10.74642086"", ""10.71827698"", ""10.76853561"", ""10.74294662"", ""10.75457096"", ""10.76851654"", ""10.78120708"", ""10.78412342"", ""10.75465870"", ""10.79561234"", ""10.74412060"", ""10.74411011"", ""10.73356819"", ""10.75994110"", ""10.75896072"", ""10.72966957"", ""10.74814034""]",AutoEncoderAE,32,True
autoencoder_pure_m4,AAE_10s_ld32_ag1,ae_pure_study,['AutoEncoderAE'],Quarterly,4,8,40,10,1,True,2,44,10.461837,1.223582,578.890503,1829504.625000,0.921257,0.476807,0.631085,2335840,256,201.91,5,True,False,ReLU,EARLY_STOPPED,10.72857666,10.76358891,10.44277477,31,1.003263,False,"[""11.86969280"", ""12.34564209"", ""12.05334377"", ""11.41684341"", ""11.29305172"", ""11.26012802"", ""11.04735565"", ""11.01301575"", ""11.07381344"", ""11.10398960"", ""11.01845837"", ""11.14042950"", ""11.39130306"", ""10.86590862"", ""10.96286964"", ""11.10823822"", ""10.94439030"", ""11.26661587"", ""10.94896317"", ""10.87329197"", ""10.81019497"", ""10.77972889"", ""10.90898991"", ""10.81605816"", ""10.86071014"", ""10.77552605"", ""10.76348019"", ""10.75035763"", ""10.78361511"", ""10.82053280"", ""10.85239410"", ""10.72857666"", ""10.74847507"", ""10.78775978"", ""10.73563576"", ""10.78493118"", ""10.77439976"", ""10.77103996"", ""10.76241398"", ""10.78572178"", ""10.78891087"", ""10.76039028"", ""10.76385784"", ""10.79452991"", ""10.79106998"", ""10.78776550"", ""10.76358891""]",AutoEncoderAE,32,True
autoencoder_pure_m4,AAE_10s_ld32_ag1,ae_pure_study,['AutoEncoderAE'],Quarterly,4,8,40,10,1,True,4,46,10.470468,1.235916,580.148743,1815821.625000,0.926147,0.476660,0.618661,2335840,256,150.87,4,True,False,ReLU,EARLY_STOPPED,10.79382610,10.83800125,9.95978165,19,1.004093,False,"[""15.48549366"", ""12.00382805"", ""11.42310429"", ""12.02914810"", ""11.75340271"", ""10.93266773"", ""11.04644108"", ""10.97009277"", ""10.95554829"", ""11.05824375"", ""10.99191761"", ""10.91702366"", ""11.00025272"", ""10.83285141"", ""11.04281616"", ""10.94425392"", ""10.89066219"", ""10.85387993"", ""10.83707142"", ""10.79382610"", ""10.80132198"", ""11.10371780"", ""10.82687283"", ""10.91835213"", ""10.81399059"", ""10.82597828"", ""10.84608936"", ""10.87807465"", ""10.86392975"", ""10.85601616"", ""10.86087704"", ""10.86149693"", ""10.89116478"", ""10.84494019"", ""10.83800125""]",AutoEncoderAE,32,True
autoencoder_pure_m4,AAE_10s_ld32_ag1,ae_pure_study,['AutoEncoderAE'],Quarterly,4,8,40,10,1,True,3,45,10.431452,1.226330,578.837830,1821158.250000,0.920880,0.474966,0.614788,2335840,256,184.06,4,True,False,ReLU,EARLY_STOPPED,10.74083996,10.89432144,10.82712364,24,1.014290,False,"[""13.48990726"", ""12.01794052"", ""11.86507320"", ""11.30287457"", ""11.46804047"", ""11.22805119"", ""11.15611172"", ""11.44909477"", ""11.04068089"", ""11.09376431"", ""11.12531662"", ""10.98067665"", ""11.12935925"", ""11.07733440"", ""10.95204830"", ""10.99371719"", ""11.12287617"", ""11.02220821"", ""10.99096489"", ""10.87881470"", ""10.83791447"", ""10.86246204"", ""10.96548939"", ""10.88981533"", ""10.74083996"", ""10.85054111"", ""10.96303654"", ""10.89017296"", ""10.92664051"", ""10.88899422"", ""10.90718365"", ""10.92430210"", ""10.95253658"", ""10.84903622"", ""10.88148689"", ""10.87585258"", ""10.90804958"", ""10.86501598"", ""10.86753941"", ""10.89432144""]",AutoEncoderAE,32,True
autoencoder_pure_m4,AAE_10s_ld32_ag1,ae_pure_study,['AutoEncoderAE'],Quarterly,4,8,40,10,1,True,6,48,10.478995,1.237070,579.527649,1811108.500000,0.926955,0.480733,0.636280,2335840,256,184.43,4,True,False,ReLU,EARLY_STOPPED,10.67189217,10.71635914,10.95882607,24,1.004167,False,"[""12.30929279"", ""11.55792332"", ""11.56656742"", ""11.52885914"", ""11.63899326"", ""11.54596233"", ""10.93235683"", ""10.96464825"", ""10.86417484"", ""10.86382294"", ""11.30885983"", ""11.04372120"", ""11.03220272"", ""10.72693253"", ""11.01083088"", ""10.93566322"", ""10.68943214"", ""10.77626514"", ""10.90142155"", ""10.85293007"", ""10.99887753"", ""10.81166840"", ""10.85125637"", ""10.75213909"", ""10.67189217"", ""10.70840931"", ""10.69748402"", ""10.68636322"", ""10.72673607"", ""10.70757484"", ""10.73443031"", ""10.72444153"", ""10.72190666"", ""10.68680382"", ""10.75792980"", ""10.70369053"", ""10.71453381"", ""10.75460720"", ""10.72817993"", ""10.71635914""]",AutoEncoderAE,32,True
