experiment,config_name,category,stack_types,period,frequency,forecast_length,backcast_length,n_stacks,n_blocks_per_stack,share_weights,run,seed,smape,mase,mae,mse,owa,norm_mae,norm_mse,n_params,t_width,training_time_seconds,epochs_trained,active_g,sum_losses,activation,stopping_reason,best_val_loss,final_val_loss,final_train_loss,best_epoch,loss_ratio,diverged,val_loss_curve,search_round,generic_dim_cfg,block_type,backbone
generic_dim_sweep_r1,TWG_coif2_bd6_td3_gd3,generic_dim_sweep,['TrendWaveletGeneric'],Yearly,1,6,30,10,1,True,0,42,14.178843,3.269282,863.452087,3323334.000000,0.845150,0.766611,2.057784,2085040,256,15.56,10,False,False,ReLU,MAX_EPOCHS,14.79856968,14.79856968,11.42205238,9,1.000000,False,"[""38.65094757"", ""27.07554817"", ""25.64739037"", ""20.55294991"", ""17.05001450"", ""15.87691307"", ""16.96777916"", ""15.64879513"", ""15.82976913"", ""14.79856968""]",1,3,TrendWaveletGeneric,RootBlock
generic_dim_sweep_r1,TWG_coif2_bd6_td3_gd3,generic_dim_sweep,['TrendWaveletGeneric'],Yearly,1,6,30,10,1,True,1,43,14.256622,3.303641,867.949768,3316356.000000,0.851853,0.768496,2.061926,2085040,256,15.83,10,False,False,ReLU,MAX_EPOCHS,14.90087223,16.47425079,11.30253315,7,1.105590,False,"[""52.87452316"", ""26.36518669"", ""24.66051292"", ""19.09314346"", ""16.49092484"", ""15.52816677"", ""15.33793640"", ""14.90087223"", ""16.53845978"", ""16.47425079""]",1,3,TrendWaveletGeneric,RootBlock
generic_dim_sweep_r1,TWG_coif2_bd6_td3_gd3,generic_dim_sweep,['TrendWaveletGeneric'],Yearly,1,6,30,10,1,True,2,44,14.768667,3.545870,912.952209,3474400.000000,0.897996,0.812352,2.141509,2085040,256,16.20,10,False,False,ReLU,MAX_EPOCHS,14.82080746,14.82080746,11.57043839,9,1.000000,False,"[""56.22630310"", ""26.39040947"", ""24.74320412"", ""20.51127052"", ""17.21116447"", ""16.77572060"", ""15.81934261"", ""15.31927586"", ""17.84976006"", ""14.82080746""]",1,3,TrendWaveletGeneric,RootBlock
generic_dim_sweep_r1,TWG_coif2_bd6_td3_gd5,generic_dim_sweep,['TrendWaveletGeneric'],Yearly,1,6,30,10,1,True,0,42,14.519996,3.425839,889.764954,3436047.000000,0.875286,0.801241,2.158085,2090900,256,15.90,10,False,False,ReLU,MAX_EPOCHS,14.49809551,14.49809551,11.33170033,9,1.000000,False,"[""50.01800537"", ""27.53823662"", ""25.03651047"", ""20.15667343"", ""17.45287704"", ""16.91394615"", ""16.85013390"", ""15.51839256"", ""14.68656254"", ""14.49809551""]",1,5,TrendWaveletGeneric,RootBlock
generic_dim_sweep_r1,TWG_coif2_bd6_td3_gd5,generic_dim_sweep,['TrendWaveletGeneric'],Yearly,1,6,30,10,1,True,1,43,14.938150,3.593381,908.440247,3414542.500000,0.909159,0.834331,2.238320,2090900,256,18.47,10,False,False,ReLU,MAX_EPOCHS,15.00681686,15.00681686,11.62349987,9,1.000000,False,"[""65.75541687"", ""27.38305092"", ""24.38418198"", ""21.09532356"", ""18.71151733"", ""17.91251945"", ""17.63931274"", ""16.90595245"", ""16.34573555"", ""15.00681686""]",1,5,TrendWaveletGeneric,RootBlock
generic_dim_sweep_r1,TWG_coif2_bd6_td3_gd5,generic_dim_sweep,['TrendWaveletGeneric'],Yearly,1,6,30,10,1,True,2,44,14.511490,3.384205,890.201599,3384220.000000,0.869787,0.770139,2.008182,2090900,256,16.50,10,False,False,ReLU,MAX_EPOCHS,14.69531155,14.69531155,11.17937088,9,1.000000,False,"[""60.88309097"", ""26.19473839"", ""23.59156227"", ""20.12157822"", ""17.28688812"", ""19.55181694"", ""16.29936600"", ""16.06149292"", ""15.77981281"", ""14.69531155""]",1,5,TrendWaveletGeneric,RootBlock
generic_dim_sweep_r1,TWG_coif2_bd6_td3_gd8,generic_dim_sweep,['TrendWaveletGeneric'],Yearly,1,6,30,10,1,True,0,42,14.506414,3.332450,878.361755,3370808.000000,0.863120,0.777271,2.096958,2099690,256,15.20,10,False,False,ReLU,MAX_EPOCHS,15.46380806,15.62678623,11.05654430,8,1.010539,False,"[""56.31285477"", ""26.31781769"", ""24.04362488"", ""19.54581070"", ""16.82738304"", ""16.88947487"", ""18.34870148"", ""16.30996132"", ""15.46380806"", ""15.62678623""]",1,8,TrendWaveletGeneric,RootBlock
generic_dim_sweep_r1,TWG_coif2_bd6_td3_gd8,generic_dim_sweep,['TrendWaveletGeneric'],Yearly,1,6,30,10,1,True,1,43,14.710402,3.455705,893.515991,3373148.750000,0.884869,0.805677,2.146476,2099690,256,17.97,10,False,False,ReLU,MAX_EPOCHS,15.21826649,15.21826649,11.38204098,9,1.000000,False,"[""59.64518356"", ""27.20476151"", ""23.44951439"", ""20.02337646"", ""17.37196350"", ""17.61315536"", ""16.93350029"", ""16.45958138"", ""15.63840580"", ""15.21826649""]",1,8,TrendWaveletGeneric,RootBlock
generic_dim_sweep_r1,TWG_coif2_bd6_td3_gd8,generic_dim_sweep,['TrendWaveletGeneric'],Yearly,1,6,30,10,1,True,2,44,15.506077,3.815710,944.801208,3488132.750000,0.954508,0.875073,2.373081,2099690,256,14.28,10,False,False,ReLU,MAX_EPOCHS,15.59921646,15.59921646,11.39289188,9,1.000000,False,"[""48.35905075"", ""27.50379372"", ""26.61893845"", ""19.96532249"", ""17.84157372"", ""17.29710770"", ""21.47259521"", ""17.15316963"", ""16.41482162"", ""15.59921646""]",1,8,TrendWaveletGeneric,RootBlock
generic_dim_sweep_r1,TWG_coif2_bd6_td3_gd16,generic_dim_sweep,['TrendWaveletGeneric'],Yearly,1,6,30,10,1,True,0,42,14.976491,3.552804,920.300903,3464243.000000,0.905227,0.806655,2.098479,2123130,256,14.08,10,False,False,ReLU,MAX_EPOCHS,14.92744255,15.15567493,11.69743729,8,1.015289,False,"[""55.81192398"", ""27.23386955"", ""24.08280945"", ""19.83581734"", ""17.74414444"", ""18.17706299"", ""15.95283318"", ""16.94561195"", ""14.92744255"", ""15.15567493""]",1,16,TrendWaveletGeneric,RootBlock
generic_dim_sweep_r1,TWG_coif2_bd6_td3_gd16,generic_dim_sweep,['TrendWaveletGeneric'],Yearly,1,6,30,10,1,True,1,43,14.198200,3.279223,870.482849,3364127.750000,0.846993,0.761390,2.011368,2123130,256,15.65,10,False,False,ReLU,MAX_EPOCHS,14.56125450,14.56125450,12.40878868,9,1.000000,False,"[""54.62792969"", ""26.62449265"", ""24.77331161"", ""19.71574783"", ""17.79696083"", ""17.16939545"", ""16.52790451"", ""16.18000793"", ""15.02574730"", ""14.56125450""]",1,16,TrendWaveletGeneric,RootBlock
generic_dim_sweep_r1,TWG_coif2_bd6_td3_gd16,generic_dim_sweep,['TrendWaveletGeneric'],Yearly,1,6,30,10,1,True,2,44,14.013770,3.164774,848.331055,3270388.500000,0.826950,0.748478,2.022065,2123130,256,18.84,10,False,False,ReLU,MAX_EPOCHS,14.96722412,14.96722412,11.07255459,9,1.000000,False,"[""56.10337067"", ""27.59734726"", ""24.98818016"", ""20.47412491"", ""18.33080864"", ""18.12803078"", ""15.97260284"", ""15.55748749"", ""15.65236855"", ""14.96722412""]",1,16,TrendWaveletGeneric,RootBlock
generic_dim_sweep_r1,TWGAE_coif2_bd6_td3_ld16_gd3,generic_dim_sweep,['TrendWaveletGenericAE'],Yearly,1,6,30,10,1,True,0,42,16.030655,3.760490,950.270874,3605143.750000,0.963611,0.913267,2.708383,444240,256,16.29,10,False,False,ReLU,MAX_EPOCHS,16.96766281,16.96766281,12.89105225,9,1.000000,False,"[""89.12236023"", ""32.91297913"", ""43.86834335"", ""28.25000572"", ""25.80024529"", ""24.74875450"", ""21.88872910"", ""20.39461899"", ""18.71031761"", ""16.96766281""]",1,3,TrendWaveletGenericAE,AERootBlock
generic_dim_sweep_r1,TWGAE_coif2_bd6_td3_ld16_gd3,generic_dim_sweep,['TrendWaveletGenericAE'],Yearly,1,6,30,10,1,True,1,43,15.140772,3.554006,915.414917,3472411.000000,0.910405,0.825963,2.243834,444240,256,19.60,10,False,False,ReLU,MAX_EPOCHS,15.72162628,15.72162628,11.55412483,9,1.000000,False,"[""64.79083252"", ""32.25444412"", ""39.79498291"", ""26.93967056"", ""25.17168808"", ""23.26170921"", ""20.47190857"", ""18.51421738"", ""16.52351952"", ""15.72162628""]",1,3,TrendWaveletGenericAE,AERootBlock
generic_dim_sweep_r1,TWGAE_coif2_bd6_td3_ld16_gd3,generic_dim_sweep,['TrendWaveletGenericAE'],Yearly,1,6,30,10,1,True,2,44,15.214493,3.528106,907.254639,3417657.750000,0.909401,0.848745,2.428959,444240,256,13.58,10,False,False,ReLU,MAX_EPOCHS,15.83737469,15.83737469,11.13649178,9,1.000000,False,"[""59.01033783"", ""30.55832291"", ""31.74612236"", ""24.71487427"", ""23.87586594"", ""20.63108826"", ""18.93933105"", ""17.02957726"", ""16.20638275"", ""15.83737469""]",1,3,TrendWaveletGenericAE,AERootBlock
generic_dim_sweep_r1,TWGAE_coif2_bd6_td3_ld16_gd5,generic_dim_sweep,['TrendWaveletGenericAE'],Yearly,1,6,30,10,1,True,0,42,15.016383,3.451253,899.533875,3444752.500000,0.893671,0.823086,2.296872,450100,256,15.63,10,False,False,ReLU,MAX_EPOCHS,16.57602119,16.57602119,11.87412262,9,1.000000,False,"[""55.81578445"", ""36.59580231"", ""33.51171494"", ""25.99303818"", ""23.65064430"", ""23.46934319"", ""20.06337547"", ""18.29570007"", ""16.94767380"", ""16.57602119""]",1,5,TrendWaveletGenericAE,AERootBlock
generic_dim_sweep_r1,TWGAE_coif2_bd6_td3_ld16_gd5,generic_dim_sweep,['TrendWaveletGenericAE'],Yearly,1,6,30,10,1,True,1,43,15.208772,3.536814,907.289856,3428961.000000,0.910322,0.836782,2.296157,450100,256,16.87,10,False,False,ReLU,MAX_EPOCHS,16.77793121,16.77793121,12.31292057,9,1.000000,False,"[""58.32263184"", ""36.50751877"", ""35.07038116"", ""25.58769226"", ""23.52749634"", ""22.90433884"", ""20.23541260"", ""18.65640640"", ""17.13114166"", ""16.77793121""]",1,5,TrendWaveletGenericAE,AERootBlock
generic_dim_sweep_r1,TWGAE_coif2_bd6_td3_ld16_gd5,generic_dim_sweep,['TrendWaveletGenericAE'],Yearly,1,6,30,10,1,True,2,44,15.761943,3.770017,957.752502,3653855.250000,0.956588,0.872213,2.335353,450100,256,17.05,10,False,False,ReLU,MAX_EPOCHS,15.77243710,15.77243710,11.58372116,9,1.000000,False,"[""64.30234528"", ""30.00988770"", ""33.23976517"", ""25.80426979"", ""23.34782028"", ""23.05432892"", ""19.93509293"", ""18.99353027"", ""16.89270592"", ""15.77243710""]",1,5,TrendWaveletGenericAE,AERootBlock
generic_dim_sweep_r1,TWGAE_coif2_bd6_td3_ld16_gd8,generic_dim_sweep,['TrendWaveletGenericAE'],Yearly,1,6,30,10,1,True,0,42,14.709675,3.401991,884.711731,3363047.250000,0.878088,0.808533,2.247077,458890,256,15.28,10,False,False,ReLU,MAX_EPOCHS,15.95742702,15.95742702,11.80228043,9,1.000000,False,"[""59.75283813"", ""30.80126381"", ""32.69673920"", ""25.66801453"", ""23.73125076"", ""21.70911980"", ""19.27740860"", ""17.49352455"", ""16.02801323"", ""15.95742702""]",1,8,TrendWaveletGenericAE,AERootBlock
generic_dim_sweep_r1,TWGAE_coif2_bd6_td3_ld16_gd8,generic_dim_sweep,['TrendWaveletGenericAE'],Yearly,1,6,30,10,1,True,1,43,15.165912,3.493973,905.725769,3448878.500000,0.903620,0.828903,2.282170,458890,256,15.21,10,False,False,ReLU,MAX_EPOCHS,16.46871948,16.46871948,12.03084850,9,1.000000,False,"[""58.04632187"", ""29.82859421"", ""33.34029770"", ""25.23684692"", ""24.01407242"", ""21.73192406"", ""20.01995659"", ""18.23166466"", ""17.15896225"", ""16.46871948""]",1,8,TrendWaveletGenericAE,AERootBlock
generic_dim_sweep_r1,TWGAE_coif2_bd6_td3_ld16_gd8,generic_dim_sweep,['TrendWaveletGenericAE'],Yearly,1,6,30,10,1,True,2,44,15.535259,3.621378,930.191345,3559466.750000,0.930951,0.864253,2.455126,458890,256,14.30,10,False,False,ReLU,MAX_EPOCHS,16.37930870,16.37930870,11.78862858,9,1.000000,False,"[""73.71989441"", ""33.51555634"", ""38.90807343"", ""27.33020401"", ""24.71949196"", ""24.67560959"", ""21.22262955"", ""19.47991371"", ""17.59223747"", ""16.37930870""]",1,8,TrendWaveletGenericAE,AERootBlock
generic_dim_sweep_r1,TWGAE_coif2_bd6_td3_ld16_gd16,generic_dim_sweep,['TrendWaveletGenericAE'],Yearly,1,6,30,10,1,True,0,42,15.686342,3.739856,949.744141,3574675.000000,0.950480,0.874189,2.413904,482330,256,17.37,10,False,False,ReLU,MAX_EPOCHS,16.37417221,16.37417221,11.86649418,9,1.000000,False,"[""62.31056595"", ""32.55036163"", ""35.75122833"", ""26.53282356"", ""24.88342094"", ""23.36223984"", ""20.68933105"", ""18.82669830"", ""17.46231270"", ""16.37417221""]",1,16,TrendWaveletGenericAE,AERootBlock
generic_dim_sweep_r1,TWGAE_coif2_bd6_td3_ld16_gd16,generic_dim_sweep,['TrendWaveletGenericAE'],Yearly,1,6,30,10,1,True,1,43,16.584816,4.019517,987.683838,3678749.750000,1.013156,0.967643,2.809688,482330,256,17.06,10,False,False,ReLU,MAX_EPOCHS,16.64964485,16.94121170,12.66689110,8,1.017512,False,"[""73.73526001"", ""32.82192612"", ""34.79941940"", ""26.23546791"", ""23.32116508"", ""24.06662750"", ""20.29558182"", ""18.31554604"", ""16.64964485"", ""16.94121170""]",1,16,TrendWaveletGenericAE,AERootBlock
generic_dim_sweep_r1,TWGAE_coif2_bd6_td3_ld16_gd16,generic_dim_sweep,['TrendWaveletGenericAE'],Yearly,1,6,30,10,1,True,2,44,15.523061,3.650564,940.013306,3581549.000000,0.934250,0.857812,2.329913,482330,256,15.89,10,False,False,ReLU,MAX_EPOCHS,16.44562912,16.44562912,12.35718250,9,1.000000,False,"[""54.22769928"", ""34.51117706"", ""29.69583893"", ""25.72004128"", ""24.93900871"", ""21.65596962"", ""20.10053825"", ""18.91027451"", ""17.57437325"", ""16.44562912""]",1,16,TrendWaveletGenericAE,AERootBlock
generic_dim_sweep_r1,TWGAELG_coif2_bd6_td3_ld16_gd3,generic_dim_sweep,['TrendWaveletGenericAELG'],Yearly,1,6,30,10,1,True,0,42,18.927273,4.885073,1121.663818,4181631.250000,1.193728,1.250753,4.843389,444400,256,13.80,10,False,False,ReLU,MAX_EPOCHS,18.82149315,18.82149315,13.38101196,9,1.000000,False,"[""105.00764465"", ""43.21846771"", ""40.88439178"", ""36.70768356"", ""26.58034515"", ""24.82340240"", ""25.12696457"", ""21.57534218"", ""20.31541061"", ""18.82149315""]",1,3,TrendWaveletGenericAELG,AERootBlockLG
generic_dim_sweep_r1,TWGAELG_coif2_bd6_td3_ld16_gd3,generic_dim_sweep,['TrendWaveletGenericAELG'],Yearly,1,6,30,10,1,True,1,43,16.809767,4.149958,993.370422,3673656.250000,1.036451,1.011582,3.125332,444400,256,12.99,10,False,False,ReLU,MAX_EPOCHS,16.90158081,16.90158081,12.42937756,9,1.000000,False,"[""81.50294495"", ""32.90518951"", ""43.87479019"", ""30.57348442"", ""26.30383682"", ""25.00255775"", ""22.82943535"", ""20.61543083"", ""18.74703979"", ""16.90158081""]",1,3,TrendWaveletGenericAELG,AERootBlockLG
generic_dim_sweep_r1,TWGAELG_coif2_bd6_td3_ld16_gd3,generic_dim_sweep,['TrendWaveletGenericAELG'],Yearly,1,6,30,10,1,True,2,44,15.196978,3.536195,910.622986,3473891.000000,0.909883,0.834397,2.294929,444400,256,11.57,10,False,False,ReLU,MAX_EPOCHS,16.32360268,16.32360268,11.91332626,9,1.000000,False,"[""77.28796387"", ""29.88376808"", ""37.41832352"", ""26.54609299"", ""24.20618248"", ""23.94106293"", ""20.71493912"", ""19.28413391"", ""17.46669197"", ""16.32360268""]",1,3,TrendWaveletGenericAELG,AERootBlockLG
generic_dim_sweep_r1,TWGAELG_coif2_bd6_td3_ld16_gd5,generic_dim_sweep,['TrendWaveletGenericAELG'],Yearly,1,6,30,10,1,True,0,42,15.676418,3.730474,937.473328,3561602.000000,0.948996,0.906446,2.760536,450260,256,11.39,10,False,False,ReLU,MAX_EPOCHS,16.50051117,16.50051117,12.23084545,9,1.000000,False,"[""71.03582764"", ""29.46266365"", ""41.49610901"", ""26.01471519"", ""24.46264458"", ""24.85660553"", ""21.20568848"", ""19.67520142"", ""17.67308426"", ""16.50051117""]",1,5,TrendWaveletGenericAELG,AERootBlockLG
generic_dim_sweep_r1,TWGAELG_coif2_bd6_td3_ld16_gd5,generic_dim_sweep,['TrendWaveletGenericAELG'],Yearly,1,6,30,10,1,True,1,43,16.749380,4.150188,999.920105,3724175.250000,1.034632,1.020346,3.260069,450260,256,11.68,10,False,False,ReLU,MAX_EPOCHS,17.15094948,17.15094948,12.27845573,9,1.000000,False,"[""74.55003357"", ""28.90063667"", ""42.06633759"", ""26.62203598"", ""24.76473427"", ""24.52309990"", ""21.72340965"", ""20.11972809"", ""18.68110085"", ""17.15094948""]",1,5,TrendWaveletGenericAELG,AERootBlockLG
generic_dim_sweep_r1,TWGAELG_coif2_bd6_td3_ld16_gd5,generic_dim_sweep,['TrendWaveletGenericAELG'],Yearly,1,6,30,10,1,True,2,44,17.094727,4.260639,1009.134155,3809995.750000,1.059095,1.052916,3.417657,450260,256,11.64,10,False,False,ReLU,MAX_EPOCHS,17.48780251,17.48780251,12.23733425,9,1.000000,False,"[""82.48767853"", ""30.33849525"", ""38.83223343"", ""27.39123344"", ""25.14648819"", ""24.08474922"", ""22.16576576"", ""20.27791023"", ""19.20635986"", ""17.48780251""]",1,5,TrendWaveletGenericAELG,AERootBlockLG
generic_dim_sweep_r1,TWGAELG_coif2_bd6_td3_ld16_gd8,generic_dim_sweep,['TrendWaveletGenericAELG'],Yearly,1,6,30,10,1,True,0,42,15.421311,3.630647,915.345764,3484155.750000,0.928631,0.870427,2.560749,459050,256,11.74,10,False,False,ReLU,MAX_EPOCHS,16.95171356,16.95171356,12.75937843,9,1.000000,False,"[""76.70376587"", ""29.94027138"", ""35.88991928"", ""27.32233429"", ""24.52507019"", ""24.15319252"", ""20.77374649"", ""19.13333511"", ""18.02443695"", ""16.95171356""]",1,8,TrendWaveletGenericAELG,AERootBlockLG
generic_dim_sweep_r1,TWGAELG_coif2_bd6_td3_ld16_gd8,generic_dim_sweep,['TrendWaveletGenericAELG'],Yearly,1,6,30,10,1,True,1,43,17.277988,4.378955,1028.858276,3820516.750000,1.079588,1.075332,3.555499,459050,256,11.32,10,False,False,ReLU,MAX_EPOCHS,17.01111412,17.01111412,12.26251888,9,1.000000,False,"[""72.35988617"", ""30.86898613"", ""37.97126770"", ""27.10009003"", ""24.31504822"", ""24.65024376"", ""21.15854836"", ""19.83619499"", ""18.07398033"", ""17.01111412""]",1,8,TrendWaveletGenericAELG,AERootBlockLG
generic_dim_sweep_r1,TWGAELG_coif2_bd6_td3_ld16_gd8,generic_dim_sweep,['TrendWaveletGenericAELG'],Yearly,1,6,30,10,1,True,2,44,17.412510,4.374142,1025.183594,3867964.750000,1.083098,1.097831,3.881187,459050,256,11.66,10,False,False,ReLU,MAX_EPOCHS,17.76080513,17.76080513,12.51798248,9,1.000000,False,"[""90.87741089"", ""34.75027084"", ""43.39735031"", ""29.94437408"", ""26.48427200"", ""24.67098045"", ""23.39684868"", ""21.20038605"", ""19.50836372"", ""17.76080513""]",1,8,TrendWaveletGenericAELG,AERootBlockLG
generic_dim_sweep_r1,TWGAELG_coif2_bd6_td3_ld16_gd16,generic_dim_sweep,['TrendWaveletGenericAELG'],Yearly,1,6,30,10,1,True,0,42,17.676266,4.558274,1046.758423,3881557.750000,1.114335,1.143560,4.193619,482490,256,11.71,10,False,False,ReLU,MAX_EPOCHS,17.90400124,17.90400124,12.57689857,9,1.000000,False,"[""78.91437531"", ""31.30400848"", ""40.01127625"", ""28.65928078"", ""25.76417351"", ""25.62864876"", ""22.63481903"", ""20.79058075"", ""19.19221878"", ""17.90400124""]",1,16,TrendWaveletGenericAELG,AERootBlockLG
generic_dim_sweep_r1,TWGAELG_coif2_bd6_td3_ld16_gd16,generic_dim_sweep,['TrendWaveletGenericAELG'],Yearly,1,6,30,10,1,True,1,43,15.469771,3.551672,916.755066,3514053.000000,0.920177,0.845600,2.355640,482490,256,11.11,10,False,False,ReLU,MAX_EPOCHS,16.86113548,16.86113548,12.37896442,9,1.000000,False,"[""91.45232391"", ""31.88945389"", ""40.96097183"", ""26.86354256"", ""25.08095169"", ""24.42519760"", ""21.61874771"", ""19.67794037"", ""18.68283081"", ""16.86113548""]",1,16,TrendWaveletGenericAELG,AERootBlockLG
generic_dim_sweep_r1,TWGAELG_coif2_bd6_td3_ld16_gd16,generic_dim_sweep,['TrendWaveletGenericAELG'],Yearly,1,6,30,10,1,True,2,44,16.292566,3.927028,973.754456,3680473.500000,0.992578,0.943726,2.791089,482490,256,12.34,10,False,False,ReLU,MAX_EPOCHS,17.40539169,17.40539169,12.04285812,9,1.000000,False,"[""71.58338165"", ""29.05255890"", ""35.68565369"", ""26.34433174"", ""24.76928520"", ""25.09674644"", ""21.56438446"", ""20.41018486"", ""18.55522919"", ""17.40539169""]",1,16,TrendWaveletGenericAELG,AERootBlockLG
generic_dim_sweep_r1,TWG_coif2_bd6_td3_gd5_n5,stack_depth_sweep,['TrendWaveletGeneric'],Yearly,1,6,30,5,1,True,0,42,14.822022,3.420145,892.371582,3401924.000000,0.883810,0.811894,2.303068,1045450,256,10.44,10,False,False,ReLU,MAX_EPOCHS,15.61073685,15.61073685,11.48672295,9,1.000000,False,"[""33.27531052"", ""39.72251511"", ""26.69727898"", ""26.01333618"", ""21.85652924"", ""19.79750252"", ""17.72640610"", ""16.25344849"", ""17.13181305"", ""15.61073685""]",1,5,TrendWaveletGeneric,RootBlock
generic_dim_sweep_r1,TWG_coif2_bd6_td3_gd5_n5,stack_depth_sweep,['TrendWaveletGeneric'],Yearly,1,6,30,5,1,True,1,43,15.945477,3.987877,981.593506,3699766.250000,0.989614,0.907466,2.448102,1045450,256,11.09,10,False,False,ReLU,MAX_EPOCHS,16.08475685,16.08475685,12.09384537,9,1.000000,False,"[""30.82095718"", ""43.81803513"", ""28.04780388"", ""24.57988548"", ""23.64926910"", ""21.25166130"", ""18.84113121"", ""16.46460533"", ""16.52189445"", ""16.08475685""]",1,5,TrendWaveletGeneric,RootBlock
generic_dim_sweep_r1,TWG_coif2_bd6_td3_gd5_n5,stack_depth_sweep,['TrendWaveletGeneric'],Yearly,1,6,30,5,1,True,2,44,14.321287,3.274977,863.597595,3303390.500000,0.850225,0.763996,2.052082,1045450,256,7.36,10,False,False,ReLU,MAX_EPOCHS,15.24803829,15.24803829,11.44040108,9,1.000000,False,"[""31.77788925"", ""40.29774475"", ""26.17157364"", ""25.47412491"", ""20.07382584"", ""17.76081848"", ""16.13645935"", ""15.72974300"", ""15.54820824"", ""15.24803829""]",1,5,TrendWaveletGeneric,RootBlock
generic_dim_sweep_r1,TWG_coif2_bd6_td3_gd5_n15,stack_depth_sweep,['TrendWaveletGeneric'],Yearly,1,6,30,15,1,True,0,42,14.425323,3.362808,881.676331,3392317.750000,0.864459,0.782496,2.097143,3136350,256,8.76,10,False,False,ReLU,MAX_EPOCHS,14.66248608,14.75511646,10.81584454,8,1.006318,False,"[""33.77319717"", ""26.24955177"", ""20.83831596"", ""17.22442245"", ""16.19330788"", ""18.60999298"", ""15.33717632"", ""15.10909557"", ""14.66248608"", ""14.75511646""]",1,5,TrendWaveletGeneric,RootBlock
generic_dim_sweep_r1,TWG_coif2_bd6_td3_gd5_n15,stack_depth_sweep,['TrendWaveletGeneric'],Yearly,1,6,30,15,1,True,1,43,14.176231,3.250663,862.065857,3329909.500000,0.842727,0.766089,2.060629,3136350,256,8.56,10,False,False,ReLU,MAX_EPOCHS,15.06763077,15.22346878,10.92139912,8,1.010343,False,"[""33.28984833"", ""27.30405235"", ""20.77494049"", ""17.13600731"", ""16.30407524"", ""18.39105988"", ""16.07095528"", ""15.96081543"", ""15.06763077"", ""15.22346878""]",1,5,TrendWaveletGeneric,RootBlock
generic_dim_sweep_r1,TWG_coif2_bd6_td3_gd5_n15,stack_depth_sweep,['TrendWaveletGeneric'],Yearly,1,6,30,15,1,True,2,44,16.608231,4.245611,1030.796875,3831495.250000,1.042319,0.962120,2.616454,3136350,256,8.37,10,False,False,ReLU,MAX_EPOCHS,16.05918503,16.61337090,10.95545483,8,1.034509,False,"[""39.45541382"", ""23.97128868"", ""20.25294113"", ""17.56776619"", ""17.52308846"", ""18.44762802"", ""17.34566879"", ""17.45049477"", ""16.05918503"", ""16.61337090""]",1,5,TrendWaveletGeneric,RootBlock
generic_dim_sweep_r1,TWG_coif2_bd6_td3_gd5_n20,stack_depth_sweep,['TrendWaveletGeneric'],Yearly,1,6,30,20,1,True,0,42,13.880155,3.156532,847.079651,3284246.500000,0.821825,0.740503,1.980966,4181800,256,9.15,10,False,False,ReLU,MAX_EPOCHS,14.55394936,17.31251144,14.14465618,6,1.189540,False,"[""48.19403076"", ""24.48020363"", ""18.50410652"", ""17.25704765"", ""18.15445137"", ""15.22354507"", ""14.55394936"", ""16.07786942"", ""14.60589981"", ""17.31251144""]",1,5,TrendWaveletGeneric,RootBlock
generic_dim_sweep_r1,TWG_coif2_bd6_td3_gd5_n20,stack_depth_sweep,['TrendWaveletGeneric'],Yearly,1,6,30,20,1,True,1,43,14.004456,3.296657,860.640991,3309177.750000,0.843259,0.766466,2.044014,4181800,256,8.97,10,False,False,ReLU,MAX_EPOCHS,14.48186302,15.39401245,10.92126465,8,1.062986,False,"[""54.96012115"", ""27.02650452"", ""19.51201630"", ""17.77121925"", ""18.39100075"", ""15.77672672"", ""15.11418629"", ""16.01820183"", ""14.48186302"", ""15.39401245""]",1,5,TrendWaveletGeneric,RootBlock
generic_dim_sweep_r1,TWG_coif2_bd6_td3_gd5_n20,stack_depth_sweep,['TrendWaveletGeneric'],Yearly,1,6,30,20,1,True,2,44,14.027369,3.261874,858.854492,3301947.250000,0.839583,0.754687,1.973847,4181800,256,8.35,10,False,False,ReLU,MAX_EPOCHS,14.18235874,14.18235874,11.12651825,9,1.000000,False,"[""64.08306122"", ""26.48026085"", ""21.32241249"", ""17.69902039"", ""15.96599770"", ""16.09367561"", ""15.38487053"", ""15.17707729"", ""15.81973743"", ""14.18235874""]",1,5,TrendWaveletGeneric,RootBlock
generic_dim_sweep_r1,TWGAE_coif2_bd6_td3_ld16_gd5_n5,stack_depth_sweep,['TrendWaveletGenericAE'],Yearly,1,6,30,5,1,True,0,42,18.198078,4.714439,1069.100952,3978450.000000,1.149949,1.195592,4.546809,225050,256,7.26,10,False,False,ReLU,MAX_EPOCHS,17.92879486,17.92879486,12.80069828,9,1.000000,False,"[""92.24080658"", ""35.93067169"", ""39.96986389"", ""33.01523209"", ""25.55981827"", ""23.43117905"", ""24.13260841"", ""20.54231453"", ""19.54093361"", ""17.92879486""]",1,5,TrendWaveletGenericAE,AERootBlock
generic_dim_sweep_r1,TWGAE_coif2_bd6_td3_ld16_gd5_n5,stack_depth_sweep,['TrendWaveletGenericAE'],Yearly,1,6,30,5,1,True,1,43,18.756632,4.945740,1101.605957,4082590.250000,1.196140,1.287121,5.381646,225050,256,6.93,10,False,False,ReLU,MAX_EPOCHS,18.55138397,18.55138397,13.23081970,9,1.000000,False,"[""88.39116669"", ""35.70448303"", ""36.23075485"", ""30.96801949"", ""26.37694550"", ""24.29425812"", ""24.66103172"", ""21.46745872"", ""20.46867943"", ""18.55138397""]",1,5,TrendWaveletGenericAE,AERootBlock
generic_dim_sweep_r1,TWGAE_coif2_bd6_td3_ld16_gd5_n5,stack_depth_sweep,['TrendWaveletGenericAE'],Yearly,1,6,30,5,1,True,2,44,17.612011,4.457943,1037.598145,3946621.500000,1.099746,1.114019,3.903109,225050,256,7.03,10,False,False,ReLU,MAX_EPOCHS,18.11051178,18.11051178,12.72194958,9,1.000000,False,"[""94.14212799"", ""38.79582977"", ""29.52949142"", ""30.94000626"", ""24.74997902"", ""23.83958244"", ""22.69083405"", ""20.45615387"", ""19.59725571"", ""18.11051178""]",1,5,TrendWaveletGenericAE,AERootBlock
generic_dim_sweep_r1,TWGAE_coif2_bd6_td3_ld16_gd5_n15,stack_depth_sweep,['TrendWaveletGenericAE'],Yearly,1,6,30,15,1,True,0,42,15.553099,3.665666,952.166931,3642596.750000,0.937069,0.850978,2.298354,675150,256,7.23,10,False,False,ReLU,MAX_EPOCHS,15.66996098,16.34059906,11.61388683,8,1.042798,False,"[""38.84277344"", ""43.12473297"", ""26.62119865"", ""24.09576035"", ""23.39543533"", ""19.85750198"", ""17.80458832"", ""16.20882416"", ""15.66996098"", ""16.34059906""]",1,5,TrendWaveletGenericAE,AERootBlock
generic_dim_sweep_r1,TWGAE_coif2_bd6_td3_ld16_gd5_n15,stack_depth_sweep,['TrendWaveletGenericAE'],Yearly,1,6,30,15,1,True,1,43,15.731166,3.798029,967.848816,3654500.000000,0.959171,0.869734,2.306642,675150,256,7.25,10,False,False,ReLU,MAX_EPOCHS,15.80941486,15.80941486,11.48711586,9,1.000000,False,"[""37.86958694"", ""39.03240967"", ""26.39917946"", ""24.49094772"", ""21.87636948"", ""19.75234985"", ""17.46727753"", ""16.52950859"", ""15.89426994"", ""15.80941486""]",1,5,TrendWaveletGenericAE,AERootBlock
generic_dim_sweep_r1,TWGAE_coif2_bd6_td3_ld16_gd5_n15,stack_depth_sweep,['TrendWaveletGenericAE'],Yearly,1,6,30,15,1,True,2,44,16.517754,4.159275,1025.297607,3850613.750000,1.028688,0.912255,2.376552,675150,256,7.43,10,False,False,ReLU,MAX_EPOCHS,16.22739792,17.25968170,11.94912815,8,1.063614,False,"[""51.24175644"", ""38.64219284"", ""27.40114594"", ""24.48363304"", ""24.11173630"", ""19.99073792"", ""18.23037910"", ""17.67142868"", ""16.22739792"", ""17.25968170""]",1,5,TrendWaveletGenericAE,AERootBlock
generic_dim_sweep_r1,TWGAE_coif2_bd6_td3_ld16_gd5_n20,stack_depth_sweep,['TrendWaveletGenericAE'],Yearly,1,6,30,20,1,True,0,42,14.551306,3.387597,879.764160,3345441.000000,0.871432,0.796553,2.139718,900200,256,7.60,10,False,False,ReLU,MAX_EPOCHS,15.07258415,15.07258415,10.85690403,9,1.000000,False,"[""33.64288330"", ""38.39762115"", ""26.68380737"", ""24.92473984"", ""20.98653984"", ""18.57279015"", ""16.31513786"", ""15.52936649"", ""15.27323341"", ""15.07258415""]",1,5,TrendWaveletGenericAE,AERootBlock
generic_dim_sweep_r1,TWGAE_coif2_bd6_td3_ld16_gd5_n20,stack_depth_sweep,['TrendWaveletGenericAE'],Yearly,1,6,30,20,1,True,1,43,15.495966,3.701609,933.627991,3497134.000000,0.939843,0.861596,2.356807,900200,256,7.72,10,False,False,ReLU,MAX_EPOCHS,15.62154484,16.33345222,11.03828526,8,1.045572,False,"[""32.40840912"", ""38.41100311"", ""26.92974472"", ""24.93764687"", ""21.61505508"", ""19.07079124"", ""16.76319695"", ""15.94584751"", ""15.62154484"", ""16.33345222""]",1,5,TrendWaveletGenericAE,AERootBlock
generic_dim_sweep_r1,TWGAE_coif2_bd6_td3_ld16_gd5_n20,stack_depth_sweep,['TrendWaveletGenericAE'],Yearly,1,6,30,20,1,True,2,44,15.017292,3.530501,919.745667,3494031.000000,0.903669,0.806969,2.107956,900200,256,7.79,10,False,False,ReLU,MAX_EPOCHS,14.95137215,14.95137215,10.76224899,9,1.000000,False,"[""37.11468506"", ""38.43185425"", ""26.05775452"", ""24.62601852"", ""20.18213272"", ""17.46307564"", ""15.76024151"", ""16.46703148"", ""16.24401093"", ""14.95137215""]",1,5,TrendWaveletGenericAE,AERootBlock
generic_dim_sweep_r1,TWGAELG_coif2_bd6_td3_ld16_gd5_n5,stack_depth_sweep,['TrendWaveletGenericAELG'],Yearly,1,6,30,5,1,True,0,42,20.958366,5.838306,1238.582520,4637409.500000,1.375805,1.532308,7.803681,225130,256,7.06,10,False,False,ReLU,MAX_EPOCHS,19.64361954,19.64361954,13.21864700,9,1.000000,False,"[""109.68900299"", ""50.62804413"", ""30.05623436"", ""38.97002411"", ""26.64000320"", ""24.98829269"", ""24.01488304"", ""22.80867386"", ""20.56204033"", ""19.64361954""]",1,5,TrendWaveletGenericAELG,AERootBlockLG
generic_dim_sweep_r1,TWGAELG_coif2_bd6_td3_ld16_gd5_n5,stack_depth_sweep,['TrendWaveletGenericAELG'],Yearly,1,6,30,5,1,True,1,43,21.931570,6.237159,1309.062866,4985006.500000,1.455764,1.666473,9.396060,225130,256,6.99,10,False,False,ReLU,MAX_EPOCHS,20.72064781,20.72064781,13.88053703,9,1.000000,False,"[""105.31275177"", ""50.23783875"", ""29.51302910"", ""35.44294739"", ""27.00303459"", ""25.75872231"", ""24.80138779"", ""23.50220871"", ""21.40344620"", ""20.72064781""]",1,5,TrendWaveletGenericAELG,AERootBlockLG
generic_dim_sweep_r1,TWGAELG_coif2_bd6_td3_ld16_gd5_n5,stack_depth_sweep,['TrendWaveletGenericAELG'],Yearly,1,6,30,5,1,True,2,44,20.662155,5.757518,1233.765625,4719039.500000,1.356578,1.511594,7.714730,225130,256,6.78,10,False,False,ReLU,MAX_EPOCHS,19.89878273,19.89878273,13.80792522,9,1.000000,False,"[""111.97603607"", ""52.47446823"", ""27.38153267"", ""33.89778900"", ""27.17849541"", ""24.28733063"", ""24.40995979"", ""22.30298805"", ""20.58798981"", ""19.89878273""]",1,5,TrendWaveletGenericAELG,AERootBlockLG
generic_dim_sweep_r1,TWGAELG_coif2_bd6_td3_ld16_gd5_n15,stack_depth_sweep,['TrendWaveletGenericAELG'],Yearly,1,6,30,15,1,True,0,42,15.208599,3.545448,929.298340,3563466.500000,0.911403,0.820698,2.213888,675390,256,7.44,10,False,False,ReLU,MAX_EPOCHS,15.49688816,15.49688816,11.68665028,9,1.000000,False,"[""53.13075638"", ""37.53902817"", ""31.80459023"", ""25.83331490"", ""24.64923286"", ""21.76065254"", ""19.70644379"", ""17.73621750"", ""16.27898788"", ""15.49688816""]",1,5,TrendWaveletGenericAELG,AERootBlockLG
generic_dim_sweep_r1,TWGAELG_coif2_bd6_td3_ld16_gd5_n15,stack_depth_sweep,['TrendWaveletGenericAELG'],Yearly,1,6,30,15,1,True,1,43,14.989011,3.495910,898.492981,3407093.000000,0.898452,0.827151,2.270882,675390,256,7.35,10,False,False,ReLU,MAX_EPOCHS,16.08597565,16.08597565,11.94054985,9,1.000000,False,"[""52.94277191"", ""39.71658707"", ""28.89404297"", ""25.66298294"", ""25.38697624"", ""21.68513680"", ""20.09852600"", ""18.27827454"", ""16.56843185"", ""16.08597565""]",1,5,TrendWaveletGenericAELG,AERootBlockLG
generic_dim_sweep_r1,TWGAELG_coif2_bd6_td3_ld16_gd5_n15,stack_depth_sweep,['TrendWaveletGenericAELG'],Yearly,1,6,30,15,1,True,2,44,15.629937,3.772592,948.060303,3554527.000000,0.952873,0.864882,2.331561,675390,256,7.17,10,False,False,ReLU,MAX_EPOCHS,15.80836105,15.80836105,12.14441776,9,1.000000,False,"[""67.28922272"", ""31.20976830"", ""34.60675812"", ""26.18571281"", ""24.11559296"", ""24.11794090"", ""20.47393799"", ""18.43485069"", ""16.69342422"", ""15.80836105""]",1,5,TrendWaveletGenericAELG,AERootBlockLG
generic_dim_sweep_r1,TWGAELG_coif2_bd6_td3_ld16_gd5_n20,stack_depth_sweep,['TrendWaveletGenericAELG'],Yearly,1,6,30,20,1,True,0,42,15.192501,3.568397,919.083862,3492297.250000,0.913798,0.827285,2.238961,900520,256,7.45,10,False,False,ReLU,MAX_EPOCHS,15.56601524,15.56601524,11.07322884,9,1.000000,False,"[""44.91957855"", ""45.80697250"", ""27.30123901"", ""24.51670647"", ""24.76383209"", ""20.31334114"", ""18.26280022"", ""16.44919586"", ""15.88297176"", ""15.56601524""]",1,5,TrendWaveletGenericAELG,AERootBlockLG
generic_dim_sweep_r1,TWGAELG_coif2_bd6_td3_ld16_gd5_n20,stack_depth_sweep,['TrendWaveletGenericAELG'],Yearly,1,6,30,20,1,True,1,43,16.003960,3.922622,991.940430,3732036.500000,0.983193,0.881205,2.317471,900520,256,7.47,10,False,False,ReLU,MAX_EPOCHS,15.78566551,15.78566551,11.60962200,9,1.000000,False,"[""43.55974960"", ""42.88503265"", ""26.48989487"", ""24.06390953"", ""24.34297562"", ""20.33073235"", ""18.01225090"", ""16.33507347"", ""16.56326294"", ""15.78566551""]",1,5,TrendWaveletGenericAELG,AERootBlockLG
generic_dim_sweep_r1,TWGAELG_coif2_bd6_td3_ld16_gd5_n20,stack_depth_sweep,['TrendWaveletGenericAELG'],Yearly,1,6,30,20,1,True,2,44,15.437878,3.672539,928.601868,3507799.750000,0.934408,0.868211,2.413496,900520,256,7.51,10,False,False,ReLU,MAX_EPOCHS,15.72314167,15.72314167,11.51982117,9,1.000000,False,"[""51.68752670"", ""40.66517639"", ""28.53928185"", ""24.72024536"", ""23.92706871"", ""20.08060837"", ""18.13360405"", ""16.91036987"", ""15.77770138"", ""15.72314167""]",1,5,TrendWaveletGenericAELG,AERootBlockLG
generic_dim_sweep_r1,TWAE_coif2_bd6_td3_ld16_baseline,no_generic_baseline,['TrendWaveletAE'],Yearly,1,6,30,10,1,True,0,42,16.902832,4.198172,1004.792786,3798472.750000,1.045364,1.043912,3.528162,435450,256,7.01,10,False,False,ReLU,MAX_EPOCHS,16.99688911,16.99688911,12.79764366,9,1.000000,False,"[""84.57775879"", ""31.09560776"", ""45.35247421"", ""27.81289864"", ""25.58990669"", ""24.72714615"", ""22.79095268"", ""20.76014519"", ""19.07520866"", ""16.99688911""]",1,0,TrendWaveletAE,AERootBlock
generic_dim_sweep_r1,TWAE_coif2_bd6_td3_ld16_baseline,no_generic_baseline,['TrendWaveletAE'],Yearly,1,6,30,10,1,True,1,43,15.436016,3.607937,921.703369,3516751.250000,0.926223,0.860678,2.427641,435450,256,6.84,10,False,False,ReLU,MAX_EPOCHS,16.64489746,16.64489746,11.76716423,9,1.000000,False,"[""64.33520508"", ""29.91602135"", ""37.87688828"", ""25.44574547"", ""23.80605698"", ""23.69917870"", ""20.78137779"", ""19.02941895"", ""17.35355186"", ""16.64489746""]",1,0,TrendWaveletAE,AERootBlock
generic_dim_sweep_r1,TWAE_coif2_bd6_td3_ld16_baseline,no_generic_baseline,['TrendWaveletAE'],Yearly,1,6,30,10,1,True,2,44,15.395929,3.584922,925.439636,3574761.750000,0.922101,0.850698,2.419836,435450,256,6.95,10,False,False,ReLU,MAX_EPOCHS,16.84827423,16.84827423,11.79318142,9,1.000000,False,"[""65.79798889"", ""31.47996140"", ""40.30458450"", ""26.17976570"", ""23.97132111"", ""24.29499817"", ""20.80332375"", ""19.54307938"", ""18.25740814"", ""16.84827423""]",1,0,TrendWaveletAE,AERootBlock
generic_dim_sweep_r1,TWAELG_coif2_bd6_td3_ld16_baseline,no_generic_baseline,['TrendWaveletAELG'],Yearly,1,6,30,10,1,True,0,42,17.903906,4.584346,1058.617920,3973518.500000,1.124581,1.162766,4.336400,435610,256,6.86,10,False,False,ReLU,MAX_EPOCHS,17.75929832,17.75929832,13.07793140,9,1.000000,False,"[""101.20607758"", ""41.82432556"", ""40.45333481"", ""34.92752075"", ""26.00174522"", ""23.94043732"", ""24.25620651"", ""21.01071548"", ""19.61881447"", ""17.75929832""]",1,0,TrendWaveletAELG,AERootBlockLG
generic_dim_sweep_r1,TWAELG_coif2_bd6_td3_ld16_baseline,no_generic_baseline,['TrendWaveletAELG'],Yearly,1,6,30,10,1,True,1,43,17.433241,4.424185,1032.152344,3880558.750000,1.090029,1.095970,3.797948,435610,256,6.93,10,False,False,ReLU,MAX_EPOCHS,17.78617859,17.78617859,12.65211964,9,1.000000,False,"[""80.50171661"", ""31.46198463"", ""42.90776825"", ""30.65540695"", ""25.20913506"", ""24.02462578"", ""23.09645653"", ""20.81131172"", ""19.30719948"", ""17.78617859""]",1,0,TrendWaveletAELG,AERootBlockLG
generic_dim_sweep_r1,TWAELG_coif2_bd6_td3_ld16_baseline,no_generic_baseline,['TrendWaveletAELG'],Yearly,1,6,30,10,1,True,2,44,17.750610,4.536163,1058.921387,3973917.000000,1.113828,1.139866,4.101141,435610,256,6.83,10,False,False,ReLU,MAX_EPOCHS,18.17798233,18.17798233,12.78949833,9,1.000000,False,"[""82.82064819"", ""33.40877151"", ""43.41174698"", ""31.16981888"", ""25.51256752"", ""24.69499207"", ""23.52185631"", ""20.85905838"", ""19.71024132"", ""18.17798233""]",1,0,TrendWaveletAELG,AERootBlockLG
generic_dim_sweep_r2,TWG_coif2_bd6_td3_gd3,generic_dim_sweep,['TrendWaveletGeneric'],Yearly,1,6,30,10,1,True,0,42,14.184591,3.344993,875.429565,3365911.250000,0.854852,0.774180,2.051216,2085040,256,9.68,15,False,False,ReLU,MAX_EPOCHS,14.33854389,14.71880817,10.99737167,13,1.026520,False,"[""38.65094757"", ""27.07554817"", ""25.64739037"", ""20.55294991"", ""17.05001450"", ""15.87691307"", ""16.96777916"", ""15.64879513"", ""15.82976913"", ""14.79856968"", ""15.20056248"", ""15.89099503"", ""14.64356899"", ""14.33854389"", ""14.71880817""]",2,3,TrendWaveletGeneric,RootBlock
generic_dim_sweep_r2,TWG_coif2_bd6_td3_gd3,generic_dim_sweep,['TrendWaveletGeneric'],Yearly,1,6,30,10,1,True,1,43,13.722651,3.153154,842.238464,3268339.250000,0.816581,0.729177,1.920762,2085040,256,9.76,15,False,False,ReLU,MAX_EPOCHS,14.02679634,14.02679634,9.93557644,14,1.000000,False,"[""52.87452316"", ""26.36518669"", ""24.66051292"", ""19.09314346"", ""16.49092484"", ""15.52816677"", ""15.33793640"", ""14.90087223"", ""16.53845978"", ""16.47425079"", ""15.37821293"", ""14.67579746"", ""14.43535709"", ""14.41709518"", ""14.02679634""]",2,3,TrendWaveletGeneric,RootBlock
generic_dim_sweep_r2,TWG_coif2_bd6_td3_gd3,generic_dim_sweep,['TrendWaveletGeneric'],Yearly,1,6,30,10,1,True,2,44,13.766819,3.166171,848.084045,3300524.000000,0.819570,0.734843,1.952169,2085040,256,9.85,15,False,False,ReLU,MAX_EPOCHS,14.24280548,14.27221870,10.49980545,12,1.002065,False,"[""56.22630310"", ""26.39040947"", ""24.74320412"", ""20.51127052"", ""17.21116447"", ""16.77572060"", ""15.81934261"", ""15.31927586"", ""17.84976006"", ""14.82080746"", ""14.93468094"", ""14.51426888"", ""14.24280548"", ""14.50804043"", ""14.27221870""]",2,3,TrendWaveletGeneric,RootBlock
generic_dim_sweep_r2,TWG_coif2_bd6_td3_gd5,generic_dim_sweep,['TrendWaveletGeneric'],Yearly,1,6,30,10,1,True,0,42,14.342567,3.421767,889.384094,3450500.250000,0.869345,0.770497,1.983083,2090900,256,9.88,15,False,False,ReLU,MAX_EPOCHS,14.02651596,14.30782509,10.60066700,12,1.020056,False,"[""50.01800537"", ""27.53823662"", ""25.03651047"", ""20.15667343"", ""17.45287704"", ""16.91394615"", ""16.85013390"", ""15.51839256"", ""14.68656254"", ""14.49809551"", ""14.70576859"", ""14.18399620"", ""14.02651596"", ""14.86831760"", ""14.30782509""]",2,5,TrendWaveletGeneric,RootBlock
generic_dim_sweep_r2,TWG_coif2_bd6_td3_gd5,generic_dim_sweep,['TrendWaveletGeneric'],Yearly,1,6,30,10,1,True,1,43,13.985530,3.245078,859.383423,3331862.250000,0.836190,0.743329,1.936924,2090900,256,9.89,15,False,False,ReLU,MAX_EPOCHS,14.15860176,14.15860176,10.42154026,14,1.000000,False,"[""65.75541687"", ""27.38305092"", ""24.38418198"", ""21.09532356"", ""18.71151733"", ""17.91251945"", ""17.63931274"", ""16.90595245"", ""16.34573555"", ""15.00681686"", ""14.73404312"", ""14.99848270"", ""14.92078495"", ""14.37352276"", ""14.15860176""]",2,5,TrendWaveletGeneric,RootBlock
generic_dim_sweep_r2,TWG_coif2_bd6_td3_gd5,generic_dim_sweep,['TrendWaveletGeneric'],Yearly,1,6,30,10,1,True,2,44,13.565198,3.088937,830.953918,3244799.000000,0.803684,0.721855,1.902370,2090900,256,10.16,15,False,False,ReLU,MAX_EPOCHS,14.03096199,14.16667843,10.05100918,13,1.009673,False,"[""60.88309097"", ""26.19473839"", ""23.59156227"", ""20.12157822"", ""17.28688812"", ""19.55181694"", ""16.29936600"", ""16.06149292"", ""15.77981281"", ""14.69531155"", ""14.48090935"", ""14.16588593"", ""14.28731251"", ""14.03096199"", ""14.16667843""]",2,5,TrendWaveletGeneric,RootBlock
generic_dim_sweep_r2,TWG_coif2_bd6_td3_gd8,generic_dim_sweep,['TrendWaveletGeneric'],Yearly,1,6,30,10,1,True,0,42,13.705461,3.129100,845.076538,3335769.250000,0.813029,0.727034,1.910118,2099690,256,9.95,15,False,False,ReLU,MAX_EPOCHS,14.01042080,14.56917095,10.18176270,13,1.039881,False,"[""56.31285477"", ""26.31781769"", ""24.04362488"", ""19.54581070"", ""16.82738304"", ""16.88947487"", ""18.34870148"", ""16.30996132"", ""15.46380806"", ""15.62678623"", ""14.41997242"", ""14.37007713"", ""14.23753643"", ""14.01042080"", ""14.56917095""]",2,8,TrendWaveletGeneric,RootBlock
generic_dim_sweep_r2,TWG_coif2_bd6_td3_gd8,generic_dim_sweep,['TrendWaveletGeneric'],Yearly,1,6,30,10,1,True,1,43,13.831100,3.194509,849.033752,3291232.750000,0.825103,0.740624,1.942860,2099690,256,9.94,15,False,False,ReLU,MAX_EPOCHS,14.07196426,14.07196426,11.28361988,14,1.000000,False,"[""59.64518356"", ""27.20476151"", ""23.44951439"", ""20.02337646"", ""17.37196350"", ""17.61315536"", ""16.93350029"", ""16.45958138"", ""15.63840580"", ""15.21826649"", ""14.82455540"", ""16.09536171"", ""14.40958405"", ""14.74258423"", ""14.07196426""]",2,8,TrendWaveletGeneric,RootBlock
generic_dim_sweep_r2,TWG_coif2_bd6_td3_gd8,generic_dim_sweep,['TrendWaveletGeneric'],Yearly,1,6,30,10,1,True,2,44,14.362838,3.419266,887.501709,3372714.500000,0.869650,0.776961,2.042865,2099690,256,10.02,15,False,False,ReLU,MAX_EPOCHS,14.22083569,14.51973534,10.18372726,13,1.021018,False,"[""48.35905075"", ""27.50379372"", ""26.61893845"", ""19.96532249"", ""17.84157372"", ""17.29710770"", ""21.47259521"", ""17.15316963"", ""16.41482162"", ""15.59921646"", ""15.06004524"", ""15.35659599"", ""14.37318993"", ""14.22083569"", ""14.51973534""]",2,8,TrendWaveletGeneric,RootBlock
generic_dim_sweep_r2,TWG_coif2_bd6_td3_gd16,generic_dim_sweep,['TrendWaveletGeneric'],Yearly,1,6,30,10,1,True,0,42,14.284142,3.355470,884.142639,3398845.250000,0.859216,0.758178,1.951154,2123130,256,9.93,15,False,False,ReLU,MAX_EPOCHS,14.14324474,14.43710327,10.99815083,13,1.020777,False,"[""55.81192398"", ""27.23386955"", ""24.08280945"", ""19.83581734"", ""17.74414444"", ""18.17706299"", ""15.95283318"", ""16.94561195"", ""14.92744255"", ""15.15567493"", ""14.76473331"", ""14.61555195"", ""14.95152569"", ""14.14324474"", ""14.43710327""]",2,16,TrendWaveletGeneric,RootBlock
generic_dim_sweep_r2,TWG_coif2_bd6_td3_gd16,generic_dim_sweep,['TrendWaveletGeneric'],Yearly,1,6,30,10,1,True,1,43,14.152164,3.341372,873.620422,3350708.750000,0.853404,0.767339,2.019877,2123130,256,9.97,15,False,False,ReLU,MAX_EPOCHS,14.26263046,15.47142696,11.70910549,13,1.084753,False,"[""54.62792969"", ""26.62449265"", ""24.77331161"", ""19.71574783"", ""17.79696083"", ""17.16939545"", ""16.52790451"", ""16.18000793"", ""15.02574730"", ""14.56125450"", ""17.00049400"", ""15.54555130"", ""15.01671982"", ""14.26263046"", ""15.47142696""]",2,16,TrendWaveletGeneric,RootBlock
generic_dim_sweep_r2,TWG_coif2_bd6_td3_gd16,generic_dim_sweep,['TrendWaveletGeneric'],Yearly,1,6,30,10,1,True,2,44,13.822387,3.187715,851.545532,3312876.250000,0.823981,0.737936,1.942125,2123130,256,10.13,15,False,False,ReLU,MAX_EPOCHS,14.12911320,14.42447662,10.31864452,11,1.020905,False,"[""56.10337067"", ""27.59734726"", ""24.98818016"", ""20.47412491"", ""18.33080864"", ""18.12803078"", ""15.97260284"", ""15.55748749"", ""15.65236855"", ""14.96722412"", ""14.48189640"", ""14.12911320"", ""14.68963432"", ""14.31860733"", ""14.42447662""]",2,16,TrendWaveletGeneric,RootBlock
generic_dim_sweep_r2,TWGAE_coif2_bd6_td3_ld16_gd3,generic_dim_sweep,['TrendWaveletGenericAE'],Yearly,1,6,30,10,1,True,0,42,14.742366,3.434285,899.028564,3410267.750000,0.883152,0.791893,2.072198,444240,256,9.83,15,False,False,ReLU,MAX_EPOCHS,14.79873943,14.99380589,10.88265228,13,1.013181,False,"[""89.12236023"", ""32.91297913"", ""43.86834335"", ""28.25000572"", ""25.80024529"", ""24.74875450"", ""21.88872910"", ""20.39461899"", ""18.71031761"", ""16.96766281"", ""16.16947937"", ""15.70265388"", ""16.48410034"", ""14.79873943"", ""14.99380589""]",2,3,TrendWaveletGenericAE,AERootBlock
generic_dim_sweep_r2,TWGAE_coif2_bd6_td3_ld16_gd3,generic_dim_sweep,['TrendWaveletGenericAE'],Yearly,1,6,30,10,1,True,1,43,14.358455,3.395073,876.948608,3377368.750000,0.866472,0.795599,2.146376,444240,256,9.85,15,False,False,ReLU,MAX_EPOCHS,14.42309284,14.42309284,10.52151299,14,1.000000,False,"[""64.79083252"", ""32.25444412"", ""39.79498291"", ""26.93967056"", ""25.17168808"", ""23.26170921"", ""20.47190857"", ""18.51421738"", ""16.52351952"", ""15.72162628"", ""15.88562679"", ""14.97696495"", ""14.66368580"", ""14.62969875"", ""14.42309284""]",2,3,TrendWaveletGenericAE,AERootBlock
generic_dim_sweep_r2,TWGAE_coif2_bd6_td3_ld16_gd3,generic_dim_sweep,['TrendWaveletGenericAE'],Yearly,1,6,30,10,1,True,2,44,14.163740,3.263635,860.170654,3299000.750000,0.843977,0.770595,2.062866,444240,256,9.99,15,False,False,ReLU,MAX_EPOCHS,14.36917019,14.36917019,10.62413979,14,1.000000,False,"[""59.01033783"", ""30.55832291"", ""31.74612236"", ""24.71487427"", ""23.87586594"", ""20.63108826"", ""18.93933105"", ""17.02957726"", ""16.20638275"", ""15.83737469"", ""15.09550381"", ""14.64614296"", ""15.24741840"", ""15.31889629"", ""14.36917019""]",2,3,TrendWaveletGenericAE,AERootBlock
generic_dim_sweep_r2,TWGAE_coif2_bd6_td3_ld16_gd5,generic_dim_sweep,['TrendWaveletGenericAE'],Yearly,1,6,30,10,1,True,0,42,14.758330,3.557570,900.868469,3423054.500000,0.899152,0.839124,2.323818,450100,256,9.84,15,False,False,ReLU,MAX_EPOCHS,14.53354931,14.53354931,11.12116909,14,1.000000,False,"[""55.81578445"", ""36.59580231"", ""33.51171494"", ""25.99303818"", ""23.65064430"", ""23.46934319"", ""20.06337547"", ""18.29570007"", ""16.94767380"", ""16.57602119"", ""15.55049610"", ""15.33392620"", ""15.37071514"", ""15.04580116"", ""14.53354931""]",2,5,TrendWaveletGenericAE,AERootBlock
generic_dim_sweep_r2,TWGAE_coif2_bd6_td3_ld16_gd5,generic_dim_sweep,['TrendWaveletGenericAE'],Yearly,1,6,30,10,1,True,1,43,14.525184,3.415274,890.826233,3400900.500000,0.874115,0.790701,2.103285,450100,256,10.00,15,False,False,ReLU,MAX_EPOCHS,14.75763226,14.75763226,10.81363201,14,1.000000,False,"[""58.32263184"", ""36.50751877"", ""35.07038116"", ""25.58769226"", ""23.52749634"", ""22.90433884"", ""20.23541260"", ""18.65640640"", ""17.13114166"", ""16.77793121"", ""16.00039673"", ""16.75577927"", ""15.21340942"", ""14.89118767"", ""14.75763226""]",2,5,TrendWaveletGenericAE,AERootBlock
generic_dim_sweep_r2,TWGAE_coif2_bd6_td3_ld16_gd5,generic_dim_sweep,['TrendWaveletGenericAE'],Yearly,1,6,30,10,1,True,2,44,14.102965,3.195631,854.606140,3297244.000000,0.833562,0.753036,2.012554,450100,256,9.81,15,False,False,ReLU,MAX_EPOCHS,14.84601498,14.84601498,10.68201542,14,1.000000,False,"[""64.30234528"", ""30.00988770"", ""33.23976517"", ""25.80426979"", ""23.34782028"", ""23.05432892"", ""19.93509293"", ""18.99353027"", ""16.89270592"", ""15.77243710"", ""15.47376919"", ""15.15853405"", ""16.06673431"", ""14.91366291"", ""14.84601498""]",2,5,TrendWaveletGenericAE,AERootBlock
generic_dim_sweep_r2,TWGAE_coif2_bd6_td3_ld16_gd8,generic_dim_sweep,['TrendWaveletGenericAE'],Yearly,1,6,30,10,1,True,0,42,14.454563,3.396022,885.937073,3383431.750000,0.869532,0.789073,2.119299,458890,256,9.99,15,False,False,ReLU,MAX_EPOCHS,14.61227417,14.76103687,10.52236080,12,1.010181,False,"[""59.75283813"", ""30.80126381"", ""32.69673920"", ""25.66801453"", ""23.73125076"", ""21.70911980"", ""19.27740860"", ""17.49352455"", ""16.02801323"", ""15.95742702"", ""15.84624290"", ""15.08509636"", ""14.61227417"", ""14.95795345"", ""14.76103687""]",2,8,TrendWaveletGenericAE,AERootBlock
generic_dim_sweep_r2,TWGAE_coif2_bd6_td3_ld16_gd8,generic_dim_sweep,['TrendWaveletGenericAE'],Yearly,1,6,30,10,1,True,1,43,14.198257,3.287248,858.677124,3287827.500000,0.848004,0.780118,2.109336,458890,256,9.89,15,False,False,ReLU,MAX_EPOCHS,14.70762062,14.70762062,10.67455578,14,1.000000,False,"[""58.04632187"", ""29.82859421"", ""33.34029770"", ""25.23684692"", ""24.01407242"", ""21.73192406"", ""20.01995659"", ""18.23166466"", ""17.15896225"", ""16.46871948"", ""15.73981094"", ""15.59811974"", ""15.24314690"", ""15.20519543"", ""14.70762062""]",2,8,TrendWaveletGenericAE,AERootBlock
generic_dim_sweep_r2,TWGAE_coif2_bd6_td3_ld16_gd8,generic_dim_sweep,['TrendWaveletGenericAE'],Yearly,1,6,30,10,1,True,2,44,14.552511,3.346044,892.199707,3462201.250000,0.866241,0.779974,2.086173,458890,256,9.94,15,False,False,ReLU,MAX_EPOCHS,14.84795094,15.18820953,10.57353878,13,1.022916,False,"[""73.71989441"", ""33.51555634"", ""38.90807343"", ""27.33020401"", ""24.71949196"", ""24.67560959"", ""21.22262955"", ""19.47991371"", ""17.59223747"", ""16.37930870"", ""17.21127510"", ""15.42978764"", ""15.49400997"", ""14.84795094"", ""15.18820953""]",2,8,TrendWaveletGenericAE,AERootBlock
generic_dim_sweep_r2,TWGAE_coif2_bd6_td3_ld16_gd16,generic_dim_sweep,['TrendWaveletGenericAE'],Yearly,1,6,30,10,1,True,0,42,14.112300,3.268876,858.703796,3305406.500000,0.843063,0.766212,2.035483,482330,256,9.89,15,False,False,ReLU,MAX_EPOCHS,14.38769150,14.38769150,10.65260601,14,1.000000,False,"[""62.31056595"", ""32.55036163"", ""35.75122833"", ""26.53282356"", ""24.88342094"", ""23.36223984"", ""20.68933105"", ""18.82669830"", ""17.46231270"", ""16.37417221"", ""15.87540340"", ""15.03925991"", ""15.27110195"", ""14.58728123"", ""14.38769150""]",2,16,TrendWaveletGenericAE,AERootBlock
generic_dim_sweep_r2,TWGAE_coif2_bd6_td3_ld16_gd16,generic_dim_sweep,['TrendWaveletGenericAE'],Yearly,1,6,30,10,1,True,1,43,14.931649,3.554573,917.516174,3465651.500000,0.904078,0.808509,2.123311,482330,256,9.92,15,False,False,ReLU,MAX_EPOCHS,14.96367073,15.17808723,10.87888241,13,1.014329,False,"[""73.73526001"", ""32.82192612"", ""34.79941940"", ""26.23546791"", ""23.32116508"", ""24.06662750"", ""20.29558182"", ""18.31554604"", ""16.64964485"", ""16.94121170"", ""15.49464226"", ""15.82450676"", ""15.34514236"", ""14.96367073"", ""15.17808723""]",2,16,TrendWaveletGenericAE,AERootBlock
generic_dim_sweep_r2,TWGAE_coif2_bd6_td3_ld16_gd16,generic_dim_sweep,['TrendWaveletGenericAE'],Yearly,1,6,30,10,1,True,2,44,14.561826,3.394695,894.958801,3424504.250000,0.872647,0.783495,2.073764,482330,256,9.92,15,False,False,ReLU,MAX_EPOCHS,14.74779892,14.74779892,10.56642151,14,1.000000,False,"[""54.22769928"", ""34.51117706"", ""29.69583893"", ""25.72004128"", ""24.93900871"", ""21.65596962"", ""20.10053825"", ""18.91027451"", ""17.57437325"", ""16.44562912"", ""16.03908920"", ""15.72594833"", ""15.26176262"", ""16.50653839"", ""14.74779892""]",2,16,TrendWaveletGenericAE,AERootBlock
generic_dim_sweep_r2,TWG_coif2_bd6_td3_gd5_n5,stack_depth_sweep,['TrendWaveletGeneric'],Yearly,1,6,30,5,1,True,0,42,14.610849,3.506953,903.164734,3465497.500000,0.888271,0.804842,2.170586,1045450,256,9.68,15,False,False,ReLU,MAX_EPOCHS,14.73503399,18.23852158,12.89055920,13,1.237766,False,"[""33.27531052"", ""39.72251511"", ""26.69727898"", ""26.01333618"", ""21.85652924"", ""19.79750252"", ""17.72640610"", ""16.25344849"", ""17.13181305"", ""15.61073685"", ""14.79293442"", ""14.96866131"", ""14.97632980"", ""14.73503399"", ""18.23852158""]",2,5,TrendWaveletGeneric,RootBlock
generic_dim_sweep_r2,TWG_coif2_bd6_td3_gd5_n5,stack_depth_sweep,['TrendWaveletGeneric'],Yearly,1,6,30,5,1,True,1,43,14.054091,3.262863,857.404053,3298111.750000,0.840526,0.762799,2.040452,1045450,256,9.54,15,False,False,ReLU,MAX_EPOCHS,14.48363972,14.48363972,10.52031231,14,1.000000,False,"[""30.82095718"", ""43.81803513"", ""28.04780388"", ""24.57988548"", ""23.64926910"", ""21.25166130"", ""18.84113121"", ""16.46460533"", ""16.52189445"", ""16.08475685"", ""16.73020363"", ""15.13945484"", ""14.98386383"", ""14.73006630"", ""14.48363972""]",2,5,TrendWaveletGeneric,RootBlock
generic_dim_sweep_r2,TWG_coif2_bd6_td3_gd5_n5,stack_depth_sweep,['TrendWaveletGeneric'],Yearly,1,6,30,5,1,True,2,44,13.853246,3.167301,841.386353,3250391.250000,0.822357,0.747065,2.029667,1045450,256,9.57,15,False,False,ReLU,MAX_EPOCHS,14.80814838,15.01694202,10.97700024,12,1.014100,False,"[""31.77788925"", ""40.29774475"", ""26.17157364"", ""25.47412491"", ""20.07382584"", ""17.76081848"", ""16.13645935"", ""15.72974300"", ""15.54820824"", ""15.24803829"", ""15.16196918"", ""15.01110840"", ""14.80814838"", ""14.83171749"", ""15.01694202""]",2,5,TrendWaveletGeneric,RootBlock
generic_dim_sweep_r2,TWG_coif2_bd6_td3_gd5_n15,stack_depth_sweep,['TrendWaveletGeneric'],Yearly,1,6,30,15,1,True,0,42,13.707028,3.156551,844.702881,3328181.250000,0.816531,0.736738,1.943802,3136350,256,10.47,15,False,False,ReLU,MAX_EPOCHS,13.97803497,14.50189018,10.10702419,13,1.037477,False,"[""33.77319717"", ""26.24955177"", ""20.83831596"", ""17.22442245"", ""16.19330788"", ""18.60999298"", ""15.33717632"", ""15.10909557"", ""14.66248608"", ""14.75511646"", ""14.38152218"", ""14.46195698"", ""14.09650707"", ""13.97803497"", ""14.50189018""]",2,5,TrendWaveletGeneric,RootBlock
generic_dim_sweep_r2,TWG_coif2_bd6_td3_gd5_n15,stack_depth_sweep,['TrendWaveletGeneric'],Yearly,1,6,30,15,1,True,1,43,13.611090,3.084237,832.296814,3244250.000000,0.804497,0.722523,1.928213,3136350,256,10.41,15,False,False,ReLU,MAX_EPOCHS,14.32977009,14.49548340,10.34863186,12,1.011564,False,"[""33.28984833"", ""27.30405235"", ""20.77494049"", ""17.13600731"", ""16.30407524"", ""18.39105988"", ""16.07095528"", ""15.96081543"", ""15.06763077"", ""15.22346878"", ""14.48575497"", ""14.66843796"", ""14.32977009"", ""15.46806812"", ""14.49548340""]",2,5,TrendWaveletGeneric,RootBlock
generic_dim_sweep_r2,TWG_coif2_bd6_td3_gd5_n15,stack_depth_sweep,['TrendWaveletGeneric'],Yearly,1,6,30,15,1,True,2,44,14.254625,3.366014,880.744446,3369947.750000,0.859639,0.763849,1.984850,3136350,256,10.37,15,False,False,ReLU,MAX_EPOCHS,14.26332188,16.32546616,10.20421314,11,1.144577,False,"[""39.45541382"", ""23.97128868"", ""20.25294113"", ""17.56776619"", ""17.52308846"", ""18.44762802"", ""17.34566879"", ""17.45049477"", ""16.05918503"", ""16.61337090"", ""14.41789818"", ""14.26332188"", ""15.68916416"", ""14.96303654"", ""16.32546616""]",2,5,TrendWaveletGeneric,RootBlock
generic_dim_sweep_r2,TWG_coif2_bd6_td3_gd5_n20,stack_depth_sweep,['TrendWaveletGeneric'],Yearly,1,6,30,20,1,True,0,42,13.754958,3.152267,843.543762,3283976.000000,0.817458,0.729694,1.930213,4181800,256,10.97,15,False,False,ReLU,MAX_EPOCHS,13.96032429,13.96032429,10.79117203,14,1.000000,False,"[""48.19403076"", ""24.48020363"", ""18.50410652"", ""17.25704765"", ""18.15445137"", ""15.22354507"", ""14.55394936"", ""16.07786942"", ""14.60589981"", ""17.31251144"", ""17.57197380"", ""16.97895050"", ""14.83798885"", ""14.36922264"", ""13.96032429""]",2,5,TrendWaveletGeneric,RootBlock
generic_dim_sweep_r2,TWG_coif2_bd6_td3_gd5_n20,stack_depth_sweep,['TrendWaveletGeneric'],Yearly,1,6,30,20,1,True,1,43,13.848575,3.212688,847.062866,3251118.500000,0.827925,0.738611,1.901257,4181800,256,10.87,15,False,False,ReLU,MAX_EPOCHS,14.21327591,14.45865059,10.88230896,11,1.017264,False,"[""54.96012115"", ""27.02650452"", ""19.51201630"", ""17.77121925"", ""18.39100075"", ""15.77672672"", ""15.11418629"", ""16.01820183"", ""14.48186302"", ""15.39401245"", ""14.42300701"", ""14.21327591"", ""15.86959648"", ""14.56829166"", ""14.45865059""]",2,5,TrendWaveletGeneric,RootBlock
generic_dim_sweep_r2,TWG_coif2_bd6_td3_gd5_n20,stack_depth_sweep,['TrendWaveletGeneric'],Yearly,1,6,30,20,1,True,2,44,14.027369,3.261874,858.854492,3301947.250000,0.839583,0.754687,1.973847,4181800,256,10.75,15,False,False,ReLU,MAX_EPOCHS,14.18235874,19.99861145,11.44415092,9,1.410105,False,"[""64.08306122"", ""26.48026085"", ""21.32241249"", ""17.69902039"", ""15.96599770"", ""16.09367561"", ""15.38487053"", ""15.17707729"", ""15.81973743"", ""14.18235874"", ""14.30544281"", ""15.92542267"", ""14.97824192"", ""14.52834606"", ""19.99861145""]",2,5,TrendWaveletGeneric,RootBlock
generic_dim_sweep_r2,TWGAE_coif2_bd6_td3_ld16_gd5_n15,stack_depth_sweep,['TrendWaveletGenericAE'],Yearly,1,6,30,15,1,True,0,42,13.998622,3.205630,855.900757,3327573.250000,0.831627,0.759515,2.052456,675150,256,10.07,15,False,False,ReLU,MAX_EPOCHS,14.20489979,14.52513599,10.48802376,13,1.022544,False,"[""38.84277344"", ""43.12473297"", ""26.62119865"", ""24.09576035"", ""23.39543533"", ""19.85750198"", ""17.80458832"", ""16.20882416"", ""15.66996098"", ""16.34059906"", ""14.95232868"", ""14.54545116"", ""14.48213577"", ""14.20489979"", ""14.52513599""]",2,5,TrendWaveletGenericAE,AERootBlock
generic_dim_sweep_r2,TWGAE_coif2_bd6_td3_ld16_gd5_n15,stack_depth_sweep,['TrendWaveletGenericAE'],Yearly,1,6,30,15,1,True,1,43,14.015105,3.211333,856.897705,3313372.750000,0.832849,0.753492,2.012405,675150,256,10.32,15,False,False,ReLU,MAX_EPOCHS,14.42973804,14.99720955,10.25726032,13,1.039327,False,"[""37.86958694"", ""39.03240967"", ""26.39917946"", ""24.49094772"", ""21.87636948"", ""19.75234985"", ""17.46727753"", ""16.52950859"", ""15.89426994"", ""15.80941486"", ""16.58297729"", ""15.04664230"", ""14.62759781"", ""14.42973804"", ""14.99720955""]",2,5,TrendWaveletGenericAE,AERootBlock
generic_dim_sweep_r2,TWGAE_coif2_bd6_td3_ld16_gd5_n15,stack_depth_sweep,['TrendWaveletGenericAE'],Yearly,1,6,30,15,1,True,2,44,14.105466,3.248482,863.277283,3347566.750000,0.840288,0.761280,2.024166,675150,256,10.12,15,False,False,ReLU,MAX_EPOCHS,14.34767628,14.34767628,10.51285934,14,1.000000,False,"[""51.24175644"", ""38.64219284"", ""27.40114594"", ""24.48363304"", ""24.11173630"", ""19.99073792"", ""18.23037910"", ""17.67142868"", ""16.22739792"", ""17.25968170"", ""15.40152073"", ""14.95166397"", ""14.73313999"", ""14.56865215"", ""14.34767628""]",2,5,TrendWaveletGenericAE,AERootBlock
generic_dim_sweep_r2,TWGAE_coif2_bd6_td3_ld16_gd5_n20,stack_depth_sweep,['TrendWaveletGenericAE'],Yearly,1,6,30,20,1,True,0,42,14.099453,3.298006,870.741211,3388896.500000,0.846335,0.752093,1.943114,900200,256,10.71,15,False,False,ReLU,MAX_EPOCHS,13.97364712,13.97364712,10.12341785,14,1.000000,False,"[""33.64288330"", ""38.39762115"", ""26.68380737"", ""24.92473984"", ""20.98653984"", ""18.57279015"", ""16.31513786"", ""15.52936649"", ""15.27323341"", ""15.07258415"", ""14.46493721"", ""14.37844944"", ""15.19135094"", ""14.06322384"", ""13.97364712""]",2,5,TrendWaveletGenericAE,AERootBlock
generic_dim_sweep_r2,TWGAE_coif2_bd6_td3_ld16_gd5_n20,stack_depth_sweep,['TrendWaveletGenericAE'],Yearly,1,6,30,20,1,True,1,43,14.023612,3.210885,854.000122,3289062.500000,0.833053,0.756644,2.043026,900200,256,10.71,15,False,False,ReLU,MAX_EPOCHS,14.58871078,14.64680195,10.08939552,12,1.003982,False,"[""32.40840912"", ""38.41100311"", ""26.92974472"", ""24.93764687"", ""21.61505508"", ""19.07079124"", ""16.76319695"", ""15.94584751"", ""15.62154484"", ""16.33345222"", ""14.85823536"", ""14.63641834"", ""14.58871078"", ""14.85661697"", ""14.64680195""]",2,5,TrendWaveletGenericAE,AERootBlock
generic_dim_sweep_r2,TWGAE_coif2_bd6_td3_ld16_gd5_n20,stack_depth_sweep,['TrendWaveletGenericAE'],Yearly,1,6,30,20,1,True,2,44,13.941638,3.214426,858.924438,3353456.250000,0.830991,0.742823,1.946518,900200,256,10.76,15,False,False,ReLU,MAX_EPOCHS,13.98228836,13.98228836,10.50787640,14,1.000000,False,"[""37.11468506"", ""38.43185425"", ""26.05775452"", ""24.62601852"", ""20.18213272"", ""17.46307564"", ""15.76024151"", ""16.46703148"", ""16.24401093"", ""14.95137215"", ""14.80360603"", ""14.67875099"", ""14.78394318"", ""14.41915512"", ""13.98228836""]",2,5,TrendWaveletGenericAE,AERootBlock
generic_dim_sweep_r2,TWGAELG_coif2_bd6_td3_ld16_gd5_n15,stack_depth_sweep,['TrendWaveletGenericAELG'],Yearly,1,6,30,15,1,True,0,42,14.183605,3.267131,866.223389,3343616.750000,0.845025,0.768512,2.073538,675390,256,10.45,15,False,False,ReLU,MAX_EPOCHS,14.40556526,14.42235088,10.32926559,13,1.001165,False,"[""53.13075638"", ""37.53902817"", ""31.80459023"", ""25.83331490"", ""24.64923286"", ""21.76065254"", ""19.70644379"", ""17.73621750"", ""16.27898788"", ""15.49688816"", ""15.85906410"", ""15.04235458"", ""15.82546997"", ""14.40556526"", ""14.42235088""]",2,5,TrendWaveletGenericAELG,AERootBlockLG
generic_dim_sweep_r2,TWGAELG_coif2_bd6_td3_ld16_gd5_n15,stack_depth_sweep,['TrendWaveletGenericAELG'],Yearly,1,6,30,15,1,True,1,43,13.951613,3.203594,851.329285,3282588.500000,0.829933,0.752774,2.018087,675390,256,10.57,15,False,False,ReLU,MAX_EPOCHS,14.48248482,14.48248482,10.42274284,14,1.000000,False,"[""52.94277191"", ""39.71658707"", ""28.89404297"", ""25.66298294"", ""25.38697624"", ""21.68513680"", ""20.09852600"", ""18.27827454"", ""16.56843185"", ""16.08597565"", ""15.88624287"", ""16.53823090"", ""14.83344746"", ""14.76689911"", ""14.48248482""]",2,5,TrendWaveletGenericAELG,AERootBlockLG
generic_dim_sweep_r2,TWGAELG_coif2_bd6_td3_ld16_gd5_n15,stack_depth_sweep,['TrendWaveletGenericAELG'],Yearly,1,6,30,15,1,True,2,44,14.104054,3.241256,861.540710,3328508.000000,0.839336,0.758020,2.009633,675390,256,10.30,15,False,False,ReLU,MAX_EPOCHS,14.45657730,14.45657730,10.54306602,14,1.000000,False,"[""67.28922272"", ""31.20976830"", ""34.60675812"", ""26.18571281"", ""24.11559296"", ""24.11794090"", ""20.47393799"", ""18.43485069"", ""16.69342422"", ""15.80836105"", ""16.05912971"", ""16.32289505"", ""14.79652882"", ""15.13274956"", ""14.45657730""]",2,5,TrendWaveletGenericAELG,AERootBlockLG
generic_dim_sweep_r2,TWGAELG_coif2_bd6_td3_ld16_gd5_n20,stack_depth_sweep,['TrendWaveletGenericAELG'],Yearly,1,6,30,20,1,True,0,42,13.761886,3.130005,841.049316,3285034.750000,0.814869,0.730885,1.928954,900520,256,10.82,15,False,False,ReLU,MAX_EPOCHS,14.14495277,14.14495277,10.23317528,14,1.000000,False,"[""44.91957855"", ""45.80697250"", ""27.30123901"", ""24.51670647"", ""24.76383209"", ""20.31334114"", ""18.26280022"", ""16.44919586"", ""15.88297176"", ""15.56601524"", ""14.74502277"", ""14.35755539"", ""14.27532864"", ""14.18703842"", ""14.14495277""]",2,5,TrendWaveletGenericAELG,AERootBlockLG
generic_dim_sweep_r2,TWGAELG_coif2_bd6_td3_ld16_gd5_n20,stack_depth_sweep,['TrendWaveletGenericAELG'],Yearly,1,6,30,20,1,True,1,43,13.969090,3.230670,856.061340,3315668.000000,0.833874,0.756810,2.009490,900520,256,10.74,15,False,False,ReLU,MAX_EPOCHS,14.20222378,14.20222378,10.05648327,14,1.000000,False,"[""43.55974960"", ""42.88503265"", ""26.48989487"", ""24.06390953"", ""24.34297562"", ""20.33073235"", ""18.01225090"", ""16.33507347"", ""16.56326294"", ""15.78566551"", ""15.20455456"", ""14.79168987"", ""14.90030575"", ""14.56776047"", ""14.20222378""]",2,5,TrendWaveletGenericAELG,AERootBlockLG
generic_dim_sweep_r2,TWGAELG_coif2_bd6_td3_ld16_gd5_n20,stack_depth_sweep,['TrendWaveletGenericAELG'],Yearly,1,6,30,20,1,True,2,44,14.044863,3.205964,856.066772,3313217.000000,0.833084,0.755411,2.025193,900520,256,10.90,15,False,False,ReLU,MAX_EPOCHS,14.41547012,14.55108738,10.48701382,13,1.009408,False,"[""51.68752670"", ""40.66517639"", ""28.53928185"", ""24.72024536"", ""23.92706871"", ""20.08060837"", ""18.13360405"", ""16.91036987"", ""15.77770138"", ""15.72314167"", ""15.92452335"", ""14.95785427"", ""15.21825027"", ""14.41547012"", ""14.55108738""]",2,5,TrendWaveletGenericAELG,AERootBlockLG
generic_dim_sweep_r3,TWG_coif2_bd6_td3_gd3,generic_dim_sweep,['TrendWaveletGeneric'],Yearly,1,6,30,10,1,True,0,42,13.463804,3.075082,830.745605,3295711.500000,0.798839,0.713111,1.862596,2085040,256,28.48,48,False,False,ReLU,EARLY_STOPPED,13.53670216,13.64217091,9.41333580,37,1.007791,False,"[""38.65094757"", ""27.07554817"", ""25.64739037"", ""20.55294991"", ""17.05001450"", ""15.87691307"", ""16.96777916"", ""15.64879513"", ""15.82976913"", ""14.79856968"", ""15.20056248"", ""15.89099503"", ""14.64356899"", ""14.33854389"", ""14.71880817"", ""15.57337761"", ""17.06736183"", ""15.30660725"", ""15.31769943"", ""14.19091702"", ""14.49363899"", ""14.00904655"", ""14.34180450"", ""14.77359200"", ""14.15428257"", ""13.94928837"", ""14.04821873"", ""13.77567101"", ""13.71220398"", ""13.66494656"", ""13.82331657"", ""13.94889641"", ""13.71372509"", ""13.62427139"", ""13.67789364"", ""13.94337082"", ""13.55460835"", ""13.53670216"", ""13.77809334"", ""13.63002682"", ""13.59181690"", ""13.58409500"", ""13.65990925"", ""13.59355259"", ""13.65088558"", ""13.55308723"", ""13.59594059"", ""13.64217091""]",3,3,TrendWaveletGeneric,RootBlock
generic_dim_sweep_r3,TWG_coif2_bd6_td3_gd3,generic_dim_sweep,['TrendWaveletGeneric'],Yearly,1,6,30,10,1,True,1,43,13.396154,3.051418,826.490051,3274628.750000,0.793792,0.709493,1.854409,2085040,256,29.93,50,False,False,ReLU,MAX_EPOCHS,13.53567123,13.65807247,9.54592228,44,1.009043,False,"[""52.87452316"", ""26.36518669"", ""24.66051292"", ""19.09314346"", ""16.49092484"", ""15.52816677"", ""15.33793640"", ""14.90087223"", ""16.53845978"", ""16.47425079"", ""15.37821293"", ""14.67579746"", ""14.43535709"", ""14.41709518"", ""14.02679634"", ""14.27928162"", ""15.09337902"", ""13.89180279"", ""14.08385563"", ""15.76560593"", ""14.35999966"", ""13.79084015"", ""15.45036125"", ""14.23841953"", ""14.81870747"", ""13.75413704"", ""13.75527859"", ""14.18214417"", ""13.81027126"", ""13.78326893"", ""13.83540535"", ""13.61541557"", ""13.57187939"", ""13.89787674"", ""13.98211288"", ""13.58877277"", ""13.61402321"", ""14.25697517"", ""13.58675957"", ""13.55767155"", ""13.95978355"", ""13.57923603"", ""13.66009617"", ""13.89021778"", ""13.53567123"", ""13.53777885"", ""13.63125992"", ""13.70435905"", ""13.68443489"", ""13.65807247""]",3,3,TrendWaveletGeneric,RootBlock
generic_dim_sweep_r3,TWG_coif2_bd6_td3_gd3,generic_dim_sweep,['TrendWaveletGeneric'],Yearly,1,6,30,10,1,True,2,44,13.458778,3.081998,831.333496,3285700.500000,0.799555,0.714315,1.858344,2085040,256,30.10,50,False,False,ReLU,MAX_EPOCHS,13.54444599,13.65031147,9.33103371,41,1.007816,False,"[""56.22630310"", ""26.39040947"", ""24.74320412"", ""20.51127052"", ""17.21116447"", ""16.77572060"", ""15.81934261"", ""15.31927586"", ""17.84976006"", ""14.82080746"", ""14.93468094"", ""14.51426888"", ""14.24280548"", ""14.50804043"", ""14.27221870"", ""14.77956009"", ""14.48086166"", ""14.03785896"", ""13.91968250"", ""14.53626633"", ""13.84315777"", ""13.79969406"", ""14.12181664"", ""14.32578850"", ""14.62470245"", ""14.14264774"", ""14.02154732"", ""16.48846626"", ""13.94191837"", ""13.86488342"", ""13.86931896"", ""13.77032375"", ""13.72178841"", ""13.71190929"", ""13.95712471"", ""13.60354996"", ""13.65017700"", ""13.86801529"", ""13.56388474"", ""14.01268196"", ""13.56492424"", ""13.54444599"", ""13.94478512"", ""13.76770020"", ""13.54661655"", ""13.56119823"", ""13.67305565"", ""13.70684528"", ""13.67321205"", ""13.65031147""]",3,3,TrendWaveletGeneric,RootBlock
generic_dim_sweep_r3,TWG_coif2_bd6_td3_gd5,generic_dim_sweep,['TrendWaveletGeneric'],Yearly,1,6,30,10,1,True,0,42,13.418696,3.052196,828.060181,3292375.500000,0.794579,0.709884,1.858287,2090900,256,30.24,50,False,False,ReLU,MAX_EPOCHS,13.55649281,13.60572147,9.24592304,41,1.003631,False,"[""50.01800537"", ""27.53823662"", ""25.03651047"", ""20.15667343"", ""17.45287704"", ""16.91394615"", ""16.85013390"", ""15.51839256"", ""14.68656254"", ""14.49809551"", ""14.70576859"", ""14.18399620"", ""14.02651596"", ""14.86831760"", ""14.30782509"", ""14.20741844"", ""14.22124004"", ""15.46430016"", ""15.83568382"", ""16.39550972"", ""14.38432980"", ""14.69106102"", ""13.84201336"", ""14.43533134"", ""13.77160835"", ""13.98902130"", ""14.11684418"", ""14.03449821"", ""14.82078362"", ""14.46864510"", ""14.84700775"", ""14.04237747"", ""13.88603973"", ""13.90197563"", ""13.62105274"", ""14.02572727"", ""13.60083199"", ""13.81698322"", ""13.63464546"", ""13.59789085"", ""13.77809238"", ""13.55649281"", ""13.68280029"", ""13.58897781"", ""13.64544678"", ""13.59239960"", ""13.58339787"", ""13.63183975"", ""13.61813545"", ""13.60572147""]",3,5,TrendWaveletGeneric,RootBlock
generic_dim_sweep_r3,TWG_coif2_bd6_td3_gd5,generic_dim_sweep,['TrendWaveletGeneric'],Yearly,1,6,30,10,1,True,1,43,13.450416,3.071939,831.411926,3303041.500000,0.798034,0.711334,1.859693,2090900,256,30.37,50,False,False,ReLU,MAX_EPOCHS,13.52284813,13.59822464,9.42338753,42,1.005574,False,"[""65.75541687"", ""27.38305092"", ""24.38418198"", ""21.09532356"", ""18.71151733"", ""17.91251945"", ""17.63931274"", ""16.90595245"", ""16.34573555"", ""15.00681686"", ""14.73404312"", ""14.99848270"", ""14.92078495"", ""14.37352276"", ""14.15860176"", ""14.25272846"", ""14.11286259"", ""14.04945374"", ""14.24517155"", ""14.01191807"", ""14.27498341"", ""14.21937752"", ""15.23013210"", ""14.07257462"", ""14.19911385"", ""13.83701324"", ""13.81719875"", ""13.91782475"", ""13.70185471"", ""13.64214993"", ""13.66077614"", ""13.88939667"", ""13.58856964"", ""13.85821438"", ""13.83835220"", ""13.58931160"", ""14.11459541"", ""13.62943840"", ""14.24904060"", ""13.63059235"", ""13.65101051"", ""14.10873222"", ""13.52284813"", ""13.53476238"", ""13.81610012"", ""13.72735214"", ""13.55332756"", ""13.55207157"", ""13.57881832"", ""13.59822464""]",3,5,TrendWaveletGeneric,RootBlock
generic_dim_sweep_r3,TWG_coif2_bd6_td3_gd5,generic_dim_sweep,['TrendWaveletGeneric'],Yearly,1,6,30,10,1,True,2,44,13.515818,3.088937,833.947937,3293887.000000,0.802173,0.718765,1.876990,2090900,256,19.01,30,False,False,ReLU,EARLY_STOPPED,13.83980942,14.84823322,9.91237354,19,1.072864,False,"[""60.88309097"", ""26.19473839"", ""23.59156227"", ""20.12157822"", ""17.28688812"", ""19.55181694"", ""16.29936600"", ""16.06149292"", ""15.77981281"", ""14.69531155"", ""14.48090935"", ""14.16588593"", ""14.28731251"", ""14.03096199"", ""14.16667843"", ""15.03806686"", ""13.88651943"", ""14.25562477"", ""14.75334930"", ""13.83980942"", ""14.92898750"", ""15.01277542"", ""14.60656643"", ""16.59532928"", ""16.90869713"", ""14.58108425"", ""14.38234901"", ""15.10478973"", ""14.80891609"", ""14.84823322""]",3,5,TrendWaveletGeneric,RootBlock
generic_dim_sweep_r3,TWG_coif2_bd6_td3_gd8,generic_dim_sweep,['TrendWaveletGeneric'],Yearly,1,6,30,10,1,True,0,42,13.507634,3.080122,828.677734,3251660.250000,0.800814,0.719779,1.898745,2099690,256,18.62,29,False,False,ReLU,EARLY_STOPPED,13.96811581,14.52994823,9.77477551,18,1.040222,False,"[""56.31285477"", ""26.31781769"", ""24.04362488"", ""19.54581070"", ""16.82738304"", ""16.88947487"", ""18.34870148"", ""16.30996132"", ""15.46380806"", ""15.62678623"", ""14.41997242"", ""14.37007713"", ""14.23753643"", ""14.01042080"", ""14.56917095"", ""13.98095226"", ""14.32025719"", ""14.91590118"", ""13.96811581"", ""14.10226345"", ""15.22823238"", ""14.02751923"", ""14.04368114"", ""14.46258831"", ""16.29224586"", ""15.07320213"", ""15.25439358"", ""14.04588223"", ""14.52994823""]",3,8,TrendWaveletGeneric,RootBlock
generic_dim_sweep_r3,TWG_coif2_bd6_td3_gd8,generic_dim_sweep,['TrendWaveletGeneric'],Yearly,1,6,30,10,1,True,1,43,13.419010,3.057488,828.660645,3291079.500000,0.795255,0.712791,1.860352,2099690,256,30.59,50,False,False,ReLU,MAX_EPOCHS,13.54275513,13.61543179,9.33223915,43,1.005366,False,"[""59.64518356"", ""27.20476151"", ""23.44951439"", ""20.02337646"", ""17.37196350"", ""17.61315536"", ""16.93350029"", ""16.45958138"", ""15.63840580"", ""15.21826649"", ""14.82455540"", ""16.09536171"", ""14.40958405"", ""14.74258423"", ""14.07196426"", ""14.30835915"", ""14.45739365"", ""14.75469875"", ""13.95736313"", ""14.98279667"", ""13.85333061"", ""14.49577045"", ""13.77081108"", ""14.14772129"", ""13.75633812"", ""14.02979755"", ""13.80363083"", ""14.15086937"", ""13.74004078"", ""14.07093525"", ""13.74499226"", ""14.21675110"", ""13.62305260"", ""14.17209816"", ""13.59319401"", ""14.02320099"", ""13.54654884"", ""13.73671627"", ""13.59000587"", ""13.62654305"", ""13.65439510"", ""13.55493164"", ""13.68034554"", ""13.54275513"", ""13.67978764"", ""13.62402725"", ""13.55788136"", ""13.58378124"", ""13.61499214"", ""13.61543179""]",3,8,TrendWaveletGeneric,RootBlock
generic_dim_sweep_r3,TWG_coif2_bd6_td3_gd8,generic_dim_sweep,['TrendWaveletGeneric'],Yearly,1,6,30,10,1,True,2,44,13.419729,3.056211,828.600830,3303644.000000,0.795116,0.711901,1.865974,2099690,256,30.17,50,False,False,ReLU,MAX_EPOCHS,13.54034328,13.57874775,9.36039257,45,1.002836,False,"[""48.35905075"", ""27.50379372"", ""26.61893845"", ""19.96532249"", ""17.84157372"", ""17.29710770"", ""21.47259521"", ""17.15316963"", ""16.41482162"", ""15.59921646"", ""15.06004524"", ""15.35659599"", ""14.37318993"", ""14.22083569"", ""14.51973534"", ""14.84703541"", ""14.19702721"", ""14.21538448"", ""15.82276249"", ""13.89177132"", ""13.74816036"", ""13.72913361"", ""13.76019859"", ""15.07401466"", ""13.83027077"", ""13.86873817"", ""13.76603985"", ""14.17686367"", ""13.73981285"", ""14.10115242"", ""13.61999035"", ""13.79904652"", ""14.27024460"", ""13.60028553"", ""13.64612389"", ""13.71120930"", ""13.60599899"", ""13.69994926"", ""13.69079494"", ""13.59816456"", ""13.70081615"", ""13.56681824"", ""13.72796917"", ""13.56808567"", ""13.67033577"", ""13.54034328"", ""13.63870621"", ""13.64022827"", ""13.58359146"", ""13.57874775""]",3,8,TrendWaveletGeneric,RootBlock
generic_dim_sweep_r3,TWG_coif2_bd6_td3_gd16,generic_dim_sweep,['TrendWaveletGeneric'],Yearly,1,6,30,10,1,True,0,42,13.599353,3.129716,842.377136,3342938.250000,0.809860,0.721035,1.865763,2123130,256,22.97,37,False,False,ReLU,EARLY_STOPPED,13.58344555,13.61596775,9.83639431,26,1.002394,False,"[""55.81192398"", ""27.23386955"", ""24.08280945"", ""19.83581734"", ""17.74414444"", ""18.17706299"", ""15.95283318"", ""16.94561195"", ""14.92744255"", ""15.15567493"", ""14.76473331"", ""14.61555195"", ""14.95152569"", ""14.14324474"", ""14.43710327"", ""14.89006615"", ""14.17192936"", ""13.99597931"", ""14.58118725"", ""14.76199341"", ""13.90694714"", ""13.85146904"", ""13.88855267"", ""13.87006378"", ""13.67213631"", ""13.64727592"", ""13.58344555"", ""14.97663689"", ""15.43686676"", ""14.99080753"", ""13.89625263"", ""13.80943298"", ""14.62414551"", ""13.85714531"", ""14.25218105"", ""13.64598465"", ""13.61596775""]",3,16,TrendWaveletGeneric,RootBlock
generic_dim_sweep_r3,TWG_coif2_bd6_td3_gd16,generic_dim_sweep,['TrendWaveletGeneric'],Yearly,1,6,30,10,1,True,2,44,13.423496,3.051582,827.561890,3291228.250000,0.794649,0.710818,1.857911,2123130,256,22.98,36,False,False,ReLU,EARLY_STOPPED,13.60524464,14.32583809,9.73132801,25,1.052964,False,"[""56.10337067"", ""27.59734726"", ""24.98818016"", ""20.47412491"", ""18.33080864"", ""18.12803078"", ""15.97260284"", ""15.55748749"", ""15.65236855"", ""14.96722412"", ""14.48189640"", ""14.12911320"", ""14.68963432"", ""14.31860733"", ""14.42447662"", ""13.79257298"", ""13.86966705"", ""13.99763966"", ""15.28637218"", ""13.71807861"", ""13.83419800"", ""14.07481003"", ""13.93437195"", ""13.72491741"", ""13.78349495"", ""13.60524464"", ""14.11817551"", ""14.16380692"", ""15.28447247"", ""14.82555580"", ""14.41693878"", ""13.78478241"", ""14.26949501"", ""13.88090038"", ""13.71684265"", ""14.32583809""]",3,16,TrendWaveletGeneric,RootBlock
generic_dim_sweep_r3,TWG_coif2_bd6_td3_gd16,generic_dim_sweep,['TrendWaveletGeneric'],Yearly,1,6,30,10,1,True,1,43,13.445594,3.070360,830.081299,3286917.750000,0.797688,0.712642,1.860138,2123130,256,30.08,49,False,False,ReLU,EARLY_STOPPED,13.60499287,13.64611912,9.52614975,38,1.003023,False,"[""54.62792969"", ""26.62449265"", ""24.77331161"", ""19.71574783"", ""17.79696083"", ""17.16939545"", ""16.52790451"", ""16.18000793"", ""15.02574730"", ""14.56125450"", ""17.00049400"", ""15.54555130"", ""15.01671982"", ""14.26263046"", ""15.47142696"", ""15.27497959"", ""15.12811661"", ""14.17762184"", ""14.45615101"", ""14.09360313"", ""14.34862328"", ""13.90070343"", ""14.27514839"", ""14.51483250"", ""15.17675304"", ""14.08340263"", ""14.48386955"", ""13.79273415"", ""14.01122665"", ""13.75107384"", ""13.72417641"", ""14.01430321"", ""13.68525505"", ""13.66955471"", ""13.80965519"", ""13.67040730"", ""13.73217487"", ""13.73429585"", ""13.60499287"", ""13.74339771"", ""13.66128635"", ""13.77183533"", ""13.65989780"", ""13.60573483"", ""13.78645420"", ""13.67553806"", ""13.61307430"", ""13.64063072"", ""13.64611912""]",3,16,TrendWaveletGeneric,RootBlock
generic_dim_sweep_r3,TWGAE_coif2_bd6_td3_ld16_gd3,generic_dim_sweep,['TrendWaveletGenericAE'],Yearly,1,6,30,10,1,True,0,42,13.584885,3.101294,839.232788,3334219.250000,0.805841,0.717440,1.868376,444240,256,30.09,49,False,False,ReLU,EARLY_STOPPED,13.58961868,13.64294434,9.44774055,38,1.003924,False,"[""89.12236023"", ""32.91297913"", ""43.86834335"", ""28.25000572"", ""25.80024529"", ""24.74875450"", ""21.88872910"", ""20.39461899"", ""18.71031761"", ""16.96766281"", ""16.16947937"", ""15.70265388"", ""16.48410034"", ""14.79873943"", ""14.99380589"", ""14.58969879"", ""14.33662891"", ""14.13692570"", ""14.80433655"", ""14.16088676"", ""14.06487370"", ""13.92346096"", ""13.97439671"", ""13.95010757"", ""13.73849010"", ""14.07484531"", ""13.72375774"", ""13.92817211"", ""14.14230537"", ""13.66484737"", ""13.63480949"", ""14.46812057"", ""13.70810699"", ""13.76327991"", ""13.64521694"", ""13.97206497"", ""13.67143440"", ""13.78218651"", ""13.58961868"", ""13.76024628"", ""13.61176395"", ""13.67960644"", ""13.61869431"", ""13.68034554"", ""13.61879921"", ""13.67180538"", ""13.65072536"", ""13.62862873"", ""13.64294434""]",3,3,TrendWaveletGenericAE,AERootBlock
generic_dim_sweep_r3,TWGAE_coif2_bd6_td3_ld16_gd3,generic_dim_sweep,['TrendWaveletGenericAE'],Yearly,1,6,30,10,1,True,1,43,13.579780,3.091646,835.674927,3330605.750000,0.804471,0.718658,1.882799,444240,256,30.52,50,False,False,ReLU,MAX_EPOCHS,13.66855335,13.73424625,9.66020012,43,1.004806,False,"[""64.79083252"", ""32.25444412"", ""39.79498291"", ""26.93967056"", ""25.17168808"", ""23.26170921"", ""20.47190857"", ""18.51421738"", ""16.52351952"", ""15.72162628"", ""15.88562679"", ""14.97696495"", ""14.66368580"", ""14.62969875"", ""14.42309284"", ""14.87404060"", ""14.30865192"", ""14.07100296"", ""15.15631962"", ""14.46003914"", ""14.45043659"", ""13.98390388"", ""13.98534203"", ""13.78338623"", ""14.01848602"", ""13.95343113"", ""13.77244473"", ""13.84022522"", ""13.80961037"", ""13.83639908"", ""14.27873135"", ""13.72908878"", ""13.94565868"", ""13.77501869"", ""13.74382305"", ""13.71989441"", ""13.69602489"", ""13.86121082"", ""13.68684959"", ""13.82765484"", ""13.71902084"", ""13.90398598"", ""13.68258858"", ""13.66855335"", ""13.80713844"", ""13.69944668"", ""13.70630074"", ""13.74300003"", ""13.73810291"", ""13.73424625""]",3,3,TrendWaveletGenericAE,AERootBlock
generic_dim_sweep_r3,TWG_coif2_bd6_td3_gd5_n15,stack_depth_sweep,['TrendWaveletGeneric'],Yearly,1,6,30,15,1,True,0,42,13.484438,3.090161,832.818787,3292833.500000,0.801367,0.719118,1.881457,3136350,256,20.14,30,False,False,ReLU,EARLY_STOPPED,13.69495964,15.51406670,9.71429634,19,1.132830,False,"[""33.77319717"", ""26.24955177"", ""20.83831596"", ""17.22442245"", ""16.19330788"", ""18.60999298"", ""15.33717632"", ""15.10909557"", ""14.66248608"", ""14.75511646"", ""14.38152218"", ""14.46195698"", ""14.09650707"", ""13.97803497"", ""14.50189018"", ""13.86956215"", ""14.54746151"", ""14.83412075"", ""14.69107246"", ""13.69495964"", ""13.96364403"", ""14.84707737"", ""14.00728798"", ""13.83152676"", ""16.13657379"", ""13.82370758"", ""14.30560303"", ""16.61566544"", ""14.60749626"", ""15.51406670""]",3,5,TrendWaveletGeneric,RootBlock
generic_dim_sweep_r3,TWGAE_coif2_bd6_td3_ld16_gd3,generic_dim_sweep,['TrendWaveletGenericAE'],Yearly,1,6,30,10,1,True,2,44,13.632009,3.121059,841.803711,3321430.500000,0.809770,0.723515,1.883019,444240,256,30.07,49,False,False,ReLU,EARLY_STOPPED,13.67352486,13.69467831,9.61034298,38,1.001547,False,"[""59.01033783"", ""30.55832291"", ""31.74612236"", ""24.71487427"", ""23.87586594"", ""20.63108826"", ""18.93933105"", ""17.02957726"", ""16.20638275"", ""15.83737469"", ""15.09550381"", ""14.64614296"", ""15.24741840"", ""15.31889629"", ""14.36917019"", ""14.37261295"", ""14.41524696"", ""14.81766701"", ""16.24699783"", ""14.12163544"", ""14.06843185"", ""14.16141605"", ""14.68251801"", ""14.08355045"", ""14.10905743"", ""13.89045238"", ""14.07095146"", ""13.82300663"", ""13.78017235"", ""14.17028141"", ""13.78719521"", ""13.79596424"", ""13.94750309"", ""13.75105000"", ""13.73975563"", ""13.80565929"", ""13.71627808"", ""13.85332489"", ""13.67352486"", ""13.83093929"", ""13.69715214"", ""13.73833275"", ""13.71493626"", ""13.69117641"", ""13.71636963"", ""13.69191837"", ""13.73760223"", ""13.70931149"", ""13.69467831""]",3,3,TrendWaveletGenericAE,AERootBlock
generic_dim_sweep_r3,TWG_coif2_bd6_td3_gd5_n15,stack_depth_sweep,['TrendWaveletGeneric'],Yearly,1,6,30,15,1,True,2,44,14.254625,3.366014,880.744446,3369947.750000,0.859639,0.763849,1.984850,3136350,256,15.24,22,False,False,ReLU,EARLY_STOPPED,14.26332188,17.42897987,10.71885300,11,1.221944,False,"[""39.45541382"", ""23.97128868"", ""20.25294113"", ""17.56776619"", ""17.52308846"", ""18.44762802"", ""17.34566879"", ""17.45049477"", ""16.05918503"", ""16.61337090"", ""14.41789818"", ""14.26332188"", ""15.68916416"", ""14.96303654"", ""16.32546616"", ""15.52618599"", ""16.61440468"", ""15.42978287"", ""15.07459259"", ""14.47756767"", ""15.02454472"", ""17.42897987""]",3,5,TrendWaveletGeneric,RootBlock
generic_dim_sweep_r3,TWG_coif2_bd6_td3_gd5_n15,stack_depth_sweep,['TrendWaveletGeneric'],Yearly,1,6,30,15,1,True,1,43,13.484219,3.090459,834.906677,3302413.750000,0.801398,0.714589,1.860813,3136350,256,31.63,50,False,False,ReLU,MAX_EPOCHS,13.56222439,13.60740471,9.32976723,44,1.003331,False,"[""33.28984833"", ""27.30405235"", ""20.77494049"", ""17.13600731"", ""16.30407524"", ""18.39105988"", ""16.07095528"", ""15.96081543"", ""15.06763077"", ""15.22346878"", ""14.48575497"", ""14.66843796"", ""14.32977009"", ""15.46806812"", ""14.49548340"", ""15.03479576"", ""14.45267677"", ""13.86898613"", ""13.98125839"", ""15.57137871"", ""15.30744171"", ""14.43792152"", ""15.42280674"", ""15.59029388"", ""15.44637871"", ""14.16845798"", ""14.40521908"", ""13.69408703"", ""13.77215862"", ""13.74933243"", ""14.84064579"", ""13.82902622"", ""14.25910282"", ""13.71905327"", ""14.85118103"", ""13.63086987"", ""14.11726761"", ""14.56777763"", ""14.24312782"", ""13.78715992"", ""13.62426758"", ""14.21830177"", ""13.96063137"", ""13.57903004"", ""13.56222439"", ""13.68897533"", ""13.76549911"", ""13.66590118"", ""13.61527348"", ""13.60740471""]",3,5,TrendWaveletGeneric,RootBlock
generic_dim_sweep_r3,TWG_coif2_bd6_td3_gd5_n20,stack_depth_sweep,['TrendWaveletGeneric'],Yearly,1,6,30,20,1,True,1,43,13.483399,3.085504,832.597290,3283122.000000,0.800750,0.713713,1.849242,4181800,256,23.84,34,False,False,ReLU,EARLY_STOPPED,13.64203644,14.45338345,9.88052464,23,1.059474,False,"[""54.96012115"", ""27.02650452"", ""19.51201630"", ""17.77121925"", ""18.39100075"", ""15.77672672"", ""15.11418629"", ""16.01820183"", ""14.48186302"", ""15.39401245"", ""14.42300701"", ""14.21327591"", ""15.86959648"", ""14.56829166"", ""14.45865059"", ""14.24130344"", ""14.58107567"", ""13.92344189"", ""13.83915997"", ""13.87476540"", ""13.81550694"", ""13.69032097"", ""13.77918434"", ""13.64203644"", ""13.76097584"", ""14.08952141"", ""14.71434498"", ""14.43836308"", ""15.38752270"", ""14.76437187"", ""14.55110836"", ""13.90682888"", ""13.85857868"", ""14.45338345""]",3,5,TrendWaveletGeneric,RootBlock
generic_dim_sweep_r3,TWG_coif2_bd6_td3_gd5_n20,stack_depth_sweep,['TrendWaveletGeneric'],Yearly,1,6,30,20,1,True,0,42,13.474848,3.086660,833.076294,3293402.000000,0.800633,0.714129,1.857517,4181800,256,32.74,50,False,False,ReLU,MAX_EPOCHS,13.53407764,13.57814026,9.25789833,44,1.003256,False,"[""48.19403076"", ""24.48020363"", ""18.50410652"", ""17.25704765"", ""18.15445137"", ""15.22354507"", ""14.55394936"", ""16.07786942"", ""14.60589981"", ""17.31251144"", ""17.57197380"", ""16.97895050"", ""14.83798885"", ""14.36922264"", ""13.96032429"", ""14.00603390"", ""13.79078007"", ""14.58506012"", ""13.80795670"", ""13.95136929"", ""13.87377548"", ""13.86922169"", ""14.67378902"", ""13.80294609"", ""14.09953403"", ""13.78639507"", ""14.47894001"", ""13.74510765"", ""15.99219036"", ""14.96448612"", ""14.58936787"", ""13.86338615"", ""13.67281532"", ""15.19867134"", ""13.70773602"", ""13.59945393"", ""14.15839100"", ""13.57905388"", ""13.89174557"", ""13.69045067"", ""13.60516548"", ""13.90966320"", ""14.04571915"", ""13.54412460"", ""13.53407764"", ""13.59101391"", ""13.70813274"", ""13.66372395"", ""13.59435463"", ""13.57814026""]",3,5,TrendWaveletGeneric,RootBlock
generic_dim_sweep_r3,TWG_coif2_bd6_td3_gd5_n20,stack_depth_sweep,['TrendWaveletGeneric'],Yearly,1,6,30,20,1,True,2,44,14.027369,3.261874,858.854492,3301947.250000,0.839583,0.754687,1.973847,4181800,256,14.36,20,False,False,ReLU,EARLY_STOPPED,14.18235874,14.98210621,10.70302010,9,1.056390,False,"[""64.08306122"", ""26.48026085"", ""21.32241249"", ""17.69902039"", ""15.96599770"", ""16.09367561"", ""15.38487053"", ""15.17707729"", ""15.81973743"", ""14.18235874"", ""14.30544281"", ""15.92542267"", ""14.97824192"", ""14.52834606"", ""19.99861145"", ""15.93405437"", ""15.03317642"", ""16.63003349"", ""17.56991196"", ""14.98210621""]",3,5,TrendWaveletGeneric,RootBlock
generic_dim_sweep_r3,TWGAE_coif2_bd6_td3_ld16_gd5_n15,stack_depth_sweep,['TrendWaveletGenericAE'],Yearly,1,6,30,15,1,True,0,42,13.564350,3.101332,835.101990,3296990.750000,0.805218,0.721606,1.883179,675150,256,30.25,48,False,False,ReLU,EARLY_STOPPED,13.63103294,13.68260193,9.42229557,37,1.003783,False,"[""38.84277344"", ""43.12473297"", ""26.62119865"", ""24.09576035"", ""23.39543533"", ""19.85750198"", ""17.80458832"", ""16.20882416"", ""15.66996098"", ""16.34059906"", ""14.95232868"", ""14.54545116"", ""14.48213577"", ""14.20489979"", ""14.52513599"", ""13.96201515"", ""14.11688423"", ""14.70601463"", ""13.87109470"", ""13.83992004"", ""15.92393303"", ""14.09202003"", ""14.05151463"", ""13.84669113"", ""13.77449608"", ""14.84106922"", ""14.24762535"", ""14.86057758"", ""13.84951496"", ""14.55274487"", ""13.84051323"", ""14.15593338"", ""13.77320290"", ""13.71101189"", ""14.21084690"", ""13.69367409"", ""14.55829334"", ""13.63103294"", ""13.69609737"", ""13.72472668"", ""13.68748188"", ""13.65325451"", ""13.80338192"", ""13.64756775"", ""13.70550537"", ""13.66757202"", ""13.67954922"", ""13.68260193""]",3,5,TrendWaveletGenericAE,AERootBlock
generic_dim_sweep_r3,TWGAE_coif2_bd6_td3_ld16_gd5_n15,stack_depth_sweep,['TrendWaveletGenericAE'],Yearly,1,6,30,15,1,True,1,43,13.556443,3.097323,832.725891,3276307.000000,0.804471,0.723675,1.887509,675150,256,30.28,48,False,False,ReLU,EARLY_STOPPED,13.69543076,13.70037937,9.41029835,37,1.000361,False,"[""37.86958694"", ""39.03240967"", ""26.39917946"", ""24.49094772"", ""21.87636948"", ""19.75234985"", ""17.46727753"", ""16.52950859"", ""15.89426994"", ""15.80941486"", ""16.58297729"", ""15.04664230"", ""14.62759781"", ""14.42973804"", ""14.99720955"", ""14.90406704"", ""14.97259331"", ""14.17395210"", ""15.33034420"", ""14.17402744"", ""14.60192490"", ""14.11139679"", ""14.27693367"", ""13.90559959"", ""14.16499615"", ""13.92121887"", ""14.30578518"", ""13.82171345"", ""14.13517284"", ""13.78843498"", ""14.18412590"", ""13.73163891"", ""14.14068222"", ""13.72828579"", ""14.08866024"", ""13.69710445"", ""13.90703487"", ""13.69543076"", ""13.81999683"", ""13.70442486"", ""13.74141979"", ""13.74764633"", ""13.73372936"", ""13.70203781"", ""13.72761250"", ""13.71743870"", ""13.71210766"", ""13.70037937""]",3,5,TrendWaveletGenericAE,AERootBlock
generic_dim_sweep_r3,TWGAE_coif2_bd6_td3_ld16_gd5_n15,stack_depth_sweep,['TrendWaveletGenericAE'],Yearly,1,6,30,15,1,True,2,44,13.532376,3.096552,836.710693,3331925.000000,0.803638,0.718290,1.873107,675150,256,31.79,50,False,False,ReLU,MAX_EPOCHS,13.65926456,13.75756264,9.38553238,40,1.007196,False,"[""51.24175644"", ""38.64219284"", ""27.40114594"", ""24.48363304"", ""24.11173630"", ""19.99073792"", ""18.23037910"", ""17.67142868"", ""16.22739792"", ""17.25968170"", ""15.40152073"", ""14.95166397"", ""14.73313999"", ""14.56865215"", ""14.34767628"", ""14.76759148"", ""14.13998795"", ""14.40103531"", ""15.07894611"", ""14.07561016"", ""13.96705818"", ""13.98518658"", ""14.09599495"", ""14.35308743"", ""13.86261559"", ""13.85304165"", ""14.00245094"", ""14.34329033"", ""13.77591610"", ""13.85296917"", ""14.00339127"", ""13.87750530"", ""13.74633789"", ""13.67432594"", ""14.10312080"", ""13.86401463"", ""13.71775532"", ""13.71331882"", ""13.74849415"", ""13.97407436"", ""13.65926456"", ""13.72297192"", ""13.91450119"", ""13.72221756"", ""13.76252747"", ""13.75462246"", ""13.72840118"", ""13.73706150"", ""13.75517654"", ""13.75756264""]",3,5,TrendWaveletGenericAE,AERootBlock
generic_dim_sweep_r3,TWGAE_coif2_bd6_td3_ld16_gd5_n20,stack_depth_sweep,['TrendWaveletGenericAE'],Yearly,1,6,30,20,1,True,0,42,13.513686,3.088571,832.308105,3283643.250000,0.802062,0.718560,1.875192,900200,256,32.52,50,False,False,ReLU,EARLY_STOPPED,13.57799721,13.64350033,9.26876068,39,1.004824,False,"[""33.64288330"", ""38.39762115"", ""26.68380737"", ""24.92473984"", ""20.98653984"", ""18.57279015"", ""16.31513786"", ""15.52936649"", ""15.27323341"", ""15.07258415"", ""14.46493721"", ""14.37844944"", ""15.19135094"", ""14.06322384"", ""13.97364712"", ""14.62763882"", ""14.15555000"", ""14.43267345"", ""14.98586655"", ""13.98964787"", ""13.79637527"", ""13.76381016"", ""14.29424286"", ""13.75586319"", ""14.10591888"", ""14.34995079"", ""13.75716972"", ""13.83911991"", ""13.79077148"", ""13.64521503"", ""13.73878670"", ""13.63992214"", ""14.28818512"", ""13.89813137"", ""14.19657707"", ""13.63933182"", ""14.02759743"", ""13.58888149"", ""13.87360096"", ""13.57799721"", ""13.66551590"", ""13.64067078"", ""13.67355442"", ""13.63305855"", ""13.66806221"", ""13.62269115"", ""13.69934273"", ""13.64393520"", ""13.64016056"", ""13.64350033""]",3,5,TrendWaveletGenericAE,AERootBlock
generic_dim_sweep_r3,TWGAE_coif2_bd6_td3_ld16_gd5_n20,stack_depth_sweep,['TrendWaveletGenericAE'],Yearly,1,6,30,20,1,True,1,43,13.530964,3.077173,830.506531,3273060.750000,0.801157,0.718543,1.883625,900200,256,32.55,50,False,False,ReLU,MAX_EPOCHS,13.65261936,13.68468094,9.39495659,44,1.002348,False,"[""32.40840912"", ""38.41100311"", ""26.92974472"", ""24.93764687"", ""21.61505508"", ""19.07079124"", ""16.76319695"", ""15.94584751"", ""15.62154484"", ""16.33345222"", ""14.85823536"", ""14.63641834"", ""14.58871078"", ""14.85661697"", ""14.64680195"", ""14.67846012"", ""14.72113705"", ""15.91627216"", ""14.50523949"", ""15.85609150"", ""14.31682301"", ""14.99511909"", ""14.31873417"", ""14.80093193"", ""14.46181488"", ""15.02134418"", ""13.91705704"", ""14.52532101"", ""13.90548325"", ""14.54973793"", ""13.85703373"", ""14.28675365"", ""13.77170372"", ""14.22993374"", ""13.73766708"", ""14.12126541"", ""13.67340374"", ""13.91578579"", ""13.66007042"", ""13.84795952"", ""13.66106415"", ""13.75151253"", ""13.67503834"", ""13.77005005"", ""13.65261936"", ""13.68758869"", ""13.72048473"", ""13.68663597"", ""13.68047142"", ""13.68468094""]",3,5,TrendWaveletGenericAE,AERootBlock
generic_dim_sweep_r3,TWGAE_coif2_bd6_td3_ld16_gd5_n20,stack_depth_sweep,['TrendWaveletGenericAE'],Yearly,1,6,30,20,1,True,2,44,13.470236,3.080658,832.790100,3321155.500000,0.799737,0.715015,1.870969,900200,256,31.39,48,False,False,ReLU,EARLY_STOPPED,13.64080334,13.71540737,9.38698769,37,1.005469,False,"[""37.11468506"", ""38.43185425"", ""26.05775452"", ""24.62601852"", ""20.18213272"", ""17.46307564"", ""15.76024151"", ""16.46703148"", ""16.24401093"", ""14.95137215"", ""14.80360603"", ""14.67875099"", ""14.78394318"", ""14.41915512"", ""13.98228836"", ""14.79943371"", ""15.49596500"", ""15.41991043"", ""14.17804337"", ""14.08386517"", ""14.67171764"", ""13.98115921"", ""14.01727200"", ""13.91744518"", ""14.17329884"", ""13.86094284"", ""14.23621750"", ""13.76430798"", ""13.83159351"", ""13.70411110"", ""14.42044926"", ""13.76681137"", ""13.86060238"", ""13.70584011"", ""13.97240448"", ""13.68064117"", ""14.08383560"", ""13.64080334"", ""13.69545078"", ""13.70454311"", ""13.69534683"", ""13.66897869"", ""13.77675533"", ""13.64711094"", ""13.71773911"", ""13.70934677"", ""13.69167709"", ""13.71540737""]",3,5,TrendWaveletGenericAE,AERootBlock
generic_dim_sweep_r3,TWGAELG_coif2_bd6_td3_ld16_gd5_n20,stack_depth_sweep,['TrendWaveletGenericAELG'],Yearly,1,6,30,20,1,True,0,42,13.941773,3.262517,865.224915,3405766.750000,0.837045,0.744301,1.913414,900520,256,20.74,31,False,False,ReLU,EARLY_STOPPED,13.68674755,13.73249149,9.47151661,20,1.003342,False,"[""44.91957855"", ""45.80697250"", ""27.30123901"", ""24.51670647"", ""24.76383209"", ""20.31334114"", ""18.26280022"", ""16.44919586"", ""15.88297176"", ""15.56601524"", ""14.74502277"", ""14.35755539"", ""14.27532864"", ""14.18703842"", ""14.14495277"", ""14.07071018"", ""13.89780807"", ""13.85706234"", ""14.05104446"", ""14.50152874"", ""13.68674755"", ""13.84770679"", ""14.45113564"", ""14.17130566"", ""13.74037743"", ""14.91350174"", ""14.26880932"", ""15.72393513"", ""13.87401485"", ""13.99657440"", ""13.73249149""]",3,5,TrendWaveletGenericAELG,AERootBlockLG
generic_dim_sweep_r3,TWGAELG_coif2_bd6_td3_ld16_gd5_n20,stack_depth_sweep,['TrendWaveletGenericAELG'],Yearly,1,6,30,20,1,True,1,43,13.485055,3.067095,829.077393,3280842.000000,0.798484,0.714299,1.865929,900520,256,32.77,50,False,False,ReLU,MAX_EPOCHS,13.62201405,13.67248535,9.34381485,41,1.003705,False,"[""43.55974960"", ""42.88503265"", ""26.48989487"", ""24.06390953"", ""24.34297562"", ""20.33073235"", ""18.01225090"", ""16.33507347"", ""16.56326294"", ""15.78566551"", ""15.20455456"", ""14.79168987"", ""14.90030575"", ""14.56776047"", ""14.20222378"", ""14.27809143"", ""14.25021172"", ""15.22518349"", ""14.01351452"", ""13.98845005"", ""13.84371567"", ""14.30626392"", ""14.17250633"", ""13.73362732"", ""13.69387531"", ""13.92942619"", ""14.34072113"", ""13.71949959"", ""13.73600101"", ""13.68932915"", ""13.97447014"", ""13.67361546"", ""13.65677071"", ""14.06937504"", ""13.67405605"", ""14.05701256"", ""13.64254379"", ""13.66633606"", ""13.85192966"", ""13.67611694"", ""13.70826054"", ""13.62201405"", ""13.80356693"", ""13.63120556"", ""13.73371029"", ""13.64683247"", ""13.64386177"", ""13.69429111"", ""13.68124485"", ""13.67248535""]",3,5,TrendWaveletGenericAELG,AERootBlockLG
generic_dim_sweep_r3,TWGAELG_coif2_bd6_td3_ld16_gd5_n20,stack_depth_sweep,['TrendWaveletGenericAELG'],Yearly,1,6,30,20,1,True,2,44,13.521184,3.092627,835.289246,3336342.250000,0.802802,0.716788,1.874236,900520,256,31.89,49,False,False,ReLU,EARLY_STOPPED,13.59306431,13.71819401,9.37528133,38,1.009205,False,"[""51.68752670"", ""40.66517639"", ""28.53928185"", ""24.72024536"", ""23.92706871"", ""20.08060837"", ""18.13360405"", ""16.91036987"", ""15.77770138"", ""15.72314167"", ""15.92452335"", ""14.95785427"", ""15.21825027"", ""14.41547012"", ""14.55108738"", ""14.31628895"", ""14.05721188"", ""14.21766949"", ""14.31467628"", ""14.09091473"", ""14.16199684"", ""13.84525585"", ""13.86787319"", ""13.82199860"", ""13.78298187"", ""14.16593170"", ""13.77772713"", ""13.72259331"", ""13.90469742"", ""13.90849972"", ""13.75046921"", ""13.71722031"", ""13.68948746"", ""13.74534416"", ""13.86748600"", ""13.61873913"", ""13.79844189"", ""13.82603645"", ""13.59306431"", ""13.86991310"", ""13.66492653"", ""13.70165062"", ""13.79727554"", ""13.62000370"", ""13.77524281"", ""13.69624615"", ""13.63726807"", ""13.69276810"", ""13.71819401""]",3,5,TrendWaveletGenericAELG,AERootBlockLG
