experiment,config_name,category,stack_types,period,frequency,forecast_length,backcast_length,n_stacks,n_blocks_per_stack,share_weights,run,seed,smape,mase,mae,mse,owa,norm_mae,norm_mse,n_params,t_width,training_time_seconds,epochs_trained,active_g,sum_losses,activation,stopping_reason,best_val_loss,final_val_loss,final_train_loss,best_epoch,loss_ratio,diverged,val_loss_curve,block_type,backbone,active_g_cfg
baseline,TWG_coif2_td3_bd4_gd5,trendwavelet_generic_new,['TrendWaveletGeneric'],Yearly,1,6,30,10,1,True,1,43,13.773643,3.198672,853.169434,3353539.750000,0.823868,0.736983,1.921511,2085760,256,22.99,31,False,False,ReLU,EARLY_STOPPED,13.83694553,13.90480137,10.19923592,20,1.004904,False,"[""60.76902008"", ""25.69361496"", ""23.29377747"", ""19.16424179"", ""16.63549423"", ""16.95839691"", ""15.80932331"", ""16.43042183"", ""14.71841812"", ""14.82295895"", ""14.38818169"", ""14.03889656"", ""13.95390511"", ""14.29344845"", ""14.14447975"", ""15.35138321"", ""14.78340626"", ""15.22498608"", ""14.27355194"", ""15.49849892"", ""13.83694553"", ""16.14474297"", ""15.91812134"", ""15.27959347"", ""15.19853973"", ""16.06038475"", ""13.85751629"", ""13.94671631"", ""13.87020016"", ""15.22426319"", ""13.90480137""]",TrendWaveletGeneric,RootBlock,per_pass
baseline,TWG_coif2_td3_bd4_gd5,trendwavelet_generic_new,['TrendWaveletGeneric'],Yearly,1,6,30,10,1,True,0,42,13.538798,3.090956,834.410522,3296630.250000,0.803131,0.718636,1.883503,2085760,256,25.06,31,False,False,ReLU,EARLY_STOPPED,13.68366146,15.62079906,9.69323063,20,1.141566,False,"[""51.19493484"", ""27.47386932"", ""25.73494530"", ""21.18436432"", ""18.92410851"", ""17.66394043"", ""16.32933235"", ""16.30299568"", ""16.25109673"", ""15.03181934"", ""15.52231216"", ""15.53085232"", ""14.66706085"", ""15.15027142"", ""14.43264008"", ""14.18224621"", ""14.08867645"", ""14.40247440"", ""13.95771694"", ""13.93544197"", ""13.68366146"", ""13.86105824"", ""13.74459743"", ""13.79139042"", ""13.74269390"", ""14.73964310"", ""13.81846333"", ""13.76557350"", ""13.76598740"", ""14.04513073"", ""15.62079906""]",TrendWaveletGeneric,RootBlock,per_pass
baseline,TWG_coif2_td3_bd4_gd5,trendwavelet_generic_new,['TrendWaveletGeneric'],Yearly,1,6,30,10,1,True,3,45,14.253407,3.394249,882.461548,3351521.000000,0.863154,0.767883,1.992958,2085760,256,35.17,27,False,False,ReLU,EARLY_STOPPED,14.25076103,15.54501534,10.39515305,16,1.090820,False,"[""61.70157242"", ""28.25097466"", ""25.75847626"", ""21.05879974"", ""18.56237221"", ""19.83937263"", ""16.44420242"", ""16.30065727"", ""15.77744865"", ""15.13191605"", ""15.26171303"", ""14.91250420"", ""14.94441128"", ""15.14033127"", ""14.56093788"", ""15.22604847"", ""14.25076103"", ""14.49621296"", ""14.85925007"", ""14.44959545"", ""14.36552811"", ""14.28005123"", ""15.24260235"", ""14.61224365"", ""15.04006958"", ""14.41770077"", ""15.54501534""]",TrendWaveletGeneric,RootBlock,per_pass
baseline,TWG_coif2_td3_bd4_gd5,trendwavelet_generic_new,['TrendWaveletGeneric'],Yearly,1,6,30,10,1,True,2,44,13.531509,3.103231,837.727478,3338994.250000,0.804452,0.717610,1.875620,2085760,256,47.18,39,False,False,ReLU,EARLY_STOPPED,13.64423656,17.25868034,11.53511620,28,1.264906,False,"[""43.03142929"", ""27.54103279"", ""28.17906761"", ""20.71871567"", ""18.49980736"", ""17.62789536"", ""16.59251213"", ""15.88405800"", ""15.51461983"", ""15.81040764"", ""14.52610302"", ""14.34773731"", ""14.32567406"", ""14.67923927"", ""13.93551731"", ""13.92863750"", ""14.02033710"", ""14.13574696"", ""15.02368736"", ""14.38139248"", ""13.72571564"", ""13.83518028"", ""13.70137405"", ""13.99291420"", ""14.12057781"", ""13.68951607"", ""13.68885899"", ""13.64636517"", ""13.64423656"", ""13.90470123"", ""14.24417496"", ""13.66753769"", ""15.47478294"", ""14.59886646"", ""14.65856266"", ""14.72486973"", ""14.98257160"", ""15.08126450"", ""17.25868034""]",TrendWaveletGeneric,RootBlock,per_pass
baseline,TWG_coif2_td3_bd4_gd5,trendwavelet_generic_new,['TrendWaveletGeneric'],Yearly,1,6,30,10,1,True,4,46,13.701792,3.121928,837.918396,3244001.500000,0.812014,0.728503,1.941212,2085760,256,23.73,27,False,False,ReLU,EARLY_STOPPED,14.39026928,15.82946301,10.13149261,16,1.100012,False,"[""59.21712875"", ""27.64626694"", ""26.53735924"", ""20.91022682"", ""18.98604393"", ""17.70141411"", ""16.09092140"", ""15.81280804"", ""16.61604691"", ""15.69810295"", ""15.54298878"", ""15.33067417"", ""16.34064674"", ""16.55824280"", ""16.76734161"", ""15.85356617"", ""14.39026928"", ""15.56330204"", ""15.89282513"", ""15.28346729"", ""15.76285362"", ""14.51171017"", ""16.21026039"", ""14.39058304"", ""14.64582157"", ""15.38183594"", ""15.82946301""]",TrendWaveletGeneric,RootBlock,per_pass
baseline,TWGAE_coif2_td3_bd4_gd5_ld16,trendwavelet_generic_new,['TrendWaveletGenericAE'],Yearly,1,6,30,10,1,True,0,42,13.628389,3.131425,841.188538,3318570.500000,0.810963,0.724256,1.892255,444960,256,48.91,64,False,False,ReLU,EARLY_STOPPED,13.61279202,13.82847691,9.27976418,53,1.015844,False,"[""70.48591614"", ""31.91557121"", ""41.83843231"", ""26.18805504"", ""24.12821007"", ""22.84746933"", ""19.53240395"", ""17.78021240"", ""16.91674232"", ""16.28607941"", ""16.01206589"", ""16.64497566"", ""15.69125652"", ""15.23503971"", ""15.10638046"", ""15.70639801"", ""14.50595665"", ""15.50964832"", ""14.24129391"", ""14.75451756"", ""14.45429897"", ""14.71490669"", ""14.51368523"", ""14.63281250"", ""14.33244801"", ""14.75379181"", ""14.06804466"", ""14.41174698"", ""13.97785282"", ""14.44170666"", ""14.00442123"", ""14.69962597"", ""13.94214153"", ""14.53643036"", ""13.87597942"", ""14.59408569"", ""13.88594818"", ""14.27156830"", ""13.83914566"", ""14.26421165"", ""13.78462410"", ""13.96809769"", ""13.74928665"", ""14.02136230"", ""13.78292561"", ""14.24073410"", ""13.66112804"", ""13.67556763"", ""13.77170753"", ""14.03749847"", ""13.75762367"", ""13.78417492"", ""13.66438293"", ""13.61279202"", ""13.78927135"", ""13.75039101"", ""13.86931896"", ""13.67083740"", ""13.62892818"", ""13.96574020"", ""13.77689171"", ""13.69446850"", ""13.63059902"", ""13.82847691""]",TrendWaveletGenericAE,AERootBlock,per_pass
baseline,TWGAE_coif2_td3_bd4_gd5_ld16,trendwavelet_generic_new,['TrendWaveletGenericAE'],Yearly,1,6,30,10,1,True,1,43,13.539841,3.101065,835.425964,3293364.500000,0.804434,0.715882,1.857386,444960,256,55.33,71,False,False,ReLU,EARLY_STOPPED,13.53922939,13.54307842,9.35017586,60,1.000284,False,"[""53.94852066"", ""39.72726440"", ""29.40222740"", ""24.87736702"", ""24.13550758"", ""20.73661995"", ""19.27571869"", ""18.35390282"", ""16.30959129"", ""16.11861038"", ""15.42392159"", ""15.41207600"", ""14.86946774"", ""14.41618347"", ""14.50018311"", ""14.25424480"", ""15.13054848"", ""14.81393242"", ""14.11806297"", ""14.02982044"", ""14.02783394"", ""14.05384254"", ""13.93819809"", ""13.83776379"", ""14.03783989"", ""14.64286995"", ""13.79561424"", ""13.93800449"", ""13.92200851"", ""13.74750996"", ""13.78779316"", ""14.68453503"", ""13.75807095"", ""13.74299335"", ""13.87196064"", ""14.79739285"", ""13.67097664"", ""13.79679585"", ""14.00955582"", ""13.67378521"", ""13.67996979"", ""13.95462894"", ""13.95783997"", ""13.61179924"", ""13.83224583"", ""14.06990242"", ""13.67918301"", ""13.71313953"", ""13.60172176"", ""14.11527538"", ""13.94406509"", ""13.58920002"", ""13.54551125"", ""13.81947422"", ""13.74860764"", ""13.58890724"", ""13.57625771"", ""13.81597805"", ""13.69461823"", ""13.56075096"", ""13.53922939"", ""13.92821217"", ""13.63041592"", ""13.59997940"", ""13.58262253"", ""13.60582638"", ""13.79988480"", ""13.60941982"", ""13.59488678"", ""13.74647045"", ""13.54307842""]",TrendWaveletGenericAE,AERootBlock,per_pass
baseline,TWGAE_coif2_td3_bd4_gd5_ld16,trendwavelet_generic_new,['TrendWaveletGenericAE'],Yearly,1,6,30,10,1,True,2,44,13.550733,3.090507,834.988281,3313857.250000,0.803439,0.717618,1.867841,444960,256,43.49,59,False,False,ReLU,EARLY_STOPPED,13.63821888,13.72776222,9.45648384,48,1.006566,False,"[""79.04566193"", ""30.14878845"", ""35.81520462"", ""25.87064743"", ""23.37104416"", ""21.58273697"", ""18.88157654"", ""17.25280762"", ""16.00585175"", ""15.86179733"", ""15.40589905"", ""16.46096992"", ""14.86140919"", ""14.53143978"", ""14.78664112"", ""14.35337925"", ""14.90265083"", ""14.45411301"", ""14.12508392"", ""14.11025524"", ""14.14145374"", ""14.39406681"", ""14.12583160"", ""14.05552673"", ""14.33627892"", ""13.95764160"", ""13.85902596"", ""14.10168743"", ""13.92468166"", ""13.82133389"", ""14.15312862"", ""14.43389702"", ""13.82428837"", ""13.73166561"", ""13.84582710"", ""14.54485226"", ""13.73514557"", ""13.72454643"", ""14.06656837"", ""14.06528568"", ""13.71190262"", ""13.67500496"", ""14.31497669"", ""14.08880329"", ""13.70174217"", ""13.69443989"", ""13.90971375"", ""14.17624187"", ""13.63821888"", ""13.65879250"", ""13.87753010"", ""14.04014111"", ""13.64162731"", ""13.65175819"", ""13.92460823"", ""13.89202881"", ""13.64758301"", ""13.68549347"", ""13.72776222""]",TrendWaveletGenericAE,AERootBlock,per_pass
baseline,TWGAE_coif2_td3_bd4_gd5_ld16,trendwavelet_generic_new,['TrendWaveletGenericAE'],Yearly,1,6,30,10,1,True,3,45,13.528273,3.090204,834.401855,3308750.000000,0.802714,0.717219,1.872168,444960,256,54.45,70,False,False,ReLU,EARLY_STOPPED,13.58294201,13.60996342,9.40896797,59,1.001989,False,"[""73.21504974"", ""27.96924973"", ""37.77369690"", ""25.32259560"", ""24.10451126"", ""23.53826714"", ""20.13528442"", ""18.23284531"", ""16.47120094"", ""17.37949181"", ""15.84093380"", ""16.37241745"", ""15.20588493"", ""15.32030392"", ""14.87315750"", ""14.74869823"", ""14.63167381"", ""14.47219467"", ""14.48791885"", ""14.31476498"", ""14.62688351"", ""14.47516537"", ""14.16262531"", ""14.14659882"", ""14.03328800"", ""14.33110237"", ""14.13629341"", ""14.07623196"", ""14.28063011"", ""13.82255840"", ""13.76261520"", ""13.76009750"", ""14.22094536"", ""13.92498398"", ""15.64306068"", ""14.06869793"", ""14.35627460"", ""13.69880295"", ""14.46811962"", ""13.83217621"", ""13.68422794"", ""13.72583961"", ""14.06497669"", ""13.76379395"", ""13.66323471"", ""13.67062378"", ""13.70478821"", ""14.34750843"", ""13.65541553"", ""13.64085865"", ""13.87792969"", ""13.60239697"", ""13.63185978"", ""14.40993214"", ""13.61024857"", ""14.17806339"", ""13.58644199"", ""13.72094059"", ""13.99296570"", ""13.58294201"", ""13.65993500"", ""13.60508823"", ""13.71637917"", ""13.66110229"", ""13.64700317"", ""13.70370960"", ""14.01274014"", ""13.59879112"", ""13.93366623"", ""13.60996342""]",TrendWaveletGenericAE,AERootBlock,per_pass
baseline,TWGAE_coif2_td3_bd4_gd5_ld16,trendwavelet_generic_new,['TrendWaveletGenericAE'],Yearly,1,6,30,10,1,True,4,46,13.587089,3.102134,833.597595,3274289.250000,0.806014,0.718230,1.875932,444960,256,55.26,75,False,False,ReLU,EARLY_STOPPED,13.56563282,13.57661152,9.22795486,64,1.000809,False,"[""60.77068329"", ""33.38023758"", ""34.50977707"", ""25.04940414"", ""23.56461143"", ""21.55772781"", ""19.20066261"", ""17.74462318"", ""18.08759117"", ""15.86590862"", ""17.03198433"", ""15.96116161"", ""16.85295868"", ""15.32953835"", ""16.10115433"", ""15.17075157"", ""15.23496056"", ""14.84502888"", ""15.23910713"", ""14.71871567"", ""15.57219601"", ""14.59481621"", ""15.41054249"", ""15.04646969"", ""15.11032295"", ""15.17052841"", ""15.31249428"", ""14.23018932"", ""14.57144737"", ""14.10273266"", ""14.52153492"", ""14.08142757"", ""14.14710426"", ""13.91601181"", ""14.02166176"", ""14.42441940"", ""13.77196693"", ""13.74634075"", ""13.75037193"", ""13.85765934"", ""14.12165260"", ""13.84345627"", ""13.73443794"", ""14.06340790"", ""13.90502453"", ""14.69525909"", ""13.85116863"", ""14.19722557"", ""13.67164707"", ""13.82857227"", ""13.90625858"", ""13.61236858"", ""13.74135208"", ""13.77454090"", ""13.66068745"", ""13.62428761"", ""13.76631832"", ""13.74997807"", ""13.65852070"", ""13.64323235"", ""13.92814827"", ""13.60141468"", ""13.70463085"", ""13.82170200"", ""13.56563282"", ""13.96023941"", ""13.58681488"", ""14.08468056"", ""13.59726048"", ""13.99932766"", ""13.57299423"", ""13.95931244"", ""13.57484150"", ""13.89112186"", ""13.57661152""]",TrendWaveletGenericAE,AERootBlock,per_pass
baseline,TWGAELG_coif2_td3_bd4_gd5_ld16,trendwavelet_generic_new,['TrendWaveletGenericAELG'],Yearly,1,6,30,10,1,True,0,42,13.541135,3.103361,834.011047,3294545.500000,0.804763,0.720936,1.890720,445120,256,61.52,78,False,False,ReLU,EARLY_STOPPED,13.59749413,13.80556011,9.26745319,67,1.015302,False,"[""86.13594818"", ""35.07197952"", ""44.92952347"", ""31.49756050"", ""25.51940155"", ""24.57934189"", ""22.08765221"", ""19.70728874"", ""17.89033318"", ""16.50710678"", ""16.37396240"", ""16.43691635"", ""15.37413883"", ""15.19848251"", ""16.01221848"", ""15.11447144"", ""15.96861935"", ""14.96734810"", ""14.55108929"", ""14.38497162"", ""14.75880337"", ""14.27650642"", ""15.06925583"", ""14.31953144"", ""15.09437275"", ""14.32370472"", ""14.41875267"", ""14.21604919"", ""14.33636284"", ""14.13945484"", ""14.41620827"", ""13.91002274"", ""14.61111927"", ""13.97619724"", ""14.68848610"", ""13.85344315"", ""14.34653664"", ""13.86232567"", ""14.53132439"", ""13.86566734"", ""14.28042889"", ""13.83489227"", ""14.22149086"", ""13.76628399"", ""14.10523510"", ""13.71806622"", ""14.20197105"", ""13.74865532"", ""14.19449043"", ""13.69373131"", ""13.75098610"", ""14.38063145"", ""13.70011520"", ""14.02847290"", ""13.69324493"", ""13.74495411"", ""13.87823009"", ""13.64872646"", ""13.65320396"", ""13.84717941"", ""13.80016136"", ""13.63407707"", ""14.09423733"", ""13.65439415"", ""14.30582428"", ""13.63555527"", ""13.94638729"", ""13.59749413"", ""13.83767891"", ""13.62069130"", ""13.79215527"", ""13.62878036"", ""13.82817936"", ""13.64067650"", ""13.74380207"", ""13.72082710"", ""13.63152981"", ""13.80556011""]",TrendWaveletGenericAELG,AERootBlockLG,per_pass
baseline,TWGAELG_coif2_td3_bd4_gd5_ld16,trendwavelet_generic_new,['TrendWaveletGenericAELG'],Yearly,1,6,30,10,1,True,1,43,13.505459,3.085274,831.010986,3275617.000000,0.801396,0.715752,1.867857,445120,256,57.51,77,False,False,ReLU,EARLY_STOPPED,13.55123329,13.56361866,9.17284012,66,1.000914,False,"[""72.44356537"", ""30.43531990"", ""40.65066147"", ""26.05912018"", ""24.23807335"", ""24.22241211"", ""20.77392578"", ""19.36788750"", ""17.83642387"", ""16.32404518"", ""16.89929581"", ""15.52443790"", ""15.41864300"", ""15.45075512"", ""14.89475250"", ""14.91569519"", ""14.55651093"", ""14.47580338"", ""14.67032909"", ""14.37359619"", ""14.15612888"", ""14.18982506"", ""14.64629745"", ""14.00440216"", ""13.95681095"", ""14.08187866"", ""13.76326180"", ""13.85976219"", ""13.74330711"", ""14.14895344"", ""13.90859890"", ""13.72553253"", ""13.72881126"", ""14.15047455"", ""13.93126392"", ""13.66277409"", ""13.69179630"", ""14.18791676"", ""14.02312088"", ""13.62065792"", ""13.64161968"", ""13.93666458"", ""13.96209145"", ""13.61687946"", ""13.59608936"", ""13.91926670"", ""13.75317764"", ""13.63542557"", ""13.59503365"", ""13.72415447"", ""13.79075813"", ""13.60428429"", ""13.58652210"", ""13.78191280"", ""13.78424740"", ""13.58732891"", ""13.61029911"", ""13.60567284"", ""13.80774689"", ""13.70939636"", ""13.58529472"", ""13.57335567"", ""13.82413197"", ""13.61066341"", ""13.55877209"", ""14.04933167"", ""13.55123329"", ""13.66254711"", ""13.58363438"", ""13.77535057"", ""13.58483791"", ""13.79228687"", ""13.56894970"", ""13.72472382"", ""13.60112762"", ""13.70835304"", ""13.56361866""]",TrendWaveletGenericAELG,AERootBlockLG,per_pass
baseline,TWGAELG_coif2_td3_bd4_gd5_ld16,trendwavelet_generic_new,['TrendWaveletGenericAELG'],Yearly,1,6,30,10,1,True,2,44,13.529711,3.075155,832.146729,3310038.750000,0.800864,0.715593,1.869400,445120,256,56.17,71,False,False,ReLU,EARLY_STOPPED,13.62818718,13.75036812,9.30846691,60,1.008965,False,"[""95.93813324"", ""39.72860718"", ""34.85103989"", ""30.55580902"", ""24.60839081"", ""23.95485115"", ""21.17323875"", ""19.18789673"", ""18.18823051"", ""17.28997612"", ""15.93388176"", ""18.06561279"", ""15.32832909"", ""16.14156151"", ""15.13739491"", ""15.42738819"", ""14.71380138"", ""15.48866749"", ""14.70773411"", ""15.54533386"", ""14.62634277"", ""15.46599865"", ""14.51691341"", ""15.11728287"", ""14.38741207"", ""14.90746975"", ""14.23115444"", ""14.84795666"", ""14.21789265"", ""14.79521561"", ""14.14243031"", ""14.93614578"", ""14.13014126"", ""14.92590523"", ""14.05055332"", ""14.68890476"", ""14.07364368"", ""14.73735237"", ""13.98475647"", ""14.66867352"", ""13.89183044"", ""14.72414112"", ""13.83123112"", ""14.67957211"", ""13.82826996"", ""14.72250557"", ""13.83568764"", ""14.47299862"", ""13.82702160"", ""14.34361172"", ""13.74536037"", ""13.91205406"", ""13.79536724"", ""13.70033169"", ""13.67395020"", ""13.96628761"", ""13.77031231"", ""13.63006401"", ""13.69586849"", ""13.70997524"", ""13.62818718"", ""13.64800644"", ""13.75205612"", ""13.78540325"", ""13.64000034"", ""13.64485168"", ""13.68831825"", ""13.82290936"", ""13.70546150"", ""13.70411110"", ""13.75036812""]",TrendWaveletGenericAELG,AERootBlockLG,per_pass
baseline,TWGAELG_coif2_td3_bd4_gd5_ld16,trendwavelet_generic_new,['TrendWaveletGenericAELG'],Yearly,1,6,30,10,1,True,3,45,13.494064,3.080919,833.101074,3317080.000000,0.800499,0.714475,1.860605,445120,256,50.82,68,False,False,ReLU,EARLY_STOPPED,13.53909206,13.73700714,9.38448715,57,1.014618,False,"[""89.41695404"", ""35.58141708"", ""35.95288086"", ""30.20781326"", ""25.13170052"", ""23.12795067"", ""23.66676331"", ""20.06554794"", ""18.61043167"", ""17.59193802"", ""17.93969345"", ""15.71091557"", ""16.18511963"", ""15.31744385"", ""15.60791397"", ""14.82717133"", ""15.49675941"", ""14.88109493"", ""14.97569942"", ""14.29687595"", ""14.20522118"", ""14.45068455"", ""14.23956490"", ""14.21762466"", ""14.19580269"", ""13.93640995"", ""14.31909275"", ""14.75513458"", ""13.91735077"", ""14.13215733"", ""13.80162525"", ""14.30206013"", ""13.83394337"", ""13.79168034"", ""13.92826176"", ""14.04913044"", ""13.77790260"", ""13.85604858"", ""13.79873276"", ""13.66565990"", ""13.63541889"", ""13.98590851"", ""13.65850830"", ""13.73951244"", ""13.67857170"", ""13.63111401"", ""14.21317768"", ""13.84628773"", ""14.06000996"", ""13.68084812"", ""13.67252541"", ""13.79362392"", ""13.73131752"", ""13.69044018"", ""13.58440781"", ""13.63303375"", ""14.05982208"", ""13.53909206"", ""13.63464642"", ""13.81952953"", ""13.56395149"", ""13.77983379"", ""13.70213604"", ""13.54775906"", ""13.71731758"", ""13.81383324"", ""13.54789639"", ""13.73700714""]",TrendWaveletGenericAELG,AERootBlockLG,per_pass
baseline,TWGAELG_coif2_td3_bd4_gd5_ld16,trendwavelet_generic_new,['TrendWaveletGenericAELG'],Yearly,1,6,30,10,1,True,4,46,13.472538,3.044491,825.723145,3265203.750000,0.795257,0.710608,1.875017,445120,256,42.58,53,False,False,ReLU,EARLY_STOPPED,13.63362217,13.68691349,9.48993492,42,1.003909,False,"[""76.28394318"", ""30.12896729"", ""40.65243912"", ""26.44964600"", ""23.83047485"", ""24.24187851"", ""20.26766777"", ""18.73935127"", ""17.77817535"", ""16.69580841"", ""15.63016319"", ""15.78596210"", ""15.11694336"", ""15.26159286"", ""14.87364006"", ""15.72339821"", ""14.77077293"", ""14.92190075"", ""14.37088490"", ""14.31387520"", ""14.23718071"", ""14.13999176"", ""14.25029755"", ""14.33033657"", ""14.47878170"", ""14.07933712"", ""13.95175266"", ""13.92525578"", ""13.98678684"", ""14.23410320"", ""13.76697922"", ""13.76681137"", ""14.05072784"", ""14.09208298"", ""13.69470882"", ""13.72998238"", ""14.03193188"", ""13.96727848"", ""13.74011517"", ""13.68460846"", ""13.96887493"", ""13.94210911"", ""13.63362217"", ""13.75270939"", ""13.75717640"", ""14.06434345"", ""13.66127682"", ""13.70362759"", ""13.71569157"", ""13.76043797"", ""13.69315720"", ""13.69979572"", ""13.68691349""]",TrendWaveletGenericAELG,AERootBlockLG,per_pass
baseline,TWGVAE_coif2_td3_bd4_gd5_ld16,trendwavelet_generic_new,['TrendWaveletGenericVAE'],Yearly,1,6,30,10,1,True,0,42,14.899582,3.432381,895.134949,3471788.750000,0.887722,0.817767,2.234996,600000,256,62.14,81,False,False,ReLU,EARLY_STOPPED,15.32788277,15.44638348,11.52198887,70,1.007731,False,"[""181.15939331"", ""174.10397339"", ""167.04414368"", ""158.85998535"", ""148.84869385"", ""134.00347900"", ""117.88507843"", ""91.44234467"", ""64.19884491"", ""41.17212296"", ""26.83378601"", ""23.59016228"", ""22.32710266"", ""21.61500931"", ""21.56326866"", ""20.93295097"", ""20.91688728"", ""22.31639862"", ""20.13948631"", ""23.53077126"", ""19.76879501"", ""23.24554825"", ""21.55396461"", ""19.31294441"", ""19.87472534"", ""19.53288078"", ""19.70454216"", ""19.41205597"", ""18.76454735"", ""18.68612862"", ""18.35120964"", ""19.34171104"", ""18.10990906"", ""19.36700439"", ""17.02641487"", ""18.02115059"", ""17.02703476"", ""17.68417931"", ""18.31140900"", ""18.18290710"", ""17.12395477"", ""16.74150467"", ""16.98055267"", ""16.46025085"", ""16.54211044"", ""17.00625801"", ""17.31945801"", ""16.30447388"", ""16.86904526"", ""16.65805435"", ""17.20325851"", ""16.75473213"", ""16.76635551"", ""17.99565697"", ""16.81634140"", ""16.91119766"", ""16.08325005"", ""16.32081032"", ""16.10630417"", ""16.13726425"", ""16.01838684"", ""15.85247040"", ""16.33767128"", ""15.99494457"", ""15.63619518"", ""15.50125027"", ""16.31743050"", ""15.62903976"", ""15.66858864"", ""15.94163418"", ""15.32788277"", ""15.90463066"", ""15.46623325"", ""15.72708607"", ""15.39956284"", ""15.92610836"", ""15.41552067"", ""15.47764683"", ""15.45515251"", ""15.38663769"", ""15.44638348""]",TrendWaveletGenericVAE,AERootBlockVAE,per_pass
baseline,TWGVAE_coif2_td3_bd4_gd5_ld16,trendwavelet_generic_new,['TrendWaveletGenericVAE'],Yearly,1,6,30,10,1,True,1,43,16.500971,3.855829,1000.780273,4028256.750000,0.989996,0.905661,2.471800,600000,256,37.34,44,False,False,ReLU,EARLY_STOPPED,16.67208290,17.87149429,22.71601868,33,1.071941,False,"[""179.16084290"", ""171.30799866"", ""165.35900879"", ""157.74986267"", ""149.49920654"", ""138.70520020"", ""123.59187317"", ""102.12088013"", ""73.40315247"", ""49.84818649"", ""31.77471542"", ""25.12729836"", ""22.32483101"", ""20.92548180"", ""20.06559563"", ""19.98262024"", ""18.93269157"", ""18.41988564"", ""18.47602654"", ""18.74944496"", ""18.15718842"", ""19.28559875"", ""18.83689690"", ""20.08628273"", ""20.54762459"", ""17.85099602"", ""21.51672173"", ""19.87940979"", ""17.47208786"", ""18.62745857"", ""17.54157257"", ""17.49687576"", ""17.21679115"", ""16.67208290"", ""16.91386795"", ""17.66905403"", ""18.46309853"", ""17.94352913"", ""17.21544456"", ""16.89031601"", ""17.37967873"", ""17.10223770"", ""16.79884338"", ""17.87149429""]",TrendWaveletGenericVAE,AERootBlockVAE,per_pass
baseline,TWGVAE_coif2_td3_bd4_gd5_ld16,trendwavelet_generic_new,['TrendWaveletGenericVAE'],Yearly,1,6,30,10,1,True,3,45,18.692045,4.513758,1105.331421,4384297.500000,1.139813,1.069326,3.440263,600000,256,24.12,27,False,False,ReLU,EARLY_STOPPED,18.64669609,18.81578445,27.36154175,16,1.009068,False,"[""178.91897583"", ""174.57395935"", ""168.40081787"", ""164.34469604"", ""153.39871216"", ""143.21601868"", ""130.63978577"", ""105.33351898"", ""72.44857788"", ""47.52734375"", ""30.76486969"", ""24.75957870"", ""23.47721672"", ""20.44021225"", ""20.21692657"", ""19.70583344"", ""18.64669609"", ""20.02343750"", ""19.81025314"", ""22.35311890"", ""21.78940201"", ""20.94527054"", ""22.19506264"", ""20.26322556"", ""21.43110847"", ""20.37878990"", ""18.81578445""]",TrendWaveletGenericVAE,AERootBlockVAE,per_pass
baseline,TWGVAE_coif2_td3_bd4_gd5_ld16,trendwavelet_generic_new,['TrendWaveletGenericVAE'],Yearly,1,6,30,10,1,True,2,44,15.242311,3.538378,905.198608,3465005.500000,0.911545,0.821906,2.211918,600000,256,60.51,78,False,False,ReLU,EARLY_STOPPED,15.58700848,17.06530380,13.01557827,67,1.094842,False,"[""180.28207397"", ""172.36558533"", ""164.10206604"", ""155.68962097"", ""145.01972961"", ""136.37084961"", ""120.15052032"", ""100.70495605"", ""72.66666412"", ""46.10319138"", ""32.04641342"", ""26.79339600"", ""23.65630150"", ""22.38502312"", ""20.39137840"", ""20.67549896"", ""21.33593941"", ""25.37545013"", ""19.18610954"", ""20.15905380"", ""21.44588852"", ""19.40987206"", ""18.84745598"", ""19.33237839"", ""18.54589081"", ""17.28890610"", ""16.92795563"", ""17.73615456"", ""18.09763908"", ""17.44128036"", ""18.47697830"", ""17.07748413"", ""17.56423569"", ""19.04631615"", ""17.13321686"", ""16.08966446"", ""17.13028908"", ""16.06647491"", ""17.58248901"", ""18.52537155"", ""23.30036163"", ""16.17821693"", ""19.94975090"", ""18.11772919"", ""16.52649117"", ""17.70756721"", ""15.94711399"", ""16.48053169"", ""19.99213791"", ""16.72964668"", ""16.34348297"", ""16.65049553"", ""16.63382721"", ""16.71933174"", ""16.26600266"", ""17.35816002"", ""15.93121910"", ""16.46146393"", ""18.26512527"", ""17.04870033"", ""15.66025639"", ""16.86334419"", ""18.76836967"", ""17.20299911"", ""15.90639305"", ""16.65485191"", ""15.62977028"", ""15.58700848"", ""15.93462658"", ""16.19359589"", ""16.05898476"", ""16.43569565"", ""16.16763496"", ""16.14549828"", ""16.05739212"", ""16.27381897"", ""15.91754723"", ""17.06530380""]",TrendWaveletGenericVAE,AERootBlockVAE,per_pass
baseline,TW_coif2_td3_bd4,trendwavelet_generic_reference,['TrendWavelet'],Yearly,1,6,30,10,1,True,0,42,13.613532,3.130718,842.236694,3328182.000000,0.810420,0.723284,1.892559,2071110,256,28.76,37,False,False,ReLU,EARLY_STOPPED,13.71916580,13.80462742,9.72498512,26,1.006229,False,"[""60.31094742"", ""26.73221779"", ""26.26405716"", ""20.28611946"", ""18.47546005"", ""17.77025032"", ""16.03762627"", ""16.36413383"", ""18.18286705"", ""17.65814209"", ""17.64811516"", ""16.04958916"", ""17.86635590"", ""17.20359421"", ""15.53244400"", ""17.17552185"", ""16.50950241"", ""14.75520134"", ""16.23956108"", ""14.54153919"", ""15.30861664"", ""14.26205826"", ""14.19530201"", ""14.24332428"", ""13.98200703"", ""14.27791977"", ""13.71916580"", ""13.78162098"", ""13.74977970"", ""14.12360096"", ""14.83100700"", ""14.22135639"", ""14.27892208"", ""15.83500671"", ""13.90248489"", ""13.72558022"", ""13.80462742""]",TrendWavelet,RootBlock,per_pass
baseline,TWGVAE_coif2_td3_bd4_gd5_ld16,trendwavelet_generic_new,['TrendWaveletGenericVAE'],Yearly,1,6,30,10,1,True,4,46,14.999848,3.454340,916.073486,3644243.000000,0.893553,0.815188,2.175911,600000,256,75.09,87,False,False,ReLU,EARLY_STOPPED,14.91545773,15.57601261,11.98190498,76,1.044287,False,"[""175.94851685"", ""171.97850037"", ""168.78448486"", ""159.14006042"", ""150.20135498"", ""136.60766602"", ""122.40780640"", ""105.69528198"", ""75.86720276"", ""45.35543060"", ""28.78038788"", ""25.87886047"", ""24.34208488"", ""23.07509041"", ""23.39803505"", ""22.19179344"", ""22.12288857"", ""21.84068108"", ""21.00966835"", ""21.26190186"", ""19.55591774"", ""19.71396065"", ""19.48839188"", ""21.51743889"", ""19.98506165"", ""18.86608887"", ""18.57234001"", ""18.29950142"", ""18.96067810"", ""18.64095688"", ""17.49960899"", ""16.71411896"", ""17.07747841"", ""18.49605942"", ""18.42425919"", ""17.90699387"", ""20.92159462"", ""19.11035538"", ""18.50667953"", ""17.06810760"", ""16.57353973"", ""16.99869728"", ""16.67784119"", ""17.91875458"", ""17.16227150"", ""17.85764503"", ""16.79173088"", ""16.85009003"", ""16.50128365"", ""16.99685478"", ""16.43337631"", ""18.84955025"", ""17.65560532"", ""17.04289246"", ""16.24486160"", ""16.72251129"", ""15.62666416"", ""16.03622627"", ""15.85700226"", ""16.61173820"", ""15.53358936"", ""16.75836945"", ""15.72854233"", ""16.10190582"", ""15.42264652"", ""16.47133636"", ""15.70107079"", ""15.45964432"", ""16.22437477"", ""15.30881405"", ""15.51540375"", ""15.69403267"", ""15.52603531"", ""15.13536263"", ""15.66062737"", ""15.51357841"", ""14.91545773"", ""15.88320255"", ""16.33652687"", ""15.18856621"", ""15.29035759"", ""15.07002068"", ""15.81319714"", ""15.43730831"", ""15.16987801"", ""15.80104351"", ""15.57601261""]",TrendWaveletGenericVAE,AERootBlockVAE,per_pass
baseline,TW_coif2_td3_bd4,trendwavelet_generic_reference,['TrendWavelet'],Yearly,1,6,30,10,1,True,1,43,13.763075,3.198720,856.071655,3393780.250000,0.823551,0.730338,1.876033,2071110,256,48.82,49,False,False,ReLU,EARLY_STOPPED,13.58004379,13.65930176,9.69799423,38,1.005836,False,"[""64.68310547"", ""26.82802963"", ""24.70812988"", ""19.52120018"", ""17.17861176"", ""17.74654961"", ""15.89680195"", ""15.58640385"", ""15.08792686"", ""14.61971092"", ""14.46988487"", ""14.90314579"", ""14.08904076"", ""15.34430981"", ""15.66097164"", ""16.08543777"", ""16.68169403"", ""15.36409664"", ""15.22273540"", ""14.05126190"", ""13.98590374"", ""13.84487534"", ""13.81502628"", ""13.87011719"", ""13.91969395"", ""14.32280064"", ""13.81488991"", ""13.64908695"", ""14.07698822"", ""14.52378941"", ""13.91572189"", ""13.75103283"", ""14.36409283"", ""13.69341946"", ""13.65052319"", ""13.60016155"", ""13.77773952"", ""13.68407440"", ""13.58004379"", ""13.61730194"", ""13.89000988"", ""14.16595745"", ""13.64605713"", ""14.23439980"", ""14.91215515"", ""13.96092892"", ""14.77549839"", ""13.65226650"", ""13.65930176""]",TrendWavelet,RootBlock,per_pass
baseline,TW_coif2_td3_bd4,trendwavelet_generic_reference,['TrendWavelet'],Yearly,1,6,30,10,1,True,2,44,13.514606,3.092180,833.324646,3279075.750000,0.802544,0.720799,1.894061,2071110,256,29.27,31,False,False,ReLU,EARLY_STOPPED,13.84957600,14.20202065,10.03117752,20,1.025448,False,"[""63.62708282"", ""25.80802155"", ""23.79501724"", ""19.44957733"", ""17.49590874"", ""18.56467056"", ""15.88949490"", ""15.77085781"", ""14.80397129"", ""14.47831821"", ""14.49743080"", ""14.44456291"", ""14.17574215"", ""14.16815090"", ""14.70967960"", ""15.91660976"", ""15.14697933"", ""14.71579170"", ""14.07030964"", ""13.93554306"", ""13.84957600"", ""14.99008465"", ""15.12008572"", ""15.38937092"", ""14.75831890"", ""17.69636154"", ""14.85531139"", ""14.08225441"", ""14.60400105"", ""14.27771759"", ""14.20202065""]",TrendWavelet,RootBlock,per_pass
baseline,TW_coif2_td3_bd4,trendwavelet_generic_reference,['TrendWavelet'],Yearly,1,6,30,10,1,True,3,45,13.713662,3.181347,846.220154,3315520.000000,0.819854,0.735722,1.922084,2071110,256,27.03,34,False,False,ReLU,EARLY_STOPPED,13.70302010,13.92253971,9.78300762,23,1.016020,False,"[""63.63539505"", ""26.25905800"", ""26.03877258"", ""20.95001030"", ""18.14863396"", ""17.35905266"", ""15.97171307"", ""15.76175499"", ""17.41966248"", ""14.72313213"", ""14.71805859"", ""15.09208107"", ""15.42043114"", ""14.27468300"", ""14.40643215"", ""14.17093658"", ""13.98636532"", ""14.09437943"", ""13.92443848"", ""13.83315182"", ""14.21214008"", ""13.97665310"", ""13.88778305"", ""13.70302010"", ""13.77571964"", ""13.86747456"", ""14.34154987"", ""15.21225452"", ""14.36223125"", ""14.35047054"", ""15.09654236"", ""14.46584606"", ""15.55707645"", ""13.92253971""]",TrendWavelet,RootBlock,per_pass
baseline,TW_coif2_td3_bd4,trendwavelet_generic_reference,['TrendWavelet'],Yearly,1,6,30,10,1,True,4,46,13.531237,3.093382,833.761292,3309370.000000,0.803204,0.717242,1.867418,2071110,256,38.43,48,False,False,ReLU,EARLY_STOPPED,13.61922455,13.69516945,9.95130348,37,1.005576,False,"[""47.48104477"", ""28.04683876"", ""25.74133492"", ""20.78849411"", ""18.03983307"", ""19.53166771"", ""16.78437805"", ""17.90654755"", ""17.29139900"", ""18.58168602"", ""15.92581272"", ""15.94806290"", ""15.28203678"", ""16.09643173"", ""15.97245789"", ""15.90442944"", ""15.60689831"", ""15.92064095"", ""14.58877277"", ""15.14491463"", ""14.26753712"", ""15.44367981"", ""14.37230396"", ""14.91527081"", ""13.92767143"", ""13.93043709"", ""13.77690792"", ""16.15396690"", ""13.88726997"", ""13.89336395"", ""13.94836712"", ""13.67550373"", ""13.75988007"", ""13.74491596"", ""13.99001122"", ""14.01158047"", ""13.67191124"", ""13.61922455"", ""13.97066212"", ""14.19914532"", ""14.17151260"", ""13.71170235"", ""13.88146496"", ""16.01956367"", ""14.99245930"", ""15.19625378"", ""13.72615528"", ""13.69516945""]",TrendWavelet,RootBlock,per_pass
baseline,TWAE_coif2_td3_bd4_ld16,trendwavelet_generic_reference,['TrendWaveletAE'],Yearly,1,6,30,10,1,True,0,42,13.989790,3.260204,858.608459,3299415.250000,0.838223,0.751921,1.969814,1515750,512,23.28,29,False,False,ReLU,EARLY_STOPPED,14.18323517,14.29795074,10.23185444,18,1.008088,False,"[""30.69299698"", ""43.95279312"", ""25.80306244"", ""25.55966377"", ""20.36067009"", ""18.23858452"", ""17.21331215"", ""16.01864815"", ""17.82393646"", ""15.54958248"", ""15.24323273"", ""15.16094685"", ""16.03118134"", ""15.48032761"", ""14.66859818"", ""14.40016460"", ""16.48859215"", ""14.20081902"", ""14.18323517"", ""14.44079304"", ""14.70272255"", ""14.74923611"", ""17.78392792"", ""15.18578434"", ""14.24197388"", ""16.17631531"", ""14.52172375"", ""14.36609268"", ""14.29795074""]",TrendWaveletAE,AERootBlock,per_pass
baseline,TWAE_coif2_td3_bd4_ld16,trendwavelet_generic_reference,['TrendWaveletAE'],Yearly,1,6,30,10,1,True,2,44,13.476176,3.069829,829.348755,3275365.000000,0.798556,0.713915,1.870419,1515750,512,40.87,53,False,False,ReLU,EARLY_STOPPED,13.64225578,14.25260735,9.55138969,42,1.044740,False,"[""34.86433411"", ""31.62387848"", ""25.08582687"", ""22.98937416"", ""19.43404007"", ""16.95449448"", ""16.75582504"", ""16.41703033"", ""15.40873623"", ""15.07532787"", ""16.72088814"", ""14.69882774"", ""14.69558525"", ""14.76259804"", ""14.58804512"", ""14.25433254"", ""14.28208160"", ""15.35299969"", ""14.62018776"", ""13.97129440"", ""14.18688297"", ""14.27058601"", ""14.58836460"", ""13.94399452"", ""13.85408115"", ""14.50492001"", ""14.68253899"", ""14.03813553"", ""13.76127720"", ""14.20159912"", ""14.12407112"", ""13.74828243"", ""13.75330544"", ""14.60621071"", ""14.70662403"", ""13.79329586"", ""13.68182468"", ""13.85527897"", ""14.86854076"", ""13.87319565"", ""13.68600845"", ""13.64725685"", ""13.64225578"", ""13.79831409"", ""13.93418312"", ""13.90402889"", ""13.84624958"", ""14.51116467"", ""14.23999691"", ""13.67715263"", ""13.71259880"", ""13.76446342"", ""14.25260735""]",TrendWaveletAE,AERootBlock,per_pass
baseline,TWAE_coif2_td3_bd4_ld16,trendwavelet_generic_reference,['TrendWaveletAE'],Yearly,1,6,30,10,1,True,1,43,13.522603,3.103484,835.065735,3299764.500000,0.804211,0.718915,1.878559,1515750,512,53.57,67,False,False,ReLU,EARLY_STOPPED,13.56669331,13.90747833,9.31875038,56,1.025119,False,"[""45.99416351"", ""27.68372917"", ""25.17176437"", ""20.74773788"", ""18.51569176"", ""17.10177040"", ""16.07858849"", ""15.81216812"", ""17.03358269"", ""15.18534279"", ""14.91475296"", ""14.62661457"", ""16.41557884"", ""14.44449615"", ""14.33569050"", ""14.30820560"", ""13.99759007"", ""14.14617348"", ""14.01197052"", ""14.03310871"", ""13.85485077"", ""14.05189705"", ""14.20042896"", ""13.90683651"", ""14.01070499"", ""13.80302715"", ""14.32393074"", ""14.09400368"", ""13.83070374"", ""13.78688812"", ""14.44654751"", ""14.43521500"", ""13.76624966"", ""13.80396461"", ""14.02706432"", ""13.96728420"", ""13.65463352"", ""13.65947056"", ""14.29883194"", ""14.05806828"", ""13.65531540"", ""13.60322380"", ""14.00441265"", ""14.41115856"", ""13.64640045"", ""13.61547661"", ""13.93202877"", ""14.23488998"", ""13.60682297"", ""13.58440781"", ""14.06009960"", ""14.08363819"", ""13.59566879"", ""13.57872868"", ""13.87991810"", ""13.94960499"", ""13.56669331"", ""13.58903217"", ""13.88423634"", ""13.90195942"", ""13.56988716"", ""13.58862877"", ""13.85196781"", ""13.78552818"", ""13.62838268"", ""13.59290123"", ""13.90747833""]",TrendWaveletAE,AERootBlock,per_pass
baseline,TWAE_coif2_td3_bd4_ld16,trendwavelet_generic_reference,['TrendWaveletAE'],Yearly,1,6,30,10,1,True,4,46,13.796981,3.201210,848.897156,3329709.750000,0.824902,0.742445,1.969671,1515750,512,23.07,28,False,False,ReLU,EARLY_STOPPED,13.88847542,14.39636517,11.31434155,17,1.036569,False,"[""44.17214584"", ""29.82660675"", ""24.74789047"", ""25.52772903"", ""20.83383179"", ""17.77048874"", ""17.08728981"", ""15.61647320"", ""15.65494061"", ""16.09454346"", ""15.79399300"", ""14.65860462"", ""14.99498272"", ""14.31511021"", ""14.33230400"", ""14.07386112"", ""14.33338070"", ""13.88847542"", ""13.99039364"", ""13.93902493"", ""14.33939934"", ""14.40738678"", ""14.08099842"", ""13.90817356"", ""14.49145412"", ""13.95207214"", ""14.12350273"", ""14.39636517""]",TrendWaveletAE,AERootBlock,per_pass
baseline,TWAE_coif2_td3_bd4_ld16,trendwavelet_generic_reference,['TrendWaveletAE'],Yearly,1,6,30,10,1,True,3,45,13.572201,3.097860,835.348267,3300853.250000,0.805021,0.715984,1.868268,1515750,512,53.80,71,False,False,ReLU,EARLY_STOPPED,13.59843254,13.76179790,9.30827141,60,1.012014,False,"[""38.47575378"", ""27.12571716"", ""25.24423027"", ""20.02271271"", ""18.02036667"", ""16.88024139"", ""16.11487389"", ""15.81917667"", ""15.52495289"", ""15.20558167"", ""15.17007923"", ""15.21885204"", ""15.41894054"", ""14.44720078"", ""14.40397930"", ""14.41988087"", ""14.10547733"", ""14.30250549"", ""14.12966442"", ""15.41738224"", ""14.05443573"", ""14.21751118"", ""14.09200859"", ""15.27507591"", ""13.88900089"", ""14.22535706"", ""14.37882328"", ""14.43618298"", ""13.78839302"", ""13.83603668"", ""14.32480335"", ""14.16986561"", ""13.79476929"", ""13.74653149"", ""14.62924957"", ""14.33690929"", ""13.76387596"", ""13.67400932"", ""14.48508453"", ""14.28484058"", ""13.80630875"", ""13.78011990"", ""14.02994537"", ""14.07804775"", ""13.66130543"", ""13.63627720"", ""14.07961178"", ""14.00665474"", ""13.62456226"", ""13.61491680"", ""14.10285568"", ""14.20827961"", ""13.61457729"", ""13.64950371"", ""13.88805962"", ""13.90980816"", ""13.63244247"", ""13.63764954"", ""13.86374283"", ""13.84217930"", ""13.59843254"", ""13.63691711"", ""13.82458973"", ""14.02668762"", ""13.60515118"", ""13.61280537"", ""13.72746372"", ""13.82893181"", ""13.63400269"", ""13.63261318"", ""13.76179790""]",TrendWaveletAE,AERootBlock,per_pass
baseline,TWAELG_coif2_td3_bd4_ld16,trendwavelet_generic_reference,['TrendWaveletAELG'],Yearly,1,6,30,10,1,True,0,42,13.884100,3.235236,855.385742,3320197.500000,0.831848,0.738524,1.909677,1515910,512,26.70,32,False,False,ReLU,EARLY_STOPPED,13.98886585,14.67907238,10.30257225,21,1.049340,False,"[""42.64075470"", ""42.02104950"", ""25.42403030"", ""24.59438133"", ""20.40513420"", ""17.64212799"", ""16.47445488"", ""16.06292343"", ""18.53102493"", ""15.09801102"", ""15.26062393"", ""15.16159344"", ""14.72863007"", ""14.72587776"", ""14.58295345"", ""14.50868511"", ""14.58532715"", ""14.11591530"", ""14.17329884"", ""14.12090778"", ""14.01864910"", ""13.98886585"", ""15.94874954"", ""14.85668087"", ""16.10000992"", ""15.42678356"", ""17.23346519"", ""14.30878162"", ""14.80012798"", ""14.40597153"", ""15.86727619"", ""14.67907238""]",TrendWaveletAELG,AERootBlockLG,per_pass
baseline,TWAELG_coif2_td3_bd4_ld16,trendwavelet_generic_reference,['TrendWaveletAELG'],Yearly,1,6,30,10,1,True,1,43,13.442419,3.074254,831.403809,3295320.000000,0.798080,0.712811,1.855211,1515910,512,60.86,80,False,False,ReLU,EARLY_STOPPED,13.57842827,13.58805847,9.18486500,69,1.000709,False,"[""30.78108215"", ""35.73065186"", ""24.96099663"", ""23.79829979"", ""20.23300934"", ""18.03318214"", ""16.73956299"", ""16.46436310"", ""15.69356346"", ""16.83755493"", ""15.93797684"", ""15.54739285"", ""15.28193760"", ""15.07755661"", ""14.90620518"", ""15.52602959"", ""14.45823765"", ""14.49862385"", ""14.28148270"", ""14.62656021"", ""14.66410160"", ""14.57324314"", ""14.15576267"", ""14.50865746"", ""14.28041077"", ""14.57722187"", ""14.00590229"", ""14.57354450"", ""13.90431976"", ""14.49562263"", ""13.86917400"", ""14.70392895"", ""13.81818104"", ""14.67243576"", ""13.77909660"", ""14.14428520"", ""13.82991982"", ""14.32110214"", ""13.92730141"", ""14.21388054"", ""13.94168854"", ""14.40981674"", ""13.78866863"", ""14.00829315"", ""13.69615364"", ""14.07629395"", ""13.68351746"", ""14.05256081"", ""13.67560959"", ""14.12698650"", ""13.68030453"", ""13.83914852"", ""13.73839855"", ""13.99231339"", ""13.66117764"", ""14.04158115"", ""13.62576389"", ""13.89853764"", ""13.61234283"", ""14.00455952"", ""13.62464714"", ""13.75378513"", ""13.66348076"", ""13.75143051"", ""13.62488270"", ""13.69022274"", ""13.81749153"", ""13.59344864"", ""13.81600380"", ""13.57842827"", ""13.86541939"", ""13.63441944"", ""13.62851238"", ""13.64093304"", ""13.60889435"", ""13.69320488"", ""13.61332703"", ""13.64677143"", ""13.68187523"", ""13.58805847""]",TrendWaveletAELG,AERootBlockLG,per_pass
baseline,TWAELG_coif2_td3_bd4_ld16,trendwavelet_generic_reference,['TrendWaveletAELG'],Yearly,1,6,30,10,1,True,2,44,13.521788,3.073020,829.138306,3246864.250000,0.800354,0.714175,1.867605,1515910,512,65.27,82,False,False,ReLU,EARLY_STOPPED,13.57099724,13.58794117,9.11997318,71,1.001249,False,"[""35.98723602"", ""43.01953506"", ""26.86060143"", ""26.24561882"", ""21.66773033"", ""19.68610954"", ""17.33399391"", ""16.45474625"", ""16.59321785"", ""16.37557793"", ""15.05761719"", ""14.99072170"", ""14.81688595"", ""14.42866802"", ""14.59031963"", ""14.51831341"", ""14.19717026"", ""14.41246223"", ""14.81763554"", ""14.68285084"", ""13.97353840"", ""14.15196323"", ""14.29578686"", ""14.15538025"", ""13.91067028"", ""13.95142841"", ""14.87229633"", ""14.32020378"", ""13.79427624"", ""13.76768112"", ""14.46983242"", ""14.66282368"", ""13.73399830"", ""13.72078228"", ""14.18658733"", ""14.17469406"", ""13.67289639"", ""13.69004726"", ""14.10291004"", ""14.18413067"", ""13.64843082"", ""13.68794441"", ""13.97242165"", ""14.18054390"", ""13.63577747"", ""13.67346764"", ""14.01358604"", ""14.08244324"", ""13.61950016"", ""13.63340855"", ""14.07317638"", ""14.01833153"", ""13.60323620"", ""13.65074825"", ""14.14537048"", ""13.65169525"", ""13.64023685"", ""13.62829494"", ""13.62668037"", ""13.60456562"", ""13.97920513"", ""13.86764717"", ""13.59927273"", ""13.57838631"", ""13.90423775"", ""13.66406250"", ""13.62362003"", ""13.58776188"", ""13.80255604"", ""13.84470272"", ""13.58420563"", ""13.57099724"", ""13.79145145"", ""13.67889977"", ""13.60006523"", ""13.57286549"", ""13.75769997"", ""13.65406418"", ""13.63872719"", ""13.63625908"", ""13.70223904"", ""13.58794117""]",TrendWaveletAELG,AERootBlockLG,per_pass
baseline,TWAELG_coif2_td3_bd4_ld16,trendwavelet_generic_reference,['TrendWaveletAELG'],Yearly,1,6,30,10,1,True,4,46,13.611039,3.138582,840.756714,3324162.250000,0.811333,0.729740,1.922001,1515910,512,31.30,38,False,False,ReLU,EARLY_STOPPED,13.70845127,14.37282562,9.84293938,27,1.048465,False,"[""33.88967133"", ""46.80730820"", ""26.66553879"", ""25.94053459"", ""21.74891472"", ""20.55645180"", ""18.11992645"", ""16.59326935"", ""16.42018509"", ""15.80708599"", ""15.03465176"", ""14.82937050"", ""15.04517841"", ""15.66995239"", ""14.43844986"", ""14.47487354"", ""14.80224419"", ""14.46423244"", ""14.21118355"", ""14.26576805"", ""14.71665192"", ""14.87137794"", ""13.88896847"", ""13.91997814"", ""14.09317303"", ""14.00898743"", ""13.73309517"", ""13.70845127"", ""13.87641811"", ""14.62987137"", ""13.99467278"", ""15.69253635"", ""15.80349159"", ""15.20401096"", ""14.27875042"", ""14.72290039"", ""13.84535980"", ""14.37282562""]",TrendWaveletAELG,AERootBlockLG,per_pass
baseline,TWAELG_coif2_td3_bd4_ld16,trendwavelet_generic_reference,['TrendWaveletAELG'],Yearly,1,6,30,10,1,True,3,45,13.522665,3.072122,831.039795,3294582.500000,0.800267,0.713491,1.867093,1515910,512,56.65,74,False,False,ReLU,EARLY_STOPPED,13.56388760,13.72279453,9.49007893,63,1.011715,False,"[""32.37614822"", ""40.27490997"", ""25.62105370"", ""23.86408615"", ""19.87337685"", ""16.95467758"", ""17.01905632"", ""16.01146126"", ""15.76322460"", ""15.91288280"", ""14.75408936"", ""14.55108452"", ""15.21538830"", ""14.51533031"", ""14.31457710"", ""14.38630390"", ""14.82270241"", ""14.12485886"", ""14.55308151"", ""14.43523502"", ""14.07938766"", ""14.07247448"", ""13.91271496"", ""14.70120335"", ""15.26443100"", ""13.91084003"", ""14.20776653"", ""14.30439854"", ""14.16949749"", ""15.12940788"", ""13.85799313"", ""13.92612934"", ""13.73906612"", ""13.70983791"", ""13.77871037"", ""14.00571728"", ""13.81325245"", ""14.15765762"", ""13.74443722"", ""13.66714287"", ""14.42369747"", ""13.79613018"", ""13.65723324"", ""13.88396454"", ""13.78292561"", ""14.14039230"", ""13.69068623"", ""13.63403034"", ""13.80628967"", ""14.22226238"", ""13.58665657"", ""13.60182095"", ""13.99579906"", ""13.88549328"", ""13.58564377"", ""13.58143711"", ""13.93036652"", ""13.91256618"", ""13.58134937"", ""13.57779312"", ""13.87848663"", ""13.84046650"", ""13.59455204"", ""13.56388760"", ""13.90839577"", ""13.77702045"", ""13.57450581"", ""13.56700230"", ""13.85785198"", ""13.64507294"", ""13.62224197"", ""13.58249474"", ""13.76938629"", ""13.72279453""]",TrendWaveletAELG,AERootBlockLG,per_pass
activeG_fcast,TWG_coif2_td3_bd4_gd5,trendwavelet_generic_new,['TrendWaveletGeneric'],Yearly,1,6,30,10,1,True,1,43,13.666166,3.119586,839.434448,3312135.000000,0.810630,0.726789,1.899659,2085760,256,24.92,31,forecast,False,ReLU,EARLY_STOPPED,13.78341675,14.17886925,11.31267166,20,1.028690,False,"[""59.57439041"", ""26.38662720"", ""23.41130638"", ""18.93714142"", ""16.43916130"", ""18.95426559"", ""15.47518349"", ""16.13722801"", ""14.86725712"", ""15.78948689"", ""14.51976871"", ""14.03358269"", ""14.04079723"", ""14.68014526"", ""14.47981358"", ""14.32081413"", ""14.06336308"", ""14.24129391"", ""14.11899757"", ""13.95612812"", ""13.78341675"", ""13.98471737"", ""13.80686283"", ""13.89431477"", ""16.25619698"", ""15.56182194"", ""15.80675125"", ""15.39481544"", ""15.41480732"", ""14.15500927"", ""14.17886925""]",TrendWaveletGeneric,RootBlock,per_pass
activeG_fcast,TWG_coif2_td3_bd4_gd5,trendwavelet_generic_new,['TrendWaveletGeneric'],Yearly,1,6,30,10,1,True,0,42,13.707773,3.162777,851.650940,3384136.000000,0.817337,0.727419,1.866335,2085760,256,35.84,44,forecast,False,ReLU,EARLY_STOPPED,13.67626762,13.88013554,9.42693806,33,1.014907,False,"[""55.24777603"", ""26.88942719"", ""25.39934731"", ""21.50713348"", ""18.69171524"", ""17.24378967"", ""17.12735558"", ""17.86292458"", ""16.07081985"", ""15.71519184"", ""15.33051586"", ""14.79273415"", ""14.47551060"", ""14.64945698"", ""14.06011105"", ""14.02499962"", ""13.99985981"", ""14.17596149"", ""13.97154617"", ""14.72245216"", ""15.70016479"", ""15.28269958"", ""17.02602196"", ""15.28258038"", ""14.58001995"", ""14.42289448"", ""13.70406628"", ""13.95375538"", ""13.71757698"", ""13.78536797"", ""13.85876656"", ""13.83564281"", ""13.97857189"", ""13.67626762"", ""13.76264095"", ""14.00729752"", ""13.89089966"", ""14.06324768"", ""14.30741215"", ""13.72292805"", ""14.25874901"", ""13.69513226"", ""14.13599968"", ""13.88013554""]",TrendWaveletGeneric,RootBlock,per_pass
activeG_fcast,TWG_coif2_td3_bd4_gd5,trendwavelet_generic_new,['TrendWaveletGeneric'],Yearly,1,6,30,10,1,True,3,45,13.715384,3.143343,842.573547,3276271.750000,0.815125,0.732342,1.935228,2085760,256,21.23,25,forecast,False,ReLU,EARLY_STOPPED,14.15549278,14.66735744,12.14604378,14,1.036160,False,"[""66.40574646"", ""27.25029373"", ""25.05546761"", ""20.35538864"", ""17.31329536"", ""17.43779945"", ""17.06524277"", ""16.17983055"", ""15.90782070"", ""15.34306431"", ""15.21560097"", ""14.63388634"", ""14.73293495"", ""15.91405201"", ""14.15549278"", ""14.78912640"", ""15.29049683"", ""14.50983047"", ""14.28900242"", ""19.09026718"", ""17.95733070"", ""14.85523605"", ""18.08094406"", ""15.83994198"", ""14.66735744""]",TrendWaveletGeneric,RootBlock,per_pass
activeG_fcast,TWG_coif2_td3_bd4_gd5,trendwavelet_generic_new,['TrendWaveletGeneric'],Yearly,1,6,30,10,1,True,2,44,13.562237,3.111357,834.163147,3284500.000000,0.806414,0.721451,1.894486,2085760,256,24.85,31,forecast,False,ReLU,EARLY_STOPPED,13.79428387,18.09488869,12.50696754,20,1.311767,False,"[""49.38846207"", ""27.54100609"", ""27.15566826"", ""21.02350807"", ""18.55440521"", ""17.48141289"", ""16.43386841"", ""15.59069729"", ""15.25086784"", ""14.74508381"", ""14.73634815"", ""14.67602730"", ""15.52568722"", ""14.32461643"", ""14.23727131"", ""14.12845516"", ""14.06324196"", ""15.77135468"", ""14.28043175"", ""14.01345062"", ""13.79428387"", ""13.81957054"", ""13.85581493"", ""14.01982880"", ""14.76106358"", ""14.07329655"", ""14.05830574"", ""18.80123520"", ""18.07426643"", ""14.28254795"", ""18.09488869""]",TrendWaveletGeneric,RootBlock,per_pass
activeG_fcast,TWGAE_coif2_td3_bd4_gd5_ld16,trendwavelet_generic_new,['TrendWaveletGenericAE'],Yearly,1,6,30,10,1,True,0,42,13.807928,3.202345,854.138794,3347817.000000,0.825380,0.738983,1.941127,444960,256,29.00,37,forecast,False,ReLU,EARLY_STOPPED,13.73266983,14.30367947,9.67986965,26,1.041580,False,"[""65.73054504"", ""32.46019745"", ""36.62851334"", ""25.75337982"", ""24.31482124"", ""22.06095695"", ""19.55240822"", ""18.36184502"", ""17.72964478"", ""16.08756828"", ""16.14768791"", ""16.08878899"", ""15.29586029"", ""16.34433365"", ""15.11812210"", ""14.96647930"", ""14.88972187"", ""14.49866581"", ""14.95268917"", ""14.21522236"", ""14.16495132"", ""14.21984100"", ""14.01671028"", ""14.15980148"", ""14.23868656"", ""13.81459236"", ""13.73266983"", ""13.85808468"", ""14.15912533"", ""13.80384254"", ""13.96686649"", ""14.75865936"", ""13.78756618"", ""14.16666698"", ""13.80961418"", ""13.82208443"", ""14.30367947""]",TrendWaveletGenericAE,AERootBlock,per_pass
activeG_fcast,TWG_coif2_td3_bd4_gd5,trendwavelet_generic_new,['TrendWaveletGeneric'],Yearly,1,6,30,10,1,True,4,46,13.618066,3.136918,844.183044,3329209.250000,0.811339,0.724147,1.881005,2085760,256,32.99,40,forecast,False,ReLU,EARLY_STOPPED,13.75429249,13.96394062,10.34912491,29,1.015242,False,"[""63.17564011"", ""26.82522583"", ""25.36154938"", ""20.72378922"", ""18.25881195"", ""18.10493088"", ""16.06110764"", ""15.65341473"", ""16.30121803"", ""16.27575111"", ""16.55143356"", ""15.40598679"", ""17.34811974"", ""15.22098064"", ""15.22931480"", ""14.55148602"", ""14.94364357"", ""14.51404858"", ""13.94497871"", ""14.07544136"", ""15.60883999"", ""15.56855202"", ""16.72594452"", ""14.84808731"", ""14.07865715"", ""13.98336506"", ""13.89980602"", ""14.11537457"", ""14.39349174"", ""13.75429249"", ""13.88599491"", ""14.11978436"", ""14.19966412"", ""15.55984879"", ""15.69486713"", ""14.21110153"", ""15.76105881"", ""15.15308666"", ""14.82925224"", ""13.96394062""]",TrendWaveletGeneric,RootBlock,per_pass
activeG_fcast,TWGAE_coif2_td3_bd4_gd5_ld16,trendwavelet_generic_new,['TrendWaveletGenericAE'],Yearly,1,6,30,10,1,True,1,43,13.686563,3.152538,847.153564,3348623.000000,0.815400,0.723452,1.868005,444960,256,37.05,48,forecast,False,ReLU,EARLY_STOPPED,13.67405987,13.69882488,9.61397076,37,1.001811,False,"[""50.87474823"", ""39.47125244"", ""28.45292091"", ""24.78282356"", ""24.18564224"", ""20.74101639"", ""19.20830345"", ""17.67173195"", ""16.43397141"", ""16.77669525"", ""15.67835426"", ""15.14388466"", ""14.94697189"", ""15.64016342"", ""14.54687595"", ""14.54765129"", ""15.28905678"", ""14.93922997"", ""14.39012527"", ""14.16064167"", ""14.52998734"", ""14.02950287"", ""13.99550152"", ""14.17185974"", ""13.89875698"", ""13.87136555"", ""13.79599094"", ""13.84332561"", ""13.84858799"", ""13.89375782"", ""14.64690876"", ""13.83730030"", ""13.68359947"", ""14.26906776"", ""13.73952675"", ""13.67500305"", ""13.67697144"", ""13.67405987"", ""13.94150543"", ""13.70429230"", ""14.09216404"", ""14.00393295"", ""13.69047165"", ""13.88177204"", ""13.76225090"", ""13.91371632"", ""13.92031479"", ""13.69882488""]",TrendWaveletGenericAE,AERootBlock,per_pass
activeG_fcast,TWGAE_coif2_td3_bd4_gd5_ld16,trendwavelet_generic_new,['TrendWaveletGenericAE'],Yearly,1,6,30,10,1,True,2,44,13.651525,3.125824,843.218384,3354031.500000,0.810967,0.720241,1.865187,444960,256,59.48,74,forecast,False,ReLU,EARLY_STOPPED,13.59786034,13.67782211,9.08351135,63,1.005880,False,"[""72.94868469"", ""29.72665787"", ""35.64098358"", ""25.72846985"", ""23.37953186"", ""21.39220428"", ""18.91810036"", ""17.22078133"", ""16.10441589"", ""15.63530540"", ""15.37310314"", ""15.19342422"", ""14.94878292"", ""15.74254227"", ""14.37554169"", ""14.43533421"", ""14.74855137"", ""14.62868118"", ""14.26758003"", ""14.13697243"", ""14.81893635"", ""14.30814838"", ""14.19854641"", ""13.99252129"", ""13.98515892"", ""15.49301529"", ""14.41691685"", ""14.80707836"", ""13.96297836"", ""13.91896343"", ""13.92224216"", ""14.22702694"", ""13.79309273"", ""13.77737808"", ""14.08145905"", ""13.91605949"", ""13.75893784"", ""13.75268650"", ""14.34643173"", ""13.93475914"", ""13.73327827"", ""13.74107838"", ""14.24094868"", ""13.98827553"", ""13.74682713"", ""13.69866467"", ""14.01021767"", ""13.82779503"", ""13.67653847"", ""13.68167114"", ""13.85468102"", ""14.02395248"", ""13.66366291"", ""13.64706135"", ""13.75751781"", ""13.70783997"", ""13.96255970"", ""13.90999699"", ""13.69466591"", ""13.73155975"", ""13.66276264"", ""13.84654331"", ""13.91655159"", ""13.59786034"", ""13.80076599"", ""13.77135086"", ""13.81400585"", ""13.64596367"", ""13.98810196"", ""13.63372517"", ""13.74047279"", ""13.81622410"", ""13.77939034"", ""13.67782211""]",TrendWaveletGenericAE,AERootBlock,per_pass
activeG_fcast,TWGAE_coif2_td3_bd4_gd5_ld16,trendwavelet_generic_new,['TrendWaveletGenericAE'],Yearly,1,6,30,10,1,True,3,45,13.505584,3.078958,832.080627,3308218.000000,0.800605,0.716082,1.875542,444960,256,63.36,82,forecast,False,ReLU,EARLY_STOPPED,13.57952023,13.71289158,9.36280155,71,1.009822,False,"[""66.27484894"", ""27.70420647"", ""36.44514465"", ""25.05307579"", ""23.13290977"", ""23.14279366"", ""19.53213692"", ""17.83904457"", ""16.42039490"", ""15.94213963"", ""17.09060287"", ""15.50220680"", ""16.32091331"", ""14.96101665"", ""14.72095680"", ""14.62203503"", ""14.84693432"", ""14.38814163"", ""14.53210354"", ""14.28763580"", ""14.46159554"", ""14.55082989"", ""14.46990204"", ""16.60976028"", ""14.21480942"", ""15.45946884"", ""15.27210903"", ""14.93599224"", ""14.08151531"", ""14.46328354"", ""14.13920498"", ""14.68137264"", ""14.01580334"", ""14.76815510"", ""14.04564762"", ""14.96838474"", ""14.18707848"", ""14.67379665"", ""14.07442570"", ""14.52973366"", ""13.86354733"", ""14.53168106"", ""13.89212322"", ""14.98933983"", ""13.75727844"", ""14.47380161"", ""13.79456806"", ""14.18669701"", ""13.86536503"", ""14.33504581"", ""13.71840668"", ""14.39622116"", ""13.66727066"", ""14.48004436"", ""13.63841724"", ""14.12250137"", ""13.63255978"", ""14.17478371"", ""13.65716743"", ""14.23383331"", ""13.71411324"", ""14.03212070"", ""13.60577965"", ""13.85228825"", ""13.71673393"", ""13.59962463"", ""13.77672100"", ""13.59585571"", ""13.96674824"", ""13.59208107"", ""14.00887871"", ""13.57952023"", ""13.74227810"", ""13.63783169"", ""13.67888737"", ""13.64050102"", ""13.66775227"", ""13.70761776"", ""13.61248779"", ""13.70398521"", ""13.60387802"", ""13.71289158""]",TrendWaveletGenericAE,AERootBlock,per_pass
activeG_fcast,TWGAE_coif2_td3_bd4_gd5_ld16,trendwavelet_generic_new,['TrendWaveletGenericAE'],Yearly,1,6,30,10,1,True,4,46,13.520893,3.068200,829.760315,3277483.750000,0.799720,0.713681,1.872730,444960,256,54.41,69,forecast,False,ReLU,EARLY_STOPPED,13.57779980,13.64050961,9.27662754,58,1.004619,False,"[""58.19126511"", ""34.25549698"", ""33.93041229"", ""24.72404099"", ""23.59288025"", ""20.55220222"", ""18.36936569"", ""16.61502075"", ""16.89770889"", ""15.75616455"", ""15.58689022"", ""15.34254456"", ""17.00320625"", ""15.59037399"", ""15.49507713"", ""14.69306755"", ""14.58794022"", ""14.66650105"", ""14.49851131"", ""14.46953392"", ""14.19182110"", ""14.14560223"", ""14.01016140"", ""14.05199337"", ""14.66698647"", ""14.04020882"", ""13.86063957"", ""14.05238628"", ""14.25336266"", ""13.77989006"", ""13.83299351"", ""14.00241756"", ""14.21801472"", ""13.70324898"", ""13.74214840"", ""13.96358871"", ""13.94514275"", ""13.69567108"", ""13.63567162"", ""14.48852158"", ""13.73173904"", ""13.69947815"", ""13.68286133"", ""13.71415520"", ""13.74380016"", ""13.64897823"", ""13.67552471"", ""14.04579926"", ""13.60400295"", ""13.60979176"", ""13.66771030"", ""13.70714569"", ""13.77043247"", ""13.98216438"", ""13.60642147"", ""13.58847046"", ""13.86070538"", ""13.64935207"", ""13.57779980"", ""13.62093163"", ""13.61080742"", ""13.79255676"", ""13.61742020"", ""13.60987949"", ""13.73076630"", ""13.67449093"", ""13.61219692"", ""13.84762955"", ""13.64050961""]",TrendWaveletGenericAE,AERootBlock,per_pass
activeG_fcast,TWGAELG_coif2_td3_bd4_gd5_ld16,trendwavelet_generic_new,['TrendWaveletGenericAELG'],Yearly,1,6,30,10,1,True,0,42,13.501237,3.080936,832.275391,3306974.000000,0.800721,0.714606,1.874099,445120,256,54.03,70,forecast,False,ReLU,EARLY_STOPPED,13.57408047,13.86487198,9.30802250,59,1.021423,False,"[""81.51821136"", ""32.96291351"", ""44.12884903"", ""29.60919762"", ""25.21598625"", ""24.52674675"", ""21.98049736"", ""19.67454147"", ""18.10762787"", ""16.85000420"", ""15.84996605"", ""16.00794029"", ""15.42151260"", ""16.07917976"", ""14.79912376"", ""14.66158676"", ""14.40967369"", ""14.43503380"", ""14.80189991"", ""14.06902981"", ""14.05979061"", ""14.91030025"", ""14.47430801"", ""14.48991680"", ""13.91422558"", ""14.08585358"", ""13.97125149"", ""13.76097584"", ""13.81054783"", ""13.97677612"", ""13.72554493"", ""14.52282333"", ""13.76427555"", ""14.31198406"", ""13.67916012"", ""13.75364685"", ""13.66645336"", ""14.43752670"", ""13.86461449"", ""13.66363430"", ""14.18746376"", ""13.68456841"", ""13.66188717"", ""13.75003910"", ""13.66596508"", ""13.78580952"", ""13.66607857"", ""13.92233467"", ""13.99512196"", ""13.82775497"", ""13.71462536"", ""13.59920216"", ""13.81207371"", ""13.79265785"", ""13.60851192"", ""13.59031391"", ""13.92890358"", ""13.82772732"", ""13.58988571"", ""13.57408047"", ""13.81867123"", ""13.88191986"", ""13.58866692"", ""13.59169197"", ""13.78233051"", ""13.78814220"", ""13.61069393"", ""13.61281013"", ""13.75577164"", ""13.86487198""]",TrendWaveletGenericAELG,AERootBlockLG,per_pass
activeG_fcast,TWGAELG_coif2_td3_bd4_gd5_ld16,trendwavelet_generic_new,['TrendWaveletGenericAELG'],Yearly,1,6,30,10,1,True,1,43,13.495845,3.084947,830.165588,3267690.000000,0.801060,0.715415,1.859958,445120,256,58.18,74,forecast,False,ReLU,EARLY_STOPPED,13.55851460,13.72852135,9.34725094,63,1.012539,False,"[""69.24053955"", ""30.35781479"", ""38.44692230"", ""25.76865768"", ""23.74005508"", ""24.15600586"", ""20.43993187"", ""19.11743355"", ""17.14117432"", ""16.00340080"", ""15.67408466"", ""16.52361870"", ""15.26266193"", ""15.09605980"", ""14.75676250"", ""15.87789249"", ""15.43719673"", ""15.25228500"", ""14.40354443"", ""14.17521286"", ""15.01553917"", ""14.50177479"", ""14.35786724"", ""14.09955025"", ""14.87200165"", ""14.05628300"", ""13.96478367"", ""14.21425819"", ""13.83594608"", ""14.18307590"", ""14.51282787"", ""14.59716415"", ""13.85518646"", ""13.86351395"", ""13.94382095"", ""13.73982906"", ""14.43161583"", ""13.77353382"", ""13.71043301"", ""13.78659058"", ""14.08799171"", ""13.63028622"", ""13.64405537"", ""13.77053833"", ""13.90491295"", ""13.62717438"", ""13.59247112"", ""13.83820152"", ""13.82922268"", ""13.63214970"", ""13.59412098"", ""13.86425018"", ""13.68674564"", ""13.60348129"", ""13.57849216"", ""13.77774620"", ""13.83941936"", ""13.62691402"", ""13.62707520"", ""13.78511524"", ""13.58935070"", ""13.70106220"", ""13.78626537"", ""13.55851460"", ""13.66102695"", ""13.68752003"", ""13.63168716"", ""13.82830334"", ""13.58467674"", ""13.69673634"", ""13.67227173"", ""13.76640987"", ""13.57172012"", ""13.72852135""]",TrendWaveletGenericAELG,AERootBlockLG,per_pass
activeG_fcast,TWGAELG_coif2_td3_bd4_gd5_ld16,trendwavelet_generic_new,['TrendWaveletGenericAELG'],Yearly,1,6,30,10,1,True,2,44,13.694901,3.139745,847.267822,3371222.750000,0.814045,0.723599,1.868021,445120,256,50.46,65,forecast,False,ReLU,EARLY_STOPPED,13.61239719,13.62480736,9.40382004,54,1.000912,False,"[""89.97535706"", ""37.35609818"", ""35.45621490"", ""29.66921806"", ""24.57620430"", ""23.98049736"", ""20.77660942"", ""18.64606667"", ""17.11472130"", ""16.33440018"", ""15.48260021"", ""16.09019852"", ""15.32949638"", ""15.68906498"", ""15.08763027"", ""15.43446350"", ""14.64393902"", ""14.92112064"", ""14.55424595"", ""14.51861095"", ""14.37187386"", ""14.58755207"", ""14.27076340"", ""14.80147457"", ""14.23021030"", ""14.62410355"", ""14.12677479"", ""14.46110153"", ""14.07428169"", ""14.11442566"", ""14.05908298"", ""13.91889286"", ""14.58675671"", ""13.90320969"", ""13.88095284"", ""14.16160011"", ""14.11675262"", ""13.82098389"", ""13.77993584"", ""14.05636692"", ""14.03871346"", ""13.74314117"", ""13.73306370"", ""14.09806156"", ""13.97941685"", ""13.74797726"", ""13.69192410"", ""13.95752430"", ""13.93442631"", ""13.70846367"", ""13.71298599"", ""13.80718517"", ""13.74748325"", ""13.64441681"", ""13.61239719"", ""14.01189709"", ""13.66944790"", ""13.65455055"", ""13.76794338"", ""13.80687904"", ""13.64584541"", ""13.61689091"", ""13.71898460"", ""13.88169956"", ""13.62480736""]",TrendWaveletGenericAELG,AERootBlockLG,per_pass
activeG_fcast,TWGAELG_coif2_td3_bd4_gd5_ld16,trendwavelet_generic_new,['TrendWaveletGenericAELG'],Yearly,1,6,30,10,1,True,3,45,13.499708,3.089027,832.423096,3293293.500000,0.801692,0.715644,1.865310,445120,256,61.95,79,forecast,False,ReLU,EARLY_STOPPED,13.53053284,13.72993660,9.39801979,68,1.014737,False,"[""82.95790863"", ""32.65296173"", ""36.82174683"", ""28.87653732"", ""24.79197311"", ""22.94887161"", ""22.46618271"", ""20.09336662"", ""18.08357239"", ""16.56032944"", ""17.46206093"", ""15.79165173"", ""15.91878414"", ""15.36944199"", ""15.04471874"", ""14.94006634"", ""14.58067703"", ""14.82409954"", ""14.44177628"", ""14.54239941"", ""14.51106071"", ""14.78188610"", ""14.15947247"", ""14.27144718"", ""14.02729988"", ""13.91374874"", ""14.56566429"", ""13.85723686"", ""13.92328835"", ""14.10890484"", ""14.37593842"", ""14.12786388"", ""14.21138000"", ""13.87830067"", ""14.47672176"", ""13.75330067"", ""13.95544529"", ""13.68334484"", ""13.83903027"", ""14.07778263"", ""13.65592289"", ""13.59402084"", ""13.85101128"", ""13.66234684"", ""14.68020535"", ""13.91418839"", ""14.27755547"", ""13.62605858"", ""13.77784061"", ""13.70427132"", ""13.58334064"", ""13.88140392"", ""13.68372917"", ""14.69666672"", ""13.55875587"", ""14.09284210"", ""13.58683968"", ""13.57649231"", ""13.95839977"", ""13.55587673"", ""13.91164780"", ""13.60388851"", ""13.95020676"", ""13.53585434"", ""13.82181072"", ""13.61801624"", ""13.53967953"", ""13.84984684"", ""13.53053284"", ""13.62320137"", ""13.80022526"", ""13.55074215"", ""13.60633850"", ""13.73705673"", ""13.53673077"", ""13.82135201"", ""13.53527451"", ""13.74455833"", ""13.72993660""]",TrendWaveletGenericAELG,AERootBlockLG,per_pass
activeG_fcast,TWGAELG_coif2_td3_bd4_gd5_ld16,trendwavelet_generic_new,['TrendWaveletGenericAELG'],Yearly,1,6,30,10,1,True,4,46,13.565409,3.089993,834.471436,3303910.000000,0.803824,0.715233,1.862585,445120,256,57.86,75,forecast,False,ReLU,EARLY_STOPPED,13.56977844,13.61348915,9.27371502,64,1.003221,False,"[""73.83504486"", ""29.82534218"", ""39.95505142"", ""26.35723305"", ""23.61166382"", ""24.14861870"", ""20.23977280"", ""18.74388313"", ""18.14836502"", ""18.34973526"", ""15.93871880"", ""15.83246422"", ""15.41874504"", ""15.29914284"", ""15.14660835"", ""14.73817348"", ""15.24081802"", ""14.73872852"", ""14.52121639"", ""14.31408596"", ""14.71378708"", ""14.09641266"", ""14.98586655"", ""14.01459122"", ""14.01724052"", ""14.26739693"", ""14.07271767"", ""15.89561558"", ""14.36618710"", ""14.30739021"", ""13.91711044"", ""14.22238159"", ""13.88538170"", ""14.48901176"", ""13.89448261"", ""15.00544834"", ""14.02341843"", ""14.70206642"", ""13.80845261"", ""14.48983574"", ""13.86683846"", ""14.32977200"", ""13.84581661"", ""14.45356560"", ""13.85766125"", ""14.34636307"", ""13.74007034"", ""14.33479118"", ""13.69918728"", ""14.32808590"", ""13.62855339"", ""14.13780594"", ""13.61561108"", ""13.99778557"", ""13.61504459"", ""13.90804386"", ""13.59267235"", ""13.63718033"", ""13.92031479"", ""13.57687759"", ""13.59659004"", ""13.73032761"", ""13.72653389"", ""13.62141609"", ""13.56977844"", ""13.71079636"", ""13.67606354"", ""13.73031616"", ""13.64649200"", ""13.60490799"", ""13.60925293"", ""13.85470009"", ""13.57495880"", ""13.76675034"", ""13.61348915""]",TrendWaveletGenericAELG,AERootBlockLG,per_pass
activeG_fcast,TWGVAE_coif2_td3_bd4_gd5_ld16,trendwavelet_generic_new,['TrendWaveletGenericVAE'],Yearly,1,6,30,10,1,True,0,42,15.894445,3.762650,954.793396,3661378.500000,0.959715,0.883951,2.476348,600000,256,51.12,62,forecast,False,ReLU,EARLY_STOPPED,16.06803894,16.59027863,15.28005791,51,1.032502,False,"[""180.33300781"", ""173.46743774"", ""166.35919189"", ""158.11111450"", ""147.91842651"", ""132.83242798"", ""116.49057770"", ""89.61115265"", ""62.16824341"", ""39.39361954"", ""26.22125816"", ""23.29338074"", ""22.14742661"", ""22.03915787"", ""20.89216995"", ""20.92367744"", ""21.05283165"", ""20.28691101"", ""20.32662964"", ""20.40540695"", ""22.03575325"", ""19.32019043"", ""20.80037880"", ""20.11260223"", ""18.44094467"", ""20.19360542"", ""19.89663315"", ""20.54419708"", ""18.11672592"", ""18.22384071"", ""17.50631714"", ""19.37841415"", ""18.19947433"", ""18.79740143"", ""18.40686798"", ""17.35552025"", ""17.30298615"", ""17.61794090"", ""17.66713142"", ""16.97620964"", ""17.17450523"", ""17.85334396"", ""17.05596161"", ""16.99270248"", ""16.62800217"", ""17.03530884"", ""16.81390190"", ""16.45089912"", ""16.32659721"", ""16.96665192"", ""16.17940140"", ""16.06803894"", ""21.90739441"", ""16.64539528"", ""17.50605965"", ""21.99453926"", ""17.12202072"", ""17.50256348"", ""19.52259445"", ""18.06333160"", ""17.77180099"", ""16.59027863""]",TrendWaveletGenericVAE,AERootBlockVAE,per_pass
activeG_fcast,TWGVAE_coif2_td3_bd4_gd5_ld16,trendwavelet_generic_new,['TrendWaveletGenericVAE'],Yearly,1,6,30,10,1,True,1,43,17.047300,4.235668,1017.080444,3906407.500000,1.054502,1.016486,3.263005,600000,256,35.61,44,forecast,False,ReLU,EARLY_STOPPED,16.54970360,20.36268616,19.74088860,33,1.230396,False,"[""177.81541443"", ""170.34234619"", ""164.47578430"", ""156.83728027"", ""148.37069702"", ""137.49337769"", ""122.16791534"", ""100.48881531"", ""71.42498016"", ""48.19609833"", ""31.75499725"", ""25.99914169"", ""23.03332520"", ""21.71733475"", ""20.72233772"", ""20.25430679"", ""19.56955338"", ""18.41666412"", ""19.70475769"", ""19.09943581"", ""19.19836617"", ""20.19759369"", ""18.03687668"", ""17.85509682"", ""17.65329170"", ""17.66310310"", ""18.29493904"", ""18.13580132"", ""17.40135574"", ""17.79193878"", ""17.24842834"", ""18.23991013"", ""17.54662132"", ""16.54970360"", ""18.98060799"", ""17.29065704"", ""18.55255508"", ""20.88263702"", ""19.92850304"", ""17.24975204"", ""18.13223839"", ""16.72821808"", ""16.94702339"", ""20.36268616""]",TrendWaveletGenericVAE,AERootBlockVAE,per_pass
activeG_fcast,TWGVAE_coif2_td3_bd4_gd5_ld16,trendwavelet_generic_new,['TrendWaveletGenericVAE'],Yearly,1,6,30,10,1,True,2,44,16.365921,3.882646,971.548828,3709009.250000,0.989238,0.930966,2.898777,600000,256,38.10,46,forecast,False,ReLU,EARLY_STOPPED,16.02639580,16.73714447,16.90368271,35,1.044349,False,"[""178.84097290"", ""171.02075195"", ""162.71435547"", ""154.25685120"", ""143.49357605"", ""134.94549561"", ""118.64869690"", ""98.93044281"", ""70.47431183"", ""44.41299820"", ""31.01710320"", ""26.15466499"", ""22.81753349"", ""23.89448166"", ""21.16343117"", ""20.25959396"", ""20.32180023"", ""20.33896065"", ""20.19335365"", ""22.16382408"", ""18.88050652"", ""20.77199364"", ""18.06607819"", ""19.72322273"", ""19.87197304"", ""18.44078827"", ""20.25484848"", ""17.96756935"", ""16.79013824"", ""19.37556267"", ""17.42618179"", ""17.91860580"", ""19.07986641"", ""17.44696808"", ""19.05637169"", ""16.02639580"", ""16.15750122"", ""16.79696083"", ""16.20171547"", ""17.14766693"", ""17.99551582"", ""17.13518906"", ""18.71789169"", ""17.43613625"", ""18.39546967"", ""16.73714447""]",TrendWaveletGenericVAE,AERootBlockVAE,per_pass
activeG_fcast,TWGVAE_coif2_td3_bd4_gd5_ld16,trendwavelet_generic_new,['TrendWaveletGenericVAE'],Yearly,1,6,30,10,1,True,3,45,15.386280,3.636115,939.106628,3612666.250000,0.928247,0.842452,2.187673,600000,256,68.72,87,forecast,False,ReLU,EARLY_STOPPED,15.21165085,15.51036453,12.44128323,76,1.019637,False,"[""178.20584106"", ""173.61294556"", ""167.39450073"", ""163.41320801"", ""152.47314453"", ""142.16705322"", ""129.42640686"", ""103.75815582"", ""70.18986511"", ""46.28160477"", ""29.54190445"", ""23.99600601"", ""22.88464165"", ""23.08056831"", ""24.56591225"", ""20.74026489"", ""20.01325417"", ""24.83545876"", ""19.76084328"", ""21.06436157"", ""21.37567711"", ""19.60641479"", ""19.38025665"", ""20.41476059"", ""18.89152718"", ""17.99899864"", ""19.23338890"", ""18.15984344"", ""18.47046089"", ""17.99065018"", ""18.48748589"", ""18.16203690"", ""18.60585022"", ""18.26733589"", ""18.35721397"", ""17.73563385"", ""18.01797676"", ""17.95744133"", ""18.00831223"", ""16.57434464"", ""16.94520950"", ""17.78336906"", ""16.59726715"", ""17.51325417"", ""16.68146515"", ""16.75548935"", ""17.17356110"", ""16.31068039"", ""17.38265228"", ""17.17479134"", ""15.86549473"", ""17.05170441"", ""16.34057999"", ""16.12078285"", ""16.84283257"", ""15.85324955"", ""16.12666893"", ""15.72506618"", ""15.88556957"", ""15.58610916"", ""15.94244957"", ""15.72221565"", ""15.67346764"", ""16.03349495"", ""15.92712593"", ""15.42952824"", ""16.89052963"", ""15.50484753"", ""16.93672371"", ""17.31498909"", ""15.24610424"", ""15.77810764"", ""16.40651512"", ""15.88207626"", ""15.42451859"", ""15.77935505"", ""15.21165085"", ""15.64516830"", ""15.44794178"", ""15.62762070"", ""15.48326492"", ""15.54422379"", ""15.72282600"", ""15.46049690"", ""15.68721771"", ""15.52845478"", ""15.51036453""]",TrendWaveletGenericVAE,AERootBlockVAE,per_pass
activeG_fcast,TWGVAE_coif2_td3_bd4_gd5_ld16,trendwavelet_generic_new,['TrendWaveletGenericVAE'],Yearly,1,6,30,10,1,True,4,46,16.330074,3.943974,993.707153,3797255.250000,0.995857,0.911467,2.457117,600000,256,41.61,50,forecast,False,ReLU,EARLY_STOPPED,16.79340744,16.93597794,16.97218323,39,1.008490,False,"[""174.70565796"", ""170.95608521"", ""167.95591736"", ""158.42451477"", ""149.72676086"", ""136.40402222"", ""122.98039246"", ""106.55529022"", ""77.44329071"", ""47.88222122"", ""29.47006989"", ""24.25550079"", ""22.77823257"", ""22.07194519"", ""21.06976318"", ""20.48338699"", ""19.70466805"", ""21.33363724"", ""20.32920837"", ""20.23562050"", ""19.79095268"", ""20.15988159"", ""19.74081802"", ""19.68823814"", ""18.75881577"", ""18.37087059"", ""18.19063950"", ""17.72466469"", ""18.94270134"", ""17.28848839"", ""17.12009239"", ""19.82620811"", ""18.76781082"", ""18.02631569"", ""23.22136497"", ""17.44836235"", ""20.23873329"", ""19.71196365"", ""17.99041176"", ""16.79340744"", ""17.66979218"", ""19.58317566"", ""19.63940811"", ""21.18603325"", ""20.32983208"", ""20.15432739"", ""19.23622894"", ""17.36805916"", ""17.16111755"", ""16.93597794""]",TrendWaveletGenericVAE,AERootBlockVAE,per_pass
activeG_fcast,TW_coif2_td3_bd4,trendwavelet_generic_reference,['TrendWavelet'],Yearly,1,6,30,10,1,True,1,43,13.629723,3.138167,841.246521,3315394.500000,0.811852,0.730481,1.919065,2071110,256,25.60,31,forecast,False,ReLU,EARLY_STOPPED,13.83001518,14.50832748,10.04816341,20,1.049046,False,"[""63.66089249"", ""27.17024422"", ""23.79466248"", ""19.38927078"", ""16.63281059"", ""16.16266251"", ""16.11174202"", ""16.21880531"", ""14.79229927"", ""15.75964165"", ""14.30385590"", ""14.31308460"", ""14.36611557"", ""15.55135632"", ""14.33466816"", ""14.14180565"", ""15.19798756"", ""13.95018578"", ""13.95575142"", ""14.83117676"", ""13.83001518"", ""14.06647968"", ""15.33205986"", ""14.07899094"", ""15.28535080"", ""13.86943245"", ""15.47424221"", ""14.21612740"", ""14.26252270"", ""14.00930309"", ""14.50832748""]",TrendWavelet,RootBlock,per_pass
activeG_fcast,TW_coif2_td3_bd4,trendwavelet_generic_reference,['TrendWavelet'],Yearly,1,6,30,10,1,True,0,42,13.434477,3.056309,827.192688,3262468.750000,0.795579,0.710524,1.855981,2071110,256,34.57,44,forecast,False,ReLU,EARLY_STOPPED,13.69417953,14.14996243,10.05499172,33,1.033283,False,"[""53.55575180"", ""26.81826401"", ""26.11481285"", ""20.96224403"", ""18.37785912"", ""17.35193634"", ""15.89818573"", ""16.67448616"", ""15.19371510"", ""15.08386040"", ""14.52638817"", ""14.18364525"", ""14.18091488"", ""14.45624065"", ""13.94653130"", ""14.11468220"", ""13.92195892"", ""13.97600365"", ""14.10259342"", ""14.58859634"", ""14.07656765"", ""13.79409122"", ""13.89894390"", ""14.24650955"", ""14.23255825"", ""14.23256111"", ""13.93908787"", ""14.06040478"", ""13.81493378"", ""13.72101498"", ""13.98591137"", ""15.45481968"", ""13.88469601"", ""13.69417953"", ""14.89065170"", ""14.10129356"", ""14.07108116"", ""15.54559612"", ""14.38859558"", ""15.09271431"", ""13.85533047"", ""16.65276337"", ""15.13870239"", ""14.14996243""]",TrendWavelet,RootBlock,per_pass
activeG_fcast,TW_coif2_td3_bd4,trendwavelet_generic_reference,['TrendWavelet'],Yearly,1,6,30,10,1,True,3,45,14.116094,3.369187,879.212891,3422142.750000,0.855800,0.765754,1.973142,2071110,256,33.85,43,forecast,False,ReLU,EARLY_STOPPED,13.96275425,16.91842079,11.03148270,32,1.211682,False,"[""55.94036484"", ""26.91535378"", ""25.48880768"", ""20.49894333"", ""18.25801468"", ""16.09398460"", ""15.79705334"", ""15.45947456"", ""15.21127415"", ""14.80310154"", ""14.59736919"", ""14.74844837"", ""14.78288269"", ""16.06573105"", ""14.16104317"", ""14.33405304"", ""14.35031700"", ""14.05967808"", ""14.85111523"", ""14.09821987"", ""14.21439171"", ""15.27892685"", ""14.55755615"", ""15.78163815"", ""14.49480534"", ""15.69059277"", ""14.00785446"", ""14.58542538"", ""13.97117519"", ""14.20577431"", ""13.96452045"", ""14.85365772"", ""13.96275425"", ""14.09795475"", ""14.84850502"", ""14.84197712"", ""16.54270554"", ""14.74957466"", ""15.58324623"", ""17.34975624"", ""14.60434341"", ""14.08508873"", ""16.91842079""]",TrendWavelet,RootBlock,per_pass
activeG_fcast,TW_coif2_td3_bd4,trendwavelet_generic_reference,['TrendWavelet'],Yearly,1,6,30,10,1,True,2,44,13.512811,3.094298,835.839233,3317221.250000,0.802756,0.717202,1.868887,2071110,256,45.39,57,forecast,False,ReLU,EARLY_STOPPED,13.64132309,13.71854877,9.39722538,46,1.005661,False,"[""62.41107559"", ""25.92561340"", ""24.33264923"", ""20.00766182"", ""17.91063309"", ""17.66429710"", ""15.80214787"", ""15.43035316"", ""16.20190048"", ""15.11771774"", ""14.76687908"", ""14.37160969"", ""15.15390110"", ""14.89933109"", ""15.15441704"", ""14.59163475"", ""15.33941078"", ""17.89515114"", ""16.22286797"", ""15.77093029"", ""14.64645290"", ""14.23817158"", ""15.16644382"", ""14.22468090"", ""13.94735146"", ""14.42802429"", ""14.04950142"", ""13.99847126"", ""13.86246300"", ""13.71408463"", ""14.05941963"", ""14.77861118"", ""14.05042553"", ""13.87705612"", ""13.84238338"", ""14.33830070"", ""13.69800568"", ""14.36555195"", ""13.73098278"", ""13.88248348"", ""14.86987877"", ""13.78881359"", ""14.61126804"", ""13.66498280"", ""13.74815369"", ""13.70732975"", ""13.64132309"", ""13.74175644"", ""14.04984283"", ""14.14504910"", ""14.06349850"", ""13.75057507"", ""13.73030949"", ""13.78225422"", ""13.74716282"", ""13.89752197"", ""13.71854877""]",TrendWavelet,RootBlock,per_pass
activeG_fcast,TW_coif2_td3_bd4,trendwavelet_generic_reference,['TrendWavelet'],Yearly,1,6,30,10,1,True,4,46,13.496153,3.080027,830.375244,3268540.000000,0.800451,0.714054,1.857991,2071110,256,40.51,52,forecast,False,ReLU,EARLY_STOPPED,13.63666344,13.90888214,9.32877254,41,1.019962,False,"[""47.60131073"", ""27.46757889"", ""26.07965851"", ""19.99388695"", ""18.56952667"", ""16.64813232"", ""15.86476040"", ""15.51325512"", ""16.69990730"", ""14.76332092"", ""14.60101128"", ""14.59440899"", ""14.66858864"", ""14.29585075"", ""14.20498276"", ""14.00795269"", ""14.02407169"", ""13.97454166"", ""14.10002995"", ""15.33985996"", ""13.98979759"", ""13.75989628"", ""13.94487953"", ""14.08120537"", ""14.28539562"", ""13.86537361"", ""13.66435146"", ""13.74795246"", ""14.86842823"", ""13.85365105"", ""13.67398071"", ""13.82463169"", ""14.72349834"", ""13.94325161"", ""13.66183376"", ""13.88613319"", ""14.36057854"", ""13.66769600"", ""13.67595005"", ""14.13038540"", ""14.01775932"", ""13.63666344"", ""13.69033527"", ""14.09812546"", ""13.95599365"", ""13.69141674"", ""13.65966988"", ""13.87869740"", ""14.12737274"", ""13.67588615"", ""13.66234398"", ""13.90888214""]",TrendWavelet,RootBlock,per_pass
activeG_fcast,TWAE_coif2_td3_bd4_ld16,trendwavelet_generic_reference,['TrendWaveletAE'],Yearly,1,6,30,10,1,True,0,42,13.622570,3.152103,843.921082,3334589.500000,0.813387,0.721958,1.863948,1515750,512,41.85,52,forecast,False,ReLU,EARLY_STOPPED,13.58214569,13.76050854,10.25987911,41,1.013132,False,"[""29.86626625"", ""27.10758400"", ""23.86860847"", ""20.71158791"", ""18.27157211"", ""16.39040947"", ""15.44018841"", ""15.37725925"", ""16.88127899"", ""14.67592621"", ""14.54949760"", ""14.93178272"", ""16.04709053"", ""14.17747307"", ""14.51117802"", ""15.71124077"", ""14.05067158"", ""14.12276268"", ""14.21622181"", ""14.54689026"", ""14.10358143"", ""13.94238758"", ""14.90541744"", ""14.28892708"", ""14.87328815"", ""14.80868912"", ""14.18502045"", ""13.92550278"", ""14.21585369"", ""14.85171318"", ""13.93294811"", ""14.27248383"", ""15.07725906"", ""15.06290531"", ""14.65089130"", ""13.97497654"", ""13.79416561"", ""13.65285969"", ""13.73533058"", ""13.67136860"", ""13.65008736"", ""13.58214569"", ""13.76843166"", ""13.73058987"", ""13.80845833"", ""14.59113026"", ""14.19725132"", ""15.13797855"", ""13.78900242"", ""13.75429630"", ""14.38910198"", ""13.76050854""]",TrendWaveletAE,AERootBlock,per_pass
activeG_fcast,TWAE_coif2_td3_bd4_ld16,trendwavelet_generic_reference,['TrendWaveletAE'],Yearly,1,6,30,10,1,True,1,43,13.530034,3.111887,836.156982,3281307.250000,0.805496,0.720233,1.874973,1515750,512,50.00,65,forecast,False,ReLU,EARLY_STOPPED,13.62327957,13.84928799,9.33609486,54,1.016590,False,"[""44.80463028"", ""27.39588356"", ""26.94480705"", ""21.97182083"", ""19.90571594"", ""17.94170189"", ""17.00975609"", ""17.14608383"", ""16.17500877"", ""16.60084343"", ""15.46293926"", ""15.41685963"", ""15.03533459"", ""15.44711018"", ""14.90385914"", ""14.27991581"", ""14.29636669"", ""15.32199764"", ""14.07932186"", ""14.00014305"", ""14.56905746"", ""14.37848663"", ""13.92526054"", ""13.96380806"", ""14.24365902"", ""14.40372181"", ""13.83248329"", ""13.81082344"", ""13.99966431"", ""14.29179192"", ""13.75052452"", ""13.79975414"", ""14.17650509"", ""14.20643902"", ""13.68795204"", ""13.72247314"", ""14.25232983"", ""14.19036674"", ""13.68231773"", ""13.64320755"", ""14.01946640"", ""14.12784481"", ""13.65495014"", ""13.67632294"", ""14.04226398"", ""14.00659752"", ""13.64093590"", ""13.65612793"", ""13.97179794"", ""13.95675659"", ""13.63598824"", ""13.65377712"", ""13.91565514"", ""13.99709606"", ""13.62327957"", ""13.62641811"", ""13.94149971"", ""13.92967510"", ""13.64801598"", ""13.64081478"", ""13.92322159"", ""13.92298794"", ""13.62833595"", ""13.65800858"", ""13.84928799""]",TrendWaveletAE,AERootBlock,per_pass
activeG_fcast,TWAE_coif2_td3_bd4_ld16,trendwavelet_generic_reference,['TrendWaveletAE'],Yearly,1,6,30,10,1,True,2,44,13.535151,3.103957,833.782349,3276502.750000,0.804655,0.721278,1.887245,1515750,512,54.86,69,forecast,False,ReLU,EARLY_STOPPED,13.57645512,13.84459686,9.35624218,58,1.019750,False,"[""29.10840225"", ""30.70334435"", ""25.05421257"", ""20.76415062"", ""18.81742096"", ""16.31594467"", ""16.17378044"", ""15.72895622"", ""15.43702316"", ""15.03497314"", ""15.14529037"", ""15.37560368"", ""15.80578232"", ""17.29905510"", ""14.52045155"", ""14.64711285"", ""14.34549713"", ""14.59176731"", ""14.52029991"", ""14.28796291"", ""15.52919865"", ""14.27559376"", ""13.97238350"", ""13.95667934"", ""14.64416885"", ""14.01631260"", ""13.96189499"", ""14.43658733"", ""14.50472927"", ""13.73024368"", ""14.03662682"", ""14.50844860"", ""14.16477299"", ""13.72376537"", ""13.82344818"", ""13.66294670"", ""14.16482067"", ""14.26320267"", ""13.76790714"", ""13.68244267"", ""14.16187477"", ""14.34085560"", ""13.70463276"", ""13.64128399"", ""13.83754253"", ""14.07057762"", ""13.64859962"", ""13.60338020"", ""14.00909233"", ""13.90200233"", ""13.62194824"", ""13.62819862"", ""13.81192780"", ""13.86550522"", ""13.64009476"", ""13.60175133"", ""13.83314705"", ""13.91548824"", ""13.57645512"", ""13.59311008"", ""13.74348545"", ""13.81752682"", ""13.60742569"", ""13.58758545"", ""13.76692390"", ""13.81199837"", ""13.59725857"", ""13.61254120"", ""13.84459686""]",TrendWaveletAE,AERootBlock,per_pass
activeG_fcast,TWAE_coif2_td3_bd4_ld16,trendwavelet_generic_reference,['TrendWaveletAE'],Yearly,1,6,30,10,1,True,3,45,13.574595,3.129419,839.238831,3305279.750000,0.809065,0.722649,1.883018,1515750,512,47.36,61,forecast,False,ReLU,EARLY_STOPPED,13.61958408,13.95315933,9.45797443,50,1.024492,False,"[""33.42413330"", ""27.45883751"", ""23.43377113"", ""22.89760780"", ""17.87190819"", ""16.35418510"", ""16.36557198"", ""15.70448685"", ""15.79247189"", ""15.07380009"", ""14.83481503"", ""14.67629051"", ""16.16820717"", ""14.66313744"", ""14.75659275"", ""15.84736538"", ""14.32338047"", ""14.33661842"", ""15.19165897"", ""15.04300117"", ""15.61034489"", ""14.02540207"", ""14.16589642"", ""14.09547997"", ""14.86360836"", ""13.94850636"", ""13.95459557"", ""13.96129513"", ""14.73093891"", ""13.89818192"", ""13.83733559"", ""14.17054176"", ""14.07372379"", ""13.70482731"", ""13.75352001"", ""14.27737331"", ""14.16240883"", ""13.68922043"", ""13.71022797"", ""14.13878918"", ""14.33520412"", ""13.67688179"", ""13.67065525"", ""13.90946770"", ""14.31191158"", ""13.66653252"", ""13.69996834"", ""13.81240940"", ""14.14182472"", ""13.62631702"", ""13.61958408"", ""13.96330166"", ""14.01279449"", ""13.62251091"", ""13.63275242"", ""13.79328823"", ""14.06566334"", ""13.62649822"", ""13.62000179"", ""13.80513000"", ""13.95315933""]",TrendWaveletAE,AERootBlock,per_pass
activeG_fcast,TWAE_coif2_td3_bd4_ld16,trendwavelet_generic_reference,['TrendWaveletAE'],Yearly,1,6,30,10,1,True,4,46,13.543433,3.112596,836.177246,3274744.250000,0.805995,0.715642,1.851400,1515750,512,58.47,74,forecast,False,ReLU,EARLY_STOPPED,13.58451080,13.93189240,9.14631844,63,1.025572,False,"[""36.58592606"", ""29.70904541"", ""24.50596809"", ""23.21457672"", ""19.30888748"", ""18.25751495"", ""17.43313789"", ""16.23879433"", ""16.78056335"", ""15.52364159"", ""16.07261658"", ""15.34791565"", ""15.27477169"", ""14.90736866"", ""14.78435421"", ""14.64589119"", ""15.24515247"", ""14.36752415"", ""15.02527809"", ""14.41091156"", ""15.10176945"", ""14.21049500"", ""14.44455338"", ""14.17849636"", ""14.90597916"", ""14.55159950"", ""15.13237953"", ""14.06521511"", ""14.40337467"", ""13.97625160"", ""14.37637806"", ""14.14135838"", ""14.06028843"", ""13.87505341"", ""14.40852547"", ""13.83843040"", ""14.18562317"", ""14.12475777"", ""14.17247105"", ""13.88521767"", ""14.63176250"", ""13.93042088"", ""14.55592346"", ""13.86771488"", ""14.22625637"", ""13.80724335"", ""13.67162514"", ""13.71318722"", ""13.79813957"", ""13.68019867"", ""13.63445663"", ""13.66481018"", ""13.68114090"", ""14.16455173"", ""13.69780540"", ""13.60111237"", ""13.93688965"", ""13.84467697"", ""13.64348221"", ""13.64172554"", ""13.80588150"", ""14.03158951"", ""13.70277405"", ""13.58451080"", ""13.87144947"", ""13.91918850"", ""13.63113213"", ""13.66379929"", ""13.84395409"", ""13.85706520"", ""13.70112324"", ""13.64181805"", ""13.81411171"", ""13.93189240""]",TrendWaveletAE,AERootBlock,per_pass
activeG_fcast,TWAELG_coif2_td3_bd4_ld16,trendwavelet_generic_reference,['TrendWaveletAELG'],Yearly,1,6,30,10,1,True,0,42,13.460414,3.065445,831.015137,3297347.250000,0.797523,0.712208,1.860943,1515910,512,53.48,69,forecast,False,ReLU,EARLY_STOPPED,13.53715229,14.07946777,9.57180500,58,1.040061,False,"[""33.62772751"", ""28.43648720"", ""24.02040291"", ""21.31184959"", ""18.25484848"", ""16.38254738"", ""15.99452019"", ""15.18594933"", ""14.79839516"", ""18.37825012"", ""15.27999687"", ""14.87972927"", ""14.47482872"", ""14.95399761"", ""15.32255745"", ""15.93158245"", ""15.45921421"", ""15.12635612"", ""17.61029434"", ""14.47263145"", ""15.21288300"", ""14.63455868"", ""14.85916615"", ""14.00695896"", ""14.00465202"", ""14.81002140"", ""14.10083294"", ""14.56854057"", ""13.89267921"", ""14.36810780"", ""13.96856976"", ""13.77865219"", ""14.11704922"", ""14.31251812"", ""13.87160873"", ""14.02715778"", ""13.97303295"", ""13.84592438"", ""14.37263966"", ""13.81688213"", ""13.98687744"", ""13.70336819"", ""13.69746304"", ""13.92444324"", ""13.87389278"", ""13.75786781"", ""14.52547932"", ""13.70647812"", ""13.66766071"", ""14.15458298"", ""13.56753159"", ""13.66244125"", ""13.85216427"", ""13.80048084"", ""13.57798767"", ""13.71268654"", ""13.72018051"", ""13.72594833"", ""13.53715229"", ""13.60183048"", ""13.78368473"", ""13.62099171"", ""13.72625828"", ""14.01594734"", ""13.67738152"", ""13.77733326"", ""13.82660294"", ""13.58988857"", ""14.07946777""]",TrendWaveletAELG,AERootBlockLG,per_pass
activeG_fcast,TWAELG_coif2_td3_bd4_ld16,trendwavelet_generic_reference,['TrendWaveletAELG'],Yearly,1,6,30,10,1,True,1,43,13.585872,3.127691,838.016724,3291266.000000,0.809193,0.723757,1.881893,1515910,512,42.07,52,forecast,False,ReLU,EARLY_STOPPED,13.58233738,13.79941273,9.74299622,41,1.015982,False,"[""30.09004021"", ""33.46403885"", ""24.75842094"", ""24.10496521"", ""20.27330971"", ""18.05269051"", ""16.70722008"", ""16.70829391"", ""16.48056793"", ""15.71353817"", ""16.38045311"", ""15.19627476"", ""15.18253517"", ""16.41513634"", ""15.55848885"", ""16.51931000"", ""15.46891594"", ""14.84780884"", ""14.49744129"", ""14.53660870"", ""14.91079998"", ""14.10491943"", ""14.27604389"", ""14.01960373"", ""14.00026798"", ""13.81256104"", ""14.32394791"", ""13.77669716"", ""13.80991173"", ""14.05303097"", ""13.75159645"", ""13.65334225"", ""14.08481884"", ""13.86998749"", ""13.77934265"", ""14.25801945"", ""14.36573601"", ""13.72537136"", ""13.93232155"", ""14.15225983"", ""14.27281475"", ""13.58233738"", ""13.82920265"", ""14.12333679"", ""14.08005333"", ""13.64191055"", ""13.81980324"", ""14.12321758"", ""13.59104633"", ""13.60027409"", ""13.75714397"", ""13.79941273""]",TrendWaveletAELG,AERootBlockLG,per_pass
activeG_fcast,TWAELG_coif2_td3_bd4_ld16,trendwavelet_generic_reference,['TrendWaveletAELG'],Yearly,1,6,30,10,1,True,2,44,13.532470,3.095302,832.997559,3282123.250000,0.803484,0.716330,1.864839,1515910,512,54.32,70,forecast,False,ReLU,EARLY_STOPPED,13.63004780,13.95524025,9.23226643,59,1.023858,False,"[""33.45427322"", ""38.28101349"", ""26.69265938"", ""26.43379974"", ""20.88816452"", ""17.90784836"", ""16.20404816"", ""16.27447891"", ""15.97748470"", ""16.93965340"", ""15.37206078"", ""15.52116203"", ""15.11887455"", ""14.77236271"", ""15.41874218"", ""14.45503807"", ""16.61775780"", ""15.09431648"", ""15.16373920"", ""14.36364365"", ""14.30377483"", ""14.96005344"", ""14.53520203"", ""15.96353245"", ""14.66880798"", ""14.65682697"", ""14.38066196"", ""14.03312683"", ""14.33858395"", ""14.45469284"", ""13.98472309"", ""14.65204620"", ""13.87483788"", ""13.80731773"", ""14.66352749"", ""14.12022686"", ""14.86279106"", ""13.92719173"", ""14.31089783"", ""13.76316261"", ""13.76230431"", ""14.63386440"", ""13.77177143"", ""13.71325302"", ""14.32590866"", ""13.86756897"", ""13.77109909"", ""13.66823006"", ""14.11547661"", ""14.05986977"", ""13.67881489"", ""13.71307564"", ""13.74702740"", ""14.14209557"", ""13.64010143"", ""13.65775299"", ""13.76229858"", ""13.96792793"", ""13.63174438"", ""13.63004780"", ""13.84715652"", ""13.90406704"", ""13.64861679"", ""13.70335007"", ""13.66661453"", ""13.75892830"", ""13.91552830"", ""13.64428902"", ""13.66209793"", ""13.95524025""]",TrendWaveletAELG,AERootBlockLG,per_pass
activeG_fcast,TWAELG_coif2_td3_bd4_ld16,trendwavelet_generic_reference,['TrendWaveletAELG'],Yearly,1,6,30,10,1,True,3,45,13.496335,3.081147,832.301331,3288139.250000,0.800597,0.715233,1.875217,1515910,512,59.63,75,forecast,False,ReLU,EARLY_STOPPED,13.56956291,13.71602726,9.29713821,64,1.010794,False,"[""32.85660553"", ""37.13171768"", ""26.17624474"", ""22.54087639"", ""19.17630959"", ""16.98303795"", ""15.95189381"", ""18.17683220"", ""15.96395016"", ""15.69784546"", ""15.16491890"", ""14.73519611"", ""14.59648609"", ""14.51931763"", ""14.42553234"", ""14.26390743"", ""14.84261703"", ""15.33711720"", ""14.31289005"", ""14.07824612"", ""14.24241257"", ""15.94717979"", ""14.28539562"", ""14.04097462"", ""13.92425919"", ""15.59671021"", ""14.40445805"", ""14.29404736"", ""14.00360203"", ""14.55194664"", ""14.02861023"", ""14.37267685"", ""13.94557476"", ""13.75122547"", ""13.77491474"", ""13.81030846"", ""13.74326801"", ""13.75255871"", ""13.83778286"", ""14.68481350"", ""13.76703644"", ""13.71990776"", ""13.76996613"", ""14.15119457"", ""13.63611317"", ""13.58779049"", ""14.10444260"", ""13.85615349"", ""13.61283684"", ""13.67147446"", ""13.85996914"", ""13.81883526"", ""13.58773232"", ""13.60414219"", ""13.90934753"", ""13.77514839"", ""13.59135151"", ""13.57938957"", ""13.88804626"", ""13.76972008"", ""13.58609676"", ""13.59148407"", ""13.70417023"", ""13.85889435"", ""13.56956291"", ""13.59541988"", ""13.75004196"", ""13.71561718"", ""13.61874771"", ""13.58491611"", ""13.72182083"", ""13.73047447"", ""13.59654999"", ""13.58298779"", ""13.71602726""]",TrendWaveletAELG,AERootBlockLG,per_pass
activeG_fcast,TWAELG_coif2_td3_bd4_ld16,trendwavelet_generic_reference,['TrendWaveletAELG'],Yearly,1,6,30,10,1,True,4,46,13.520002,3.097613,830.872253,3260017.500000,0.803393,0.720622,1.878696,1515910,512,49.69,65,forecast,False,ReLU,EARLY_STOPPED,13.63837528,13.79980469,9.36134148,54,1.011836,False,"[""34.78924942"", ""44.39008331"", ""26.95420074"", ""26.47512817"", ""21.06120872"", ""19.52173615"", ""17.92132187"", ""16.76923370"", ""16.95307159"", ""16.21055603"", ""16.58632660"", ""15.73722839"", ""15.96162796"", ""15.05333996"", ""15.57706070"", ""14.95549965"", ""15.38350010"", ""14.83898067"", ""15.21798611"", ""15.03302479"", ""15.07419395"", ""14.60037136"", ""14.96644878"", ""14.41501045"", ""14.39335060"", ""14.13472271"", ""14.11541939"", ""14.42536831"", ""14.16084957"", ""14.18641853"", ""14.06601524"", ""13.88838291"", ""13.87763691"", ""14.60917759"", ""13.90860844"", ""14.59832191"", ""14.34527302"", ""14.76101875"", ""13.90882587"", ""14.22258377"", ""13.83061504"", ""13.80411243"", ""13.80237198"", ""14.14561272"", ""14.24798393"", ""13.69936657"", ""14.13409615"", ""13.70789433"", ""13.78854847"", ""14.07187748"", ""13.68593311"", ""13.74125957"", ""14.03680325"", ""13.79519558"", ""13.63837528"", ""13.94289303"", ""13.82422447"", ""13.68227482"", ""13.65190125"", ""13.68225861"", ""13.79793644"", ""13.90216160"", ""13.76803780"", ""13.64641666"", ""13.79980469""]",TrendWaveletAELG,AERootBlockLG,per_pass
