experiment,config_name,category,stack_types,period,frequency,forecast_length,backcast_length,n_stacks,n_blocks_per_stack,share_weights,run,seed,smape,mase,mae,mse,owa,norm_mae,norm_mse,n_params,training_time_seconds,epochs_trained,active_g,sum_losses,activation,stopping_reason,best_val_loss,final_val_loss,final_train_loss,best_epoch,loss_ratio,diverged,val_loss_curve,basis_dim,basis_offset,trend_thetas_dim_cfg,wavelet_family,bd_label,latent_dim_cfg,trend_block
wavelet_trendae_comparison,DB20_bd15_lt_bcast_ttd3_ld2,wavelet_trendae_comparison,"['TrendAE', 'DB20WaveletV3']",Yearly,1,6,30,10,1,True,0,42,13.424873,3.046967,827.927856,3277059.250000,0.794110,0.707674,1.849034,4264985,201.01,43,False,False,ReLU,EARLY_STOPPED,13.65264702,13.79531002,9.52567577,32,1.010449,False,"[""35.09751129"", ""28.13512993"", ""22.43598938"", ""21.62701797"", ""21.18522835"", ""17.63872719"", ""15.72192574"", ""15.48360729"", ""15.99341011"", ""15.13313484"", ""18.76308823"", ""16.30730629"", ""15.51930141"", ""14.63281631"", ""15.44506836"", ""14.98955536"", ""14.58305073"", ""14.86150360"", ""15.75791073"", ""14.21764660"", ""14.21895695"", ""14.74676323"", ""13.88829613"", ""14.69139767"", ""14.94293308"", ""15.15912819"", ""14.63253784"", ""14.51312256"", ""14.14547825"", ""13.96145248"", ""14.28412914"", ""13.75142956"", ""13.65264702"", ""13.84825039"", ""13.74545288"", ""13.68605042"", ""13.65725422"", ""14.05822945"", ""13.86585426"", ""13.69118309"", ""13.68945122"", ""13.78307343"", ""13.79531002""]",15,0,3,DB20WaveletV3,lt_bcast,2,TrendAE
wavelet_trendae_comparison,DB20_bd15_lt_bcast_ttd3_ld2,wavelet_trendae_comparison,"['TrendAE', 'DB20WaveletV3']",Yearly,1,6,30,10,1,True,1,43,13.466417,3.083356,833.065613,3295722.750000,0.799960,0.711259,1.847103,4264985,234.76,50,False,False,ReLU,MAX_EPOCHS,13.53754234,13.62199020,9.45853043,40,1.006238,False,"[""66.87744904"", ""30.55724144"", ""29.83517456"", ""23.24381065"", ""21.27921104"", ""18.94104195"", ""21.01976776"", ""16.60653877"", ""17.01124382"", ""15.41819859"", ""14.78449726"", ""15.28801537"", ""14.63381958"", ""15.14171219"", ""15.27529716"", ""15.06253433"", ""14.53112793"", ""17.88229561"", ""15.95214272"", ""17.86445999"", ""14.97768211"", ""14.46965504"", ""14.77727413"", ""15.14434338"", ""16.18688202"", ""13.98406219"", ""14.17596054"", ""13.80262089"", ""14.02579212"", ""14.39616203"", ""14.45429516"", ""13.74295235"", ""14.17724895"", ""13.62978649"", ""13.62788200"", ""13.85663414"", ""13.69243240"", ""13.61098194"", ""13.74511242"", ""13.78278637"", ""13.53754234"", ""13.94822788"", ""13.56363678"", ""13.58428288"", ""13.59656429"", ""13.96407318"", ""13.95536041"", ""13.78217506"", ""13.65211582"", ""13.62199020""]",15,0,3,DB20WaveletV3,lt_bcast,2,TrendAE
wavelet_trendae_comparison,DB20_bd15_lt_bcast_ttd3_ld2,wavelet_trendae_comparison,"['TrendAE', 'DB20WaveletV3']",Yearly,1,6,30,10,1,True,2,44,13.460467,3.071472,832.269531,3318443.500000,0.798283,0.711680,1.862649,4264985,237.51,50,False,False,ReLU,MAX_EPOCHS,13.65663719,13.68980980,9.54317188,43,1.002429,False,"[""29.04985237"", ""26.16104698"", ""20.65501595"", ""18.60299873"", ""20.00901031"", ""17.04503250"", ""16.19877434"", ""15.75901794"", ""15.87846565"", ""15.78907108"", ""16.00055695"", ""14.96637535"", ""14.98877430"", ""14.56369305"", ""17.63051414"", ""16.20112610"", ""17.07764626"", ""17.94597435"", ""15.79717827"", ""15.20688725"", ""17.94296646"", ""14.14234066"", ""14.62577820"", ""16.30874062"", ""14.39196968"", ""15.53313446"", ""13.84736729"", ""14.31976318"", ""14.13470364"", ""14.13177872"", ""13.75641346"", ""14.17461586"", ""13.83762264"", ""14.54054737"", ""13.91069126"", ""14.03369808"", ""14.11403084"", ""13.71169662"", ""14.23570251"", ""13.71116257"", ""13.70372868"", ""13.91621304"", ""13.79831696"", ""13.65663719"", ""13.86075306"", ""13.72623539"", ""13.69529247"", ""13.69091415"", ""13.68433189"", ""13.68980980""]",15,0,3,DB20WaveletV3,lt_bcast,2,TrendAE
wavelet_trendae_comparison,DB20_bd15_lt_bcast_ttd3_ld5,wavelet_trendae_comparison,"['TrendAE', 'DB20WaveletV3']",Yearly,1,6,30,10,1,True,0,42,13.592996,3.073270,831.810059,3298246.000000,0.802564,0.720391,1.893336,4268840,130.28,29,False,False,ReLU,EARLY_STOPPED,13.89204788,15.48392296,10.66728306,18,1.114589,False,"[""38.39635468"", ""29.27441025"", ""23.25545311"", ""21.25028419"", ""16.05736732"", ""17.12913513"", ""17.94857788"", ""16.37065887"", ""15.82795811"", ""14.94627762"", ""15.30777073"", ""14.65810966"", ""14.54475498"", ""14.24510098"", ""13.90585232"", ""14.04639435"", ""14.45056534"", ""14.00362682"", ""13.89204788"", ""13.89813423"", ""14.45359135"", ""14.44786167"", ""15.04492950"", ""14.72538757"", ""14.41477203"", ""20.12114716"", ""17.37266731"", ""22.69624901"", ""15.48392296""]",15,0,3,DB20WaveletV3,lt_bcast,5,TrendAE
wavelet_trendae_comparison,DB20_bd15_lt_bcast_ttd3_ld5,wavelet_trendae_comparison,"['TrendAE', 'DB20WaveletV3']",Yearly,1,6,30,10,1,True,1,43,13.652476,3.129566,843.812012,3368204.750000,0.811466,0.725383,1.878000,4268840,174.68,39,False,False,ReLU,EARLY_STOPPED,13.65928364,14.68911457,9.79098988,28,1.075394,False,"[""29.21557808"", ""26.24917030"", ""22.52635002"", ""18.30025101"", ""17.78222084"", ""19.80613136"", ""16.39276123"", ""17.51669121"", ""15.25565720"", ""16.49783325"", ""16.98195267"", ""17.35274887"", ""15.61441135"", ""16.64286041"", ""16.93158150"", ""15.07422733"", ""16.57094002"", ""15.08689785"", ""14.38287735"", ""14.09667492"", ""13.99385834"", ""14.59757042"", ""13.87086582"", ""13.92547035"", ""14.15086269"", ""14.34422684"", ""13.80940628"", ""13.66638279"", ""13.65928364"", ""15.13155556"", ""14.50816345"", ""14.80705452"", ""15.02241802"", ""15.07028675"", ""13.96876526"", ""15.44814491"", ""13.96216583"", ""13.84978485"", ""14.68911457""]",15,0,3,DB20WaveletV3,lt_bcast,5,TrendAE
wavelet_trendae_comparison,DB20_bd15_lt_bcast_ttd3_ld5,wavelet_trendae_comparison,"['TrendAE', 'DB20WaveletV3']",Yearly,1,6,30,10,1,True,2,44,13.682640,3.124852,832.950867,3223128.000000,0.811796,0.725345,1.912643,4268840,124.61,28,False,False,ReLU,EARLY_STOPPED,14.27341938,15.53523731,10.43334770,17,1.088403,False,"[""30.78278351"", ""26.84645653"", ""22.15089607"", ""18.26881599"", ""31.03847504"", ""21.17896461"", ""17.26531410"", ""22.06929588"", ""21.24661446"", ""18.47500610"", ""16.31674385"", ""14.88093472"", ""15.04343605"", ""15.68608379"", ""14.59144974"", ""14.31077480"", ""14.74882698"", ""14.27341938"", ""14.93238831"", ""16.96753120"", ""16.36242485"", ""15.26133823"", ""14.64175701"", ""14.71135044"", ""17.13767242"", ""14.64684486"", ""14.47031212"", ""15.53523731""]",15,0,3,DB20WaveletV3,lt_bcast,5,TrendAE
wavelet_trendae_comparison,DB20_bd15_lt_bcast_ttd3_ld8,wavelet_trendae_comparison,"['TrendAE', 'DB20WaveletV3']",Yearly,1,6,30,10,1,True,0,42,14.658947,3.427493,902.038025,3500089.250000,0.879745,0.795075,2.089565,4272695,85.43,19,False,False,ReLU,EARLY_STOPPED,14.96497726,15.07668495,10.56062794,8,1.007465,False,"[""32.27936172"", ""27.93402672"", ""21.99159431"", ""17.86528206"", ""17.77785683"", ""16.14999199"", ""17.17156601"", ""16.55436516"", ""14.96497726"", ""20.51874161"", ""18.77327919"", ""16.16416359"", ""16.97720146"", ""15.13661385"", ""16.23382568"", ""15.75174618"", ""16.86115265"", ""15.31605339"", ""15.07668495""]",15,0,3,DB20WaveletV3,lt_bcast,8,TrendAE
wavelet_trendae_comparison,DB20_bd15_lt_bcast_ttd3_ld8,wavelet_trendae_comparison,"['TrendAE', 'DB20WaveletV3']",Yearly,1,6,30,10,1,True,1,43,14.024607,3.296487,857.003113,3317651.250000,0.843854,0.769103,2.014992,4272695,130.98,29,False,False,ReLU,EARLY_STOPPED,13.91756344,15.64711380,10.78445721,18,1.124271,False,"[""29.16931725"", ""28.05671120"", ""22.34670067"", ""19.60815239"", ""17.02943039"", ""16.27966690"", ""15.59819984"", ""15.31445694"", ""15.34197521"", ""15.03565598"", ""14.79530144"", ""15.66640663"", ""16.36039162"", ""15.36443520"", ""14.83138847"", ""14.14347458"", ""16.29089928"", ""14.14587879"", ""13.91756344"", ""14.15988541"", ""15.00998688"", ""16.10027695"", ""17.17192459"", ""20.30386353"", ""18.61837006"", ""19.52021217"", ""16.89261246"", ""18.54912186"", ""15.64711380""]",15,0,3,DB20WaveletV3,lt_bcast,8,TrendAE
wavelet_trendae_comparison,DB20_bd15_lt_bcast_ttd3_ld8,wavelet_trendae_comparison,"['TrendAE', 'DB20WaveletV3']",Yearly,1,6,30,10,1,True,2,44,13.904751,3.193148,855.040466,3314366.250000,0.827185,0.735121,1.923658,4272695,117.47,26,False,False,ReLU,EARLY_STOPPED,14.10208035,16.46521759,11.70073700,15,1.167574,False,"[""30.29303169"", ""26.91250801"", ""23.06322098"", ""19.79315186"", ""20.09772873"", ""17.56480026"", ""18.32731819"", ""19.61042976"", ""20.05009270"", ""15.02134514"", ""15.59099770"", ""17.01264000"", ""16.33609772"", ""15.03052139"", ""14.61920547"", ""14.10208035"", ""15.30426121"", ""17.73732185"", ""17.51206970"", ""22.39860344"", ""15.65005589"", ""20.14058876"", ""15.83438683"", ""17.23676300"", ""14.98804855"", ""16.46521759""]",15,0,3,DB20WaveletV3,lt_bcast,8,TrendAE
wavelet_trendae_comparison,Coif2_bd4_lt_fcast_ttd3_ld2,wavelet_trendae_comparison,"['TrendAE', 'Coif2WaveletV3']",Yearly,1,6,30,10,1,True,0,42,13.520767,3.079805,834.964478,3314436.250000,0.801176,0.715869,1.862589,4231705,224.29,50,False,False,ReLU,MAX_EPOCHS,13.67007923,13.74838543,9.54066753,43,1.005728,False,"[""73.58345795"", ""35.42211533"", ""29.99320602"", ""23.20043945"", ""22.53047943"", ""19.33442879"", ""18.12914276"", ""17.09411621"", ""17.03231812"", ""15.77371979"", ""15.88125515"", ""16.54451561"", ""15.67266464"", ""15.23248100"", ""14.63691616"", ""14.65981483"", ""15.32845020"", ""16.36562729"", ""16.39125633"", ""14.42804337"", ""14.48675442"", ""14.47590733"", ""14.11866283"", ""14.39951992"", ""14.31982708"", ""14.36687660"", ""14.07654667"", ""13.91109085"", ""14.12892437"", ""13.82563877"", ""14.51700497"", ""14.13844681"", ""14.20953846"", ""13.88607025"", ""13.77632427"", ""14.02700424"", ""13.68301105"", ""14.11942959"", ""13.99746227"", ""13.74038219"", ""13.85076523"", ""13.83025646"", ""13.77832031"", ""13.67007923"", ""13.78195000"", ""13.77702808"", ""13.69414902"", ""13.71038818"", ""13.74403095"", ""13.74838543""]",4,0,3,Coif2WaveletV3,lt_fcast,2,TrendAE
wavelet_trendae_comparison,Coif2_bd4_lt_fcast_ttd3_ld2,wavelet_trendae_comparison,"['TrendAE', 'Coif2WaveletV3']",Yearly,1,6,30,10,1,True,1,43,13.528532,3.093715,833.477112,3312829.750000,0.803164,0.720095,1.886887,4231705,223.88,50,False,False,ReLU,MAX_EPOCHS,13.70363998,13.75705147,9.77769184,42,1.003898,False,"[""98.93484497"", ""86.36007690"", ""69.56505585"", ""27.49685860"", ""25.72609711"", ""23.99548721"", ""22.60004616"", ""21.39902496"", ""19.60142708"", ""18.48677254"", ""17.84247971"", ""17.08629990"", ""16.48014259"", ""15.86178112"", ""15.42150688"", ""15.73540115"", ""17.14985657"", ""15.22933197"", ""16.26456070"", ""14.75175571"", ""14.53514957"", ""14.89998817"", ""14.25689220"", ""14.43471241"", ""14.51998806"", ""14.04505825"", ""14.22735310"", ""13.97131538"", ""13.87945271"", ""14.11124611"", ""14.82583046"", ""14.22739220"", ""13.89093781"", ""14.43074322"", ""13.96240902"", ""14.31545067"", ""14.00575924"", ""14.19365311"", ""13.80299473"", ""13.73807430"", ""14.07201481"", ""13.71490383"", ""13.70363998"", ""13.90945339"", ""13.73960209"", ""13.77367973"", ""13.82685471"", ""13.76717949"", ""13.75359917"", ""13.75705147""]",4,0,3,Coif2WaveletV3,lt_fcast,2,TrendAE
wavelet_trendae_comparison,Coif2_bd4_lt_fcast_ttd3_ld2,wavelet_trendae_comparison,"['TrendAE', 'Coif2WaveletV3']",Yearly,1,6,30,10,1,True,2,44,13.505502,3.100613,834.463928,3293686.000000,0.803327,0.719797,1.882769,4231705,235.03,50,False,False,ReLU,MAX_EPOCHS,13.69571495,13.74268723,9.53219223,40,1.003430,False,"[""77.09312439"", ""58.77157974"", ""30.90442657"", ""27.24357605"", ""24.44703293"", ""21.47942924"", ""18.53606415"", ""17.47689056"", ""16.42678070"", ""16.40390396"", ""15.15005398"", ""15.17465401"", ""17.59862518"", ""16.70936584"", ""16.39418030"", ""15.98226738"", ""20.32542992"", ""15.92827606"", ""15.36566162"", ""14.63315773"", ""15.23400974"", ""14.86486530"", ""15.31155396"", ""14.67855835"", ""15.40326118"", ""14.34884548"", ""14.35463142"", ""14.39194393"", ""14.09835911"", ""14.03268242"", ""14.00783253"", ""14.05535030"", ""13.82585049"", ""14.29523373"", ""13.89177704"", ""13.93066311"", ""13.98417759"", ""13.99115658"", ""13.81325912"", ""13.94346905"", ""13.69571495"", ""13.80636120"", ""13.75743866"", ""13.75461674"", ""13.73913288"", ""13.77350235"", ""13.74836254"", ""13.73648357"", ""13.73846149"", ""13.74268723""]",4,0,3,Coif2WaveletV3,lt_fcast,2,TrendAE
wavelet_trendae_comparison,Coif2_bd4_lt_fcast_ttd3_ld5,wavelet_trendae_comparison,"['TrendAE', 'Coif2WaveletV3']",Yearly,1,6,30,10,1,True,0,42,13.618195,3.110919,834.450806,3291925.500000,0.808071,0.730612,1.924557,4235560,220.66,50,False,False,ReLU,MAX_EPOCHS,13.84237385,13.86782074,9.81377316,47,1.001838,False,"[""110.63884735"", ""85.89894104"", ""69.01165009"", ""32.48819733"", ""41.23054886"", ""30.68801689"", ""26.84858704"", ""24.91118813"", ""21.05688858"", ""19.29382515"", ""18.56437302"", ""17.85013008"", ""17.21043396"", ""16.46536255"", ""15.85369873"", ""16.07366943"", ""17.86981583"", ""18.74633217"", ""15.64033604"", ""15.37690735"", ""15.60020638"", ""15.05113888"", ""14.83464718"", ""14.79702568"", ""14.83468437"", ""14.53024960"", ""14.19114780"", ""14.06445694"", ""14.28500557"", ""14.42973137"", ""14.02170944"", ""14.23443031"", ""14.01826668"", ""14.14114094"", ""13.91590214"", ""14.13895607"", ""13.87774086"", ""13.91353703"", ""13.89569187"", ""13.95913219"", ""13.92804718"", ""13.84718037"", ""13.88247871"", ""13.88151455"", ""13.85179901"", ""13.88417435"", ""13.84710693"", ""13.84237385"", ""13.86349964"", ""13.86782074""]",4,0,3,Coif2WaveletV3,lt_fcast,5,TrendAE
wavelet_trendae_comparison,Coif2_bd4_lt_fcast_ttd3_ld5,wavelet_trendae_comparison,"['TrendAE', 'Coif2WaveletV3']",Yearly,1,6,30,10,1,True,1,43,13.822200,3.217208,850.875732,3333913.250000,0.827686,0.739877,1.916981,4235560,228.17,50,False,False,ReLU,MAX_EPOCHS,13.74707985,13.81608105,9.70770073,42,1.005019,False,"[""87.86679077"", ""82.09957123"", ""60.39094162"", ""27.63498688"", ""26.75399208"", ""24.06468391"", ""21.25732613"", ""19.73633003"", ""20.42476845"", ""17.91675186"", ""17.69621277"", ""16.43345070"", ""15.80284691"", ""15.50141430"", ""16.17201805"", ""15.01721096"", ""14.81850433"", ""15.78157520"", ""15.22842789"", ""15.23133945"", ""14.26993465"", ""14.16892529"", ""14.51857376"", ""14.09618568"", ""14.10991287"", ""13.95168114"", ""13.89784622"", ""13.88694382"", ""13.98431015"", ""14.68805122"", ""14.15208244"", ""14.15098953"", ""13.89550972"", ""13.88302994"", ""14.28761005"", ""13.79806137"", ""13.79122448"", ""14.61803150"", ""13.79245663"", ""13.79774189"", ""14.66375160"", ""13.84234619"", ""13.74707985"", ""13.83312798"", ""14.03096104"", ""13.85421181"", ""13.75692940"", ""13.76485825"", ""13.79795361"", ""13.81608105""]",4,0,3,Coif2WaveletV3,lt_fcast,5,TrendAE
wavelet_trendae_comparison,Coif2_bd4_lt_fcast_ttd3_ld5,wavelet_trendae_comparison,"['TrendAE', 'Coif2WaveletV3']",Yearly,1,6,30,10,1,True,2,44,13.461071,3.052203,830.803223,3292077.750000,0.795877,0.711886,1.857086,4235560,235.33,50,False,False,ReLU,MAX_EPOCHS,13.76823807,13.79159260,9.71159935,47,1.001696,False,"[""89.92627716"", ""62.31376648"", ""31.78242111"", ""40.22161865"", ""27.65934181"", ""23.81917191"", ""19.82481575"", ""19.83967972"", ""18.60674286"", ""19.13117218"", ""18.45722771"", ""18.93059731"", ""17.72686005"", ""15.88318920"", ""17.09118080"", ""17.10045815"", ""16.78553200"", ""15.58509350"", ""15.99998951"", ""16.13136864"", ""15.94911098"", ""16.08705330"", ""15.24615765"", ""15.15057564"", ""15.23935318"", ""14.65566730"", ""15.29487228"", ""14.09059620"", ""14.48395252"", ""14.10112667"", ""14.66758728"", ""13.96280193"", ""14.21537876"", ""13.86685562"", ""14.30895138"", ""13.87799835"", ""13.84232616"", ""14.18565941"", ""13.80511951"", ""14.01073074"", ""13.87941837"", ""13.79828835"", ""13.84024334"", ""13.82266808"", ""13.81242561"", ""13.85725784"", ""13.79888344"", ""13.76823807"", ""13.77789974"", ""13.79159260""]",4,0,3,Coif2WaveletV3,lt_fcast,5,TrendAE
wavelet_trendae_comparison,Coif2_bd4_lt_fcast_ttd3_ld8,wavelet_trendae_comparison,"['TrendAE', 'Coif2WaveletV3']",Yearly,1,6,30,10,1,True,0,42,13.583788,3.115273,834.877808,3277674.500000,0.807567,0.728399,1.924042,4239415,230.46,50,False,False,ReLU,MAX_EPOCHS,13.93465519,13.95657158,9.75573540,42,1.001573,False,"[""87.85510254"", ""81.94489288"", ""52.36994553"", ""37.66959381"", ""34.47295761"", ""25.37039185"", ""23.18213081"", ""20.35172844"", ""18.82889175"", ""17.54443169"", ""16.84464645"", ""16.35929871"", ""15.45746708"", ""16.54816246"", ""15.29945469"", ""16.55582619"", ""15.00723934"", ""16.50430489"", ""14.76016808"", ""15.12794971"", ""14.69645882"", ""15.38798809"", ""14.59595108"", ""15.39418507"", ""14.62991047"", ""14.77335835"", ""14.25567436"", ""14.72893906"", ""14.24671078"", ""14.62180805"", ""14.12870407"", ""14.59021091"", ""14.07550144"", ""14.37403679"", ""14.00107574"", ""14.33361816"", ""13.97945213"", ""14.15571594"", ""13.94895554"", ""14.14849758"", ""13.93831539"", ""14.09564304"", ""13.93465519"", ""14.07425117"", ""13.94504929"", ""13.96138954"", ""13.99956226"", ""13.95236778"", ""13.94974232"", ""13.95657158""]",4,0,3,Coif2WaveletV3,lt_fcast,8,TrendAE
wavelet_trendae_comparison,Coif2_bd4_lt_fcast_ttd3_ld8,wavelet_trendae_comparison,"['TrendAE', 'Coif2WaveletV3']",Yearly,1,6,30,10,1,True,1,43,13.648693,3.146136,839.876892,3306458.250000,0.813435,0.729698,1.902461,4239415,227.60,50,False,False,ReLU,MAX_EPOCHS,13.77188492,13.81978416,9.54452133,42,1.003478,False,"[""111.29603577"", ""73.67417908"", ""35.44136429"", ""37.30816650"", ""44.27271652"", ""33.93521500"", ""26.15363503"", ""23.51519203"", ""21.44190598"", ""21.96419907"", ""18.65904236"", ""18.02430344"", ""17.52840424"", ""18.25585938"", ""17.46216965"", ""16.22235298"", ""16.03909492"", ""16.64680672"", ""15.31671715"", ""16.02075386"", ""14.80004215"", ""15.76766682"", ""15.84350300"", ""15.52608109"", ""14.47353172"", ""14.25888824"", ""14.53988838"", ""14.30537510"", ""14.80030441"", ""14.20103264"", ""14.14201736"", ""14.44385433"", ""14.31237411"", ""14.50189686"", ""13.98820114"", ""14.28923416"", ""13.87640667"", ""13.92983532"", ""14.14797783"", ""13.85699463"", ""13.91850662"", ""13.99167824"", ""13.77188492"", ""13.87810993"", ""13.86811447"", ""13.77710152"", ""13.82851791"", ""13.86282158"", ""13.83862591"", ""13.81978416""]",4,0,3,Coif2WaveletV3,lt_fcast,8,TrendAE
wavelet_trendae_comparison,Coif2_bd4_lt_fcast_ttd3_ld8,wavelet_trendae_comparison,"['TrendAE', 'Coif2WaveletV3']",Yearly,1,6,30,10,1,True,2,44,13.592878,3.117034,836.907898,3306232.000000,0.808066,0.725054,1.890530,4239415,232.85,50,False,False,ReLU,MAX_EPOCHS,13.69701672,13.70396042,9.53944683,47,1.000507,False,"[""86.63238525"", ""74.05770111"", ""33.17043686"", ""35.02858734"", ""27.03478050"", ""23.54058647"", ""21.70639420"", ""19.54785538"", ""18.14060593"", ""17.42105103"", ""16.80334473"", ""17.30301666"", ""15.73602486"", ""15.45636654"", ""15.18745136"", ""15.10111046"", ""15.10234070"", ""14.45659542"", ""16.39554214"", ""15.90785217"", ""16.54270363"", ""14.65371990"", ""14.82065773"", ""14.47074604"", ""14.72824764"", ""15.52474689"", ""14.14993572"", ""14.59173679"", ""13.92894554"", ""14.42052269"", ""13.85566711"", ""14.32548141"", ""13.85045528"", ""13.91149426"", ""13.78441143"", ""13.84070683"", ""13.83702946"", ""13.74986649"", ""13.74740791"", ""14.02877140"", ""14.04267120"", ""13.86118793"", ""13.79006958"", ""14.15459347"", ""14.24125862"", ""13.84769058"", ""13.69968605"", ""13.69701672"", ""13.69872856"", ""13.70396042""]",4,0,3,Coif2WaveletV3,lt_fcast,8,TrendAE
wavelet_trendae_comparison,Coif3_bd4_lt_fcast_ttd3_ld2,wavelet_trendae_comparison,"['TrendAE', 'Coif3WaveletV3']",Yearly,1,6,30,10,1,True,0,42,13.601634,3.084059,834.771606,3310382.500000,0.804185,0.720436,1.881234,4231705,242.66,50,False,False,ReLU,MAX_EPOCHS,13.80071068,13.80634499,9.61999130,41,1.000408,False,"[""46.18725586"", ""31.30402184"", ""24.16778183"", ""24.04180527"", ""21.64829445"", ""17.41727829"", ""16.84184456"", ""17.34469795"", ""15.18191338"", ""16.34912491"", ""15.09056759"", ""15.09053135"", ""15.10839272"", ""14.42522526"", ""14.32994461"", ""14.47640228"", ""14.68171215"", ""14.28865528"", ""14.36655331"", ""15.04389763"", ""15.98741436"", ""16.47649956"", ""14.82408524"", ""15.17577457"", ""14.33193207"", ""14.31164265"", ""14.05231667"", ""14.08812237"", ""14.70929718"", ""14.18726254"", ""14.00136185"", ""13.97890854"", ""14.12780285"", ""13.83919334"", ""14.06296921"", ""13.82093525"", ""13.92472553"", ""13.82445621"", ""13.88067627"", ""13.81512737"", ""13.87345886"", ""13.80071068"", ""13.83451939"", ""13.80462265"", ""13.82956505"", ""13.81392670"", ""13.81705475"", ""13.82282639"", ""13.80847645"", ""13.80634499""]",4,0,3,Coif3WaveletV3,lt_fcast,2,TrendAE
wavelet_trendae_comparison,Coif3_bd4_lt_fcast_ttd3_ld2,wavelet_trendae_comparison,"['TrendAE', 'Coif3WaveletV3']",Yearly,1,6,30,10,1,True,1,43,13.499748,3.081624,829.518250,3266704.750000,0.800762,0.717692,1.873945,4231705,229.26,50,False,False,ReLU,MAX_EPOCHS,13.81318855,13.86050129,9.75881767,41,1.003425,False,"[""56.47861862"", ""37.87903595"", ""25.19246674"", ""23.34651947"", ""23.47407150"", ""21.30847359"", ""20.09987450"", ""19.15096283"", ""17.90981102"", ""17.62335968"", ""15.64198685"", ""15.64312458"", ""15.90721321"", ""15.19468975"", ""16.15420914"", ""14.90196514"", ""15.27066135"", ""14.54277611"", ""14.57041836"", ""15.69614410"", ""14.41994190"", ""14.41042900"", ""14.29698277"", ""14.50706673"", ""14.26522160"", ""14.20816612"", ""14.05274296"", ""13.95772934"", ""15.04597378"", ""14.27449894"", ""14.56313705"", ""14.01882839"", ""14.23828793"", ""13.97094059"", ""14.04248810"", ""14.05057335"", ""13.84078121"", ""14.04041195"", ""13.85280132"", ""14.07999229"", ""13.84691048"", ""13.81318855"", ""14.02130604"", ""13.82968998"", ""13.90431690"", ""13.84691429"", ""13.87571239"", ""13.86514568"", ""13.85778713"", ""13.86050129""]",4,0,3,Coif3WaveletV3,lt_fcast,2,TrendAE
wavelet_trendae_comparison,Coif3_bd4_lt_fcast_ttd3_ld2,wavelet_trendae_comparison,"['TrendAE', 'Coif3WaveletV3']",Yearly,1,6,30,10,1,True,2,44,14.142120,3.243912,865.465820,3389864.250000,0.840834,0.751095,1.949427,4231705,112.78,25,False,False,ReLU,EARLY_STOPPED,14.37741947,16.26964951,11.08526325,14,1.131611,False,"[""47.07883835"", ""33.97513199"", ""26.74373436"", ""23.84309959"", ""20.85333252"", ""20.98235893"", ""17.76651764"", ""17.17477608"", ""15.97349358"", ""15.58005524"", ""15.09267521"", ""14.95181656"", ""14.39656639"", ""14.82675838"", ""14.37741947"", ""16.01043129"", ""15.14557171"", ""15.05366611"", ""15.30900574"", ""17.19239616"", ""14.67843628"", ""14.49133587"", ""15.12069130"", ""14.53400803"", ""16.26964951""]",4,0,3,Coif3WaveletV3,lt_fcast,2,TrendAE
wavelet_trendae_comparison,Coif3_bd4_lt_fcast_ttd3_ld5,wavelet_trendae_comparison,"['TrendAE', 'Coif3WaveletV3']",Yearly,1,6,30,10,1,True,0,42,13.595824,3.088142,835.096252,3302737.500000,0.804521,0.719749,1.881345,4235560,234.77,50,False,False,ReLU,MAX_EPOCHS,13.82746506,13.85826588,9.89006805,46,1.002228,False,"[""61.69061279"", ""39.70853806"", ""32.04470444"", ""26.22199249"", ""23.85821533"", ""20.97045135"", ""17.86585426"", ""17.02507591"", ""16.46298981"", ""15.63256550"", ""15.75331402"", ""15.45754051"", ""16.38895035"", ""15.44346905"", ""14.80720139"", ""15.09706211"", ""15.89375401"", ""14.75273323"", ""14.61843300"", ""16.53281403"", ""16.62904549"", ""15.41265583"", ""14.36180878"", ""14.28815937"", ""14.36039448"", ""14.94486046"", ""15.31578255"", ""14.36042023"", ""15.01299858"", ""14.18412590"", ""14.23269939"", ""14.12495422"", ""14.11684132"", ""13.93197823"", ""14.16166306"", ""13.87384796"", ""14.22374630"", ""13.88371849"", ""14.03839397"", ""13.96695518"", ""13.89547729"", ""13.86542892"", ""13.86992359"", ""13.85670280"", ""13.88716125"", ""13.88396740"", ""13.82746506"", ""13.86650372"", ""13.87129116"", ""13.85826588""]",4,0,3,Coif3WaveletV3,lt_fcast,5,TrendAE
wavelet_trendae_comparison,Coif3_bd4_lt_fcast_ttd3_ld5,wavelet_trendae_comparison,"['TrendAE', 'Coif3WaveletV3']",Yearly,1,6,30,10,1,True,1,43,13.644411,3.137982,838.769470,3307262.000000,0.812279,0.731960,1.918687,4235560,237.95,50,False,False,ReLU,MAX_EPOCHS,13.78788757,13.87630939,9.68553352,43,1.006413,False,"[""55.91949844"", ""39.22720718"", ""27.34078598"", ""24.74359512"", ""24.57976341"", ""19.72254753"", ""18.05710411"", ""16.37201118"", ""15.51503277"", ""15.61994457"", ""16.19848442"", ""16.79305649"", ""17.55315399"", ""15.59449005"", ""15.96552753"", ""14.53737259"", ""14.96129894"", ""14.66908169"", ""14.86443615"", ""14.94585228"", ""14.39984417"", ""14.31846237"", ""14.76165390"", ""14.42609882"", ""14.87990856"", ""14.14381218"", ""14.29049015"", ""14.04806805"", ""13.94289494"", ""14.45451927"", ""14.04014969"", ""14.63586712"", ""13.94783688"", ""14.24544048"", ""13.88465309"", ""14.18724823"", ""13.84413624"", ""14.18636417"", ""13.81381702"", ""14.08049774"", ""13.79182434"", ""14.08275032"", ""13.89660835"", ""13.78788757"", ""13.98528385"", ""13.97805119"", ""13.82925701"", ""13.82376862"", ""13.86174488"", ""13.87630939""]",4,0,3,Coif3WaveletV3,lt_fcast,5,TrendAE
wavelet_trendae_comparison,Coif3_bd4_lt_fcast_ttd3_ld5,wavelet_trendae_comparison,"['TrendAE', 'Coif3WaveletV3']",Yearly,1,6,30,10,1,True,2,44,13.456944,3.084743,832.618774,3292699.500000,0.799845,0.714620,1.871966,4235560,222.08,50,False,False,ReLU,MAX_EPOCHS,13.72766399,13.78879166,9.59329796,41,1.004453,False,"[""51.83390808"", ""35.93577576"", ""26.10482788"", ""24.10390854"", ""23.63240814"", ""20.10448074"", ""17.29925346"", ""17.25020599"", ""16.53229523"", ""20.36032677"", ""20.32078362"", ""16.11175728"", ""15.67575455"", ""17.03466797"", ""16.31337738"", ""16.89525223"", ""14.62902355"", ""14.84203815"", ""14.70349026"", ""14.68491077"", ""14.56103230"", ""14.56249142"", ""14.27187729"", ""14.19717503"", ""14.13929176"", ""14.34330750"", ""14.04534149"", ""14.08274460"", ""14.10888481"", ""13.98806477"", ""14.43520832"", ""13.90645695"", ""15.24047565"", ""13.96347713"", ""14.01592636"", ""15.02598190"", ""13.95280743"", ""13.95081902"", ""14.00880527"", ""13.76423740"", ""13.97994328"", ""13.72766399"", ""13.85278511"", ""13.85048008"", ""13.80197525"", ""13.78966141"", ""13.82142830"", ""13.77099895"", ""13.78040886"", ""13.78879166""]",4,0,3,Coif3WaveletV3,lt_fcast,5,TrendAE
wavelet_trendae_comparison,Coif3_bd4_lt_fcast_ttd3_ld8,wavelet_trendae_comparison,"['TrendAE', 'Coif3WaveletV3']",Yearly,1,6,30,10,1,True,0,42,13.413312,3.048847,825.900269,3274220.000000,0.793993,0.713940,1.874346,4239415,222.40,50,False,False,ReLU,MAX_EPOCHS,13.71825504,13.72918892,9.60583878,43,1.000797,False,"[""48.46961975"", ""35.53760529"", ""25.41623116"", ""25.91983223"", ""21.98697853"", ""19.54068756"", ""16.96648407"", ""15.68648815"", ""16.72193527"", ""16.15843391"", ""19.59246635"", ""15.20496750"", ""15.35971165"", ""16.10703850"", ""14.61946201"", ""14.68740654"", ""14.57362652"", ""14.50401115"", ""14.71886921"", ""14.27015114"", ""14.82523537"", ""14.59307098"", ""14.17202950"", ""14.09610558"", ""14.27073002"", ""14.03537464"", ""14.23784828"", ""13.92857170"", ""14.18242264"", ""13.94386101"", ""13.95256519"", ""13.79951382"", ""13.79510593"", ""13.76177406"", ""13.84455585"", ""13.75973797"", ""13.72346783"", ""13.72428417"", ""13.78894806"", ""13.78268719"", ""13.75403976"", ""13.72125244"", ""13.95166969"", ""13.71825504"", ""13.73925686"", ""13.77348328"", ""13.78282166"", ""13.73033524"", ""13.72614670"", ""13.72918892""]",4,0,3,Coif3WaveletV3,lt_fcast,8,TrendAE
wavelet_trendae_comparison,Coif3_bd4_lt_fcast_ttd3_ld8,wavelet_trendae_comparison,"['TrendAE', 'Coif3WaveletV3']",Yearly,1,6,30,10,1,True,1,43,13.569514,3.092341,834.929749,3318248.750000,0.804245,0.721547,1.893458,4239415,230.29,50,False,False,ReLU,MAX_EPOCHS,13.81832790,13.86538696,9.58010292,42,1.003406,False,"[""52.27411270"", ""34.85964966"", ""25.72093010"", ""24.90544510"", ""24.95770073"", ""20.86642456"", ""18.32036972"", ""17.35334015"", ""18.22406578"", ""16.08089447"", ""15.71141434"", ""15.95660305"", ""15.29588413"", ""15.01888752"", ""14.86706161"", ""15.39557171"", ""14.51018238"", ""14.38548088"", ""14.26632786"", ""15.16531754"", ""15.92932987"", ""16.46503067"", ""14.92764664"", ""15.81224155"", ""14.73873520"", ""15.29375648"", ""14.10877609"", ""14.07065582"", ""13.95520878"", ""14.37014771"", ""13.95576859"", ""14.45151520"", ""14.12019157"", ""14.58834553"", ""13.95395756"", ""14.25409508"", ""13.86730671"", ""13.97971344"", ""13.86932182"", ""14.01388359"", ""13.90617943"", ""14.01224613"", ""13.81832790"", ""13.91812134"", ""13.85320282"", ""13.85008049"", ""13.88228512"", ""13.86001587"", ""13.86106491"", ""13.86538696""]",4,0,3,Coif3WaveletV3,lt_fcast,8,TrendAE
wavelet_trendae_comparison,Coif3_bd4_lt_fcast_ttd3_ld8,wavelet_trendae_comparison,"['TrendAE', 'Coif3WaveletV3']",Yearly,1,6,30,10,1,True,2,44,14.303907,3.326693,879.063416,3439083.750000,0.856200,0.771020,2.017586,4239415,119.16,26,False,False,ReLU,EARLY_STOPPED,14.29904747,14.66523552,10.32150555,15,1.025609,False,"[""48.51157761"", ""36.30720520"", ""24.77735329"", ""23.95345306"", ""21.64753342"", ""19.59934044"", ""17.61437416"", ""16.41536903"", ""16.17778969"", ""15.26466560"", ""15.23312473"", ""14.73175907"", ""14.75530148"", ""14.52760506"", ""14.52250671"", ""14.29904747"", ""14.89233971"", ""14.35948277"", ""14.51107597"", ""14.61826515"", ""14.80031490"", ""15.63306618"", ""14.52804089"", ""14.30382729"", ""15.43520069"", ""14.66523552""]",4,0,3,Coif3WaveletV3,lt_fcast,8,TrendAE
wavelet_trendae_comparison,Haar_bd4_lt_fcast_ttd3_ld2,wavelet_trendae_comparison,"['TrendAE', 'HaarWaveletV3']",Yearly,1,6,30,10,1,True,0,42,13.757605,3.134780,846.540771,3344801.750000,0.815339,0.726012,1.873836,4231705,223.94,50,False,False,ReLU,MAX_EPOCHS,13.74941349,13.78174019,9.63859940,41,1.002351,False,"[""43.98356247"", ""30.46716499"", ""23.78146935"", ""23.62559700"", ""21.35110283"", ""17.23527718"", ""15.84523773"", ""16.19770050"", ""15.78978157"", ""14.85525799"", ""14.87994385"", ""15.12254715"", ""14.77251530"", ""14.45703030"", ""14.31882095"", ""14.72744465"", ""14.20147133"", ""14.59722710"", ""15.48451900"", ""14.92377186"", ""15.37954998"", ""14.28937340"", ""13.99521065"", ""16.89612961"", ""15.48560429"", ""14.59056568"", ""14.25741959"", ""13.97798538"", ""14.64550781"", ""14.08694553"", ""14.03923225"", ""14.81626797"", ""14.09140110"", ""14.33482647"", ""13.94336700"", ""14.30910778"", ""13.81694603"", ""13.82070351"", ""14.63338089"", ""14.07733250"", ""13.86088181"", ""13.74941349"", ""13.96499825"", ""13.80326462"", ""13.75092697"", ""13.81981087"", ""13.77401447"", ""13.76002693"", ""13.78153419"", ""13.78174019""]",4,0,3,HaarWaveletV3,lt_fcast,2,TrendAE
wavelet_trendae_comparison,Haar_bd4_lt_fcast_ttd3_ld2,wavelet_trendae_comparison,"['TrendAE', 'HaarWaveletV3']",Yearly,1,6,30,10,1,True,1,43,13.540885,3.088902,834.981812,3316308.250000,0.802936,0.715212,1.853535,4231705,223.64,50,False,False,ReLU,MAX_EPOCHS,13.68611145,13.77427006,9.69961929,43,1.006441,False,"[""65.12085724"", ""39.85919952"", ""27.93533516"", ""28.34537315"", ""23.96127129"", ""22.18506241"", ""19.37470055"", ""17.40571213"", ""15.99900913"", ""16.91882324"", ""16.38034630"", ""16.30829620"", ""14.87828827"", ""14.95501232"", ""16.80568886"", ""14.80348206"", ""15.11154938"", ""14.65148354"", ""14.57758141"", ""14.83889103"", ""17.05279922"", ""14.72853565"", ""14.61336994"", ""14.31867981"", ""15.22764683"", ""13.96798134"", ""14.86365223"", ""14.12663174"", ""14.08161831"", ""14.28306961"", ""13.79738331"", ""13.76504612"", ""14.01633453"", ""13.94273663"", ""13.79720211"", ""13.74521160"", ""13.87769127"", ""13.77014828"", ""14.34499836"", ""13.80091286"", ""13.75469589"", ""14.02640247"", ""13.88155174"", ""13.68611145"", ""13.81177807"", ""13.80790520"", ""13.76056957"", ""13.74226475"", ""13.77044010"", ""13.77427006""]",4,0,3,HaarWaveletV3,lt_fcast,2,TrendAE
wavelet_trendae_comparison,Haar_bd4_lt_fcast_ttd3_ld2,wavelet_trendae_comparison,"['TrendAE', 'HaarWaveletV3']",Yearly,1,6,30,10,1,True,2,44,13.605608,3.110463,838.182922,3333586.250000,0.807629,0.726859,1.894148,4231705,225.87,50,False,False,ReLU,MAX_EPOCHS,13.70929909,13.75180435,9.53053093,41,1.003100,False,"[""44.59284973"", ""34.40616608"", ""27.42315483"", ""24.38547897"", ""21.55945206"", ""19.77628708"", ""19.08693695"", ""16.47485352"", ""16.28635025"", ""15.83115482"", ""15.18081760"", ""14.74122429"", ""15.19787121"", ""14.74862862"", ""14.98154449"", ""14.51627541"", ""14.32184601"", ""15.37002945"", ""17.74795723"", ""16.92347717"", ""14.88923550"", ""15.50556564"", ""16.51139641"", ""14.29037666"", ""15.07832909"", ""13.97074604"", ""14.05766678"", ""14.02100182"", ""15.00016880"", ""13.98131275"", ""13.80452347"", ""14.45940876"", ""13.95122433"", ""14.12236309"", ""14.01962376"", ""13.75835991"", ""13.92129517"", ""13.85697651"", ""13.93972111"", ""13.76282597"", ""13.97513580"", ""13.70929909"", ""13.83386803"", ""13.74945068"", ""13.75588417"", ""13.76460075"", ""13.74846649"", ""13.72771168"", ""13.74183559"", ""13.75180435""]",4,0,3,HaarWaveletV3,lt_fcast,2,TrendAE
wavelet_trendae_comparison,Haar_bd4_lt_fcast_ttd3_ld5,wavelet_trendae_comparison,"['TrendAE', 'HaarWaveletV3']",Yearly,1,6,30,10,1,True,0,42,13.591698,3.082832,835.817993,3324031.750000,0.803727,0.718174,1.871686,4235560,224.36,50,False,False,ReLU,MAX_EPOCHS,13.76058865,13.79361725,9.79436207,44,1.002400,False,"[""62.29008865"", ""38.46050262"", ""30.86663818"", ""25.84428787"", ""23.77028847"", ""22.52770042"", ""19.20139694"", ""17.48672104"", ""16.60735512"", ""16.32554054"", ""15.47044182"", ""15.86858654"", ""15.68333817"", ""15.48454189"", ""14.80492020"", ""14.80081749"", ""14.91760159"", ""14.60628223"", ""14.37116337"", ""16.17286110"", ""15.10837269"", ""16.12043190"", ""15.32728291"", ""16.00465012"", ""14.52012730"", ""14.96590519"", ""19.47955704"", ""14.99551868"", ""14.23905945"", ""14.53339100"", ""14.29124355"", ""14.05818748"", ""14.16037273"", ""13.96864986"", ""13.97741032"", ""14.03227425"", ""13.88398743"", ""13.93345547"", ""14.01587677"", ""13.76157093"", ""13.86262798"", ""13.77144527"", ""13.81362343"", ""13.85289764"", ""13.76058865"", ""13.78860092"", ""13.82208443"", ""13.78279114"", ""13.78736305"", ""13.79361725""]",4,0,3,HaarWaveletV3,lt_fcast,5,TrendAE
wavelet_trendae_comparison,Haar_bd4_lt_fcast_ttd3_ld5,wavelet_trendae_comparison,"['TrendAE', 'HaarWaveletV3']",Yearly,1,6,30,10,1,True,1,43,13.569186,3.093364,835.976685,3330599.000000,0.804363,0.718891,1.871928,4235560,219.60,49,False,False,ReLU,EARLY_STOPPED,13.62441444,13.70462227,9.45609093,38,1.005887,False,"[""55.93550110"", ""37.53247833"", ""26.05813789"", ""23.98370171"", ""25.69880486"", ""21.23870468"", ""18.76571083"", ""18.47099495"", ""16.54717445"", ""16.36372757"", ""16.07575417"", ""15.02691269"", ""15.13705444"", ""15.92240906"", ""14.93367767"", ""15.85340214"", ""14.45752716"", ""14.25055408"", ""14.54047012"", ""14.44701672"", ""14.17828655"", ""13.96546364"", ""13.87751389"", ""14.25011730"", ""14.51683044"", ""13.86248207"", ""14.53153896"", ""13.71866894"", ""14.76484108"", ""13.84261990"", ""14.18874073"", ""13.78980827"", ""13.81501102"", ""13.92101860"", ""13.66441059"", ""14.07196999"", ""13.68307972"", ""13.91488552"", ""13.62441444"", ""13.81415653"", ""13.67525768"", ""13.70391560"", ""13.69077969"", ""13.72899437"", ""13.67065907"", ""13.70456409"", ""13.65833569"", ""13.71288013"", ""13.70462227""]",4,0,3,HaarWaveletV3,lt_fcast,5,TrendAE
wavelet_trendae_comparison,Haar_bd4_lt_fcast_ttd3_ld5,wavelet_trendae_comparison,"['TrendAE', 'HaarWaveletV3']",Yearly,1,6,30,10,1,True,2,44,13.438389,3.037176,826.929871,3285897.500000,0.793292,0.708855,1.850111,4235560,223.44,50,False,False,ReLU,MAX_EPOCHS,13.63966179,13.64246845,9.54580498,45,1.000206,False,"[""46.35213470"", ""36.32887268"", ""26.36018753"", ""23.63138390"", ""21.45392990"", ""17.45178223"", ""16.72670937"", ""17.34113312"", ""15.79547787"", ""21.65256310"", ""15.36894989"", ""17.67776299"", ""17.84959984"", ""15.32887363"", ""15.49577141"", ""16.21707916"", ""15.08540535"", ""15.00409222"", ""14.35938072"", ""14.28453159"", ""15.01005936"", ""14.39354801"", ""14.79566860"", ""14.51646423"", ""14.11983109"", ""14.09707165"", ""13.95416451"", ""14.46565723"", ""13.82516956"", ""13.80771446"", ""14.15560913"", ""14.04929256"", ""13.76269150"", ""13.71171188"", ""13.86810780"", ""13.84972000"", ""13.87498951"", ""13.66509914"", ""13.89911366"", ""13.76838493"", ""13.77692413"", ""13.64502430"", ""13.68883324"", ""13.66190910"", ""13.69433784"", ""13.63966179"", ""13.66782188"", ""13.66583061"", ""13.64053154"", ""13.64246845""]",4,0,3,HaarWaveletV3,lt_fcast,5,TrendAE
wavelet_trendae_comparison,Haar_bd4_lt_fcast_ttd3_ld8,wavelet_trendae_comparison,"['TrendAE', 'HaarWaveletV3']",Yearly,1,6,30,10,1,True,0,42,13.518880,3.074010,832.067627,3285668.250000,0.800389,0.717616,1.881440,4239415,225.30,50,False,False,ReLU,MAX_EPOCHS,13.67909336,13.74273491,9.60683441,42,1.004652,False,"[""71.63146210"", ""36.53675842"", ""26.28511620"", ""26.43256569"", ""22.58296394"", ""20.87306023"", ""18.13677025"", ""16.82318687"", ""16.21015167"", ""15.57922173"", ""15.42243195"", ""17.24929810"", ""15.07315922"", ""14.93240261"", ""15.64651585"", ""14.53271198"", ""14.55651188"", ""14.36791134"", ""14.26135731"", ""14.30237770"", ""14.12940598"", ""14.07325172"", ""14.18563461"", ""13.92893982"", ""13.98672867"", ""14.56164551"", ""14.17716885"", ""14.16642761"", ""14.69494438"", ""13.80837536"", ""14.22208691"", ""13.74163628"", ""14.22460842"", ""13.92349911"", ""13.92787457"", ""14.06582165"", ""13.75717258"", ""13.93754578"", ""13.72939968"", ""13.80644703"", ""13.68875790"", ""13.95218849"", ""13.67909336"", ""13.77733040"", ""13.76004791"", ""13.74947166"", ""13.73146057"", ""13.73763561"", ""13.74634361"", ""13.74273491""]",4,0,3,HaarWaveletV3,lt_fcast,8,TrendAE
wavelet_trendae_comparison,Haar_bd4_lt_fcast_ttd3_ld8,wavelet_trendae_comparison,"['TrendAE', 'HaarWaveletV3']",Yearly,1,6,30,10,1,True,1,43,13.496881,3.054728,829.865662,3299242.500000,0.797290,0.712072,1.859848,4239415,223.37,50,False,False,ReLU,MAX_EPOCHS,13.66865349,13.70622730,9.48989487,42,1.002749,False,"[""54.63856506"", ""35.13008881"", ""26.76789856"", ""24.39337158"", ""23.64823723"", ""20.49869156"", ""19.38300323"", ""18.06695747"", ""16.88075447"", ""15.98284531"", ""16.67765617"", ""15.05631542"", ""14.88722134"", ""14.86061382"", ""14.54804993"", ""14.47214031"", ""14.85838699"", ""14.23992252"", ""14.33377552"", ""14.98610020"", ""13.99548817"", ""14.82650661"", ""14.17629719"", ""13.89106083"", ""14.11464405"", ""15.15535450"", ""14.00232887"", ""14.12718296"", ""13.92381668"", ""14.15794468"", ""13.78511238"", ""14.49748135"", ""13.73071575"", ""13.98976994"", ""13.76773548"", ""13.86425686"", ""13.70635223"", ""13.85591316"", ""13.68282890"", ""13.79559898"", ""13.68318748"", ""13.78079319"", ""13.66865349"", ""13.71314526"", ""13.71648884"", ""13.71001053"", ""13.71144199"", ""13.71628761"", ""13.70441341"", ""13.70622730""]",4,0,3,HaarWaveletV3,lt_fcast,8,TrendAE
wavelet_trendae_comparison,Haar_bd4_lt_fcast_ttd3_ld8,wavelet_trendae_comparison,"['TrendAE', 'HaarWaveletV3']",Yearly,1,6,30,10,1,True,2,44,14.579535,3.361287,882.839905,3396763.250000,0.868985,0.781981,2.058420,4239415,91.43,20,False,False,ReLU,EARLY_STOPPED,14.74717903,14.80263615,10.27868557,9,1.003761,False,"[""45.10387802"", ""33.66773987"", ""23.56605911"", ""20.82520676"", ""18.34996033"", ""16.24084473"", ""15.73528099"", ""15.66285896"", ""15.34504032"", ""14.74717903"", ""15.73130608"", ""15.85896969"", ""17.56154060"", ""17.28956032"", ""15.30727196"", ""15.17971325"", ""15.34384060"", ""14.77400017"", ""15.90459061"", ""14.80263615""]",4,0,3,HaarWaveletV3,lt_fcast,8,TrendAE
wavelet_trendae_comparison,Coif3_bd6_eq_fcast_ttd3_ld2,wavelet_trendae_comparison,"['TrendAE', 'Coif3WaveletV3']",Yearly,1,6,30,10,1,True,0,42,13.542315,3.104497,838.871094,3345393.750000,0.804942,0.717430,1.871078,4241945,173.37,39,False,False,ReLU,EARLY_STOPPED,13.61867428,13.82271194,9.82269669,28,1.014982,False,"[""31.28354263"", ""27.92374229"", ""21.53572083"", ""20.51049614"", ""17.16676331"", ""16.11494064"", ""16.72719955"", ""15.67268848"", ""14.85984516"", ""14.62653351"", ""15.65520763"", ""15.45900440"", ""14.14668655"", ""14.16773415"", ""14.42863274"", ""15.08686447"", ""15.16689301"", ""14.42765999"", ""14.05437946"", ""14.42924595"", ""14.19944572"", ""13.94139957"", ""14.59742165"", ""13.99897861"", ""14.17676449"", ""13.79271889"", ""13.75017834"", ""14.21817493"", ""13.61867428"", ""13.77333832"", ""14.67597294"", ""13.78563976"", ""13.83931160"", ""16.01099968"", ""13.85550785"", ""15.27862263"", ""14.03940773"", ""15.70473671"", ""13.82271194""]",6,0,3,Coif3WaveletV3,eq_fcast,2,TrendAE
wavelet_trendae_comparison,Coif3_bd6_eq_fcast_ttd3_ld2,wavelet_trendae_comparison,"['TrendAE', 'Coif3WaveletV3']",Yearly,1,6,30,10,1,True,1,43,13.476336,3.066944,829.061279,3311032.500000,0.798198,0.719066,1.889762,4241945,165.94,37,False,False,ReLU,EARLY_STOPPED,13.72850132,15.46135426,11.16838646,26,1.126223,False,"[""39.39281082"", ""28.25430679"", ""27.10042191"", ""21.10962677"", ""18.96528625"", ""17.24102402"", ""17.61155510"", ""14.90142918"", ""15.76896095"", ""16.38122177"", ""15.84796429"", ""14.29988480"", ""15.25503254"", ""14.94048595"", ""14.20790863"", ""14.33024216"", ""14.65768433"", ""14.52471733"", ""14.11471558"", ""14.39172649"", ""13.95041275"", ""14.01904106"", ""14.30131912"", ""13.80645370"", ""13.75418186"", ""14.25305939"", ""13.72850132"", ""15.30532169"", ""14.74275589"", ""14.84553909"", ""17.06533813"", ""15.18705463"", ""14.74567699"", ""17.19400787"", ""16.82078743"", ""14.58825588"", ""15.46135426""]",6,0,3,Coif3WaveletV3,eq_fcast,2,TrendAE
wavelet_trendae_comparison,Coif3_bd6_eq_fcast_ttd3_ld2,wavelet_trendae_comparison,"['TrendAE', 'Coif3WaveletV3']",Yearly,1,6,30,10,1,True,2,44,13.672646,3.163592,847.976013,3372108.000000,0.816365,0.730925,1.902768,4241945,162.21,36,False,False,ReLU,EARLY_STOPPED,13.77011776,13.89729309,10.17045593,25,1.009236,False,"[""31.02692413"", ""26.64194489"", ""21.75466347"", ""18.74592590"", ""22.21933365"", ""22.61882782"", ""16.36802101"", ""17.83296394"", ""16.01798248"", ""17.87390900"", ""14.92182159"", ""14.79106808"", ""17.75424194"", ""14.81769466"", ""14.87258244"", ""14.68983269"", ""14.13710690"", ""15.56592846"", ""14.91965199"", ""14.63339520"", ""14.23515987"", ""14.23690605"", ""13.84284210"", ""13.82914448"", ""14.01334381"", ""13.77011776"", ""15.58596897"", ""14.92154789"", ""16.27274704"", ""13.93597698"", ""14.21617699"", ""15.64505291"", ""13.80644798"", ""13.78124905"", ""14.98024178"", ""13.89729309""]",6,0,3,Coif3WaveletV3,eq_fcast,2,TrendAE
wavelet_trendae_comparison,Coif3_bd6_eq_fcast_ttd3_ld5,wavelet_trendae_comparison,"['TrendAE', 'Coif3WaveletV3']",Yearly,1,6,30,10,1,True,0,42,13.454487,3.063234,828.996155,3307782.500000,0.797063,0.713460,1.861333,4245800,224.14,50,False,False,ReLU,MAX_EPOCHS,13.54151630,13.59734535,9.34051800,43,1.004123,False,"[""32.49051285"", ""29.04301643"", ""22.14461708"", ""18.53027344"", ""20.74412346"", ""15.75085354"", ""15.70461369"", ""18.69877434"", ""18.30057526"", ""15.58710098"", ""15.07532501"", ""14.36781693"", ""14.40317154"", ""14.80581474"", ""14.03474331"", ""14.12999821"", ""14.37877846"", ""14.26748276"", ""14.03801632"", ""13.87980556"", ""14.17253017"", ""14.04138470"", ""14.60528946"", ""14.22311306"", ""14.88923550"", ""14.85699844"", ""14.75711918"", ""14.26136112"", ""14.22272587"", ""13.87569427"", ""13.98867416"", ""14.07791996"", ""13.84352303"", ""13.65403652"", ""14.09934139"", ""13.84113407"", ""13.66873741"", ""13.61622238"", ""13.70555210"", ""13.67996979"", ""13.57403946"", ""13.58252144"", ""13.57022381"", ""13.54151630"", ""13.57867622"", ""13.68695354"", ""13.61355972"", ""13.58782768"", ""13.59133053"", ""13.59734535""]",6,0,3,Coif3WaveletV3,eq_fcast,5,TrendAE
wavelet_trendae_comparison,Coif3_bd6_eq_fcast_ttd3_ld5,wavelet_trendae_comparison,"['TrendAE', 'Coif3WaveletV3']",Yearly,1,6,30,10,1,True,1,43,13.568769,3.098017,836.392944,3308131.000000,0.804936,0.718364,1.867078,4245800,165.64,37,False,False,ReLU,EARLY_STOPPED,13.66638279,14.30444145,9.73099232,26,1.046688,False,"[""28.84459877"", ""31.76107788"", ""23.50575256"", ""19.30176353"", ""16.97816467"", ""16.34832001"", ""18.38397217"", ""15.08688164"", ""14.95225716"", ""16.85166168"", ""18.39151955"", ""15.77805138"", ""14.96553421"", ""14.79419804"", ""15.07380009"", ""14.30995274"", ""14.37394142"", ""14.33236790"", ""14.02885056"", ""13.97783947"", ""14.02234268"", ""13.87438965"", ""14.38406086"", ""13.84499836"", ""13.91343498"", ""14.34581566"", ""13.66638279"", ""14.05958462"", ""13.83952618"", ""13.98319530"", ""14.05854988"", ""14.14890385"", ""13.97132301"", ""15.70470142"", ""13.69200039"", ""14.43317509"", ""14.30444145""]",6,0,3,Coif3WaveletV3,eq_fcast,5,TrendAE
wavelet_trendae_comparison,Coif3_bd6_eq_fcast_ttd3_ld5,wavelet_trendae_comparison,"['TrendAE', 'Coif3WaveletV3']",Yearly,1,6,30,10,1,True,2,44,13.672087,3.169596,846.937866,3334584.750000,0.817103,0.723354,1.870979,4245800,144.32,32,False,False,ReLU,EARLY_STOPPED,13.71740723,15.49376869,10.22259712,21,1.129497,False,"[""29.00636482"", ""29.89708710"", ""22.05921364"", ""18.88220978"", ""17.50667763"", ""16.16418266"", ""16.77578926"", ""16.38508797"", ""14.92927551"", ""14.49371243"", ""15.47807884"", ""14.37359619"", ""14.22872829"", ""14.40259743"", ""15.11935329"", ""14.24819565"", ""14.28861237"", ""14.44778156"", ""14.05293369"", ""14.56450653"", ""13.81565762"", ""13.71740723"", ""14.09812260"", ""13.77643490"", ""13.84246635"", ""15.21595955"", ""13.91437817"", ""16.29441452"", ""14.37427139"", ""13.86697102"", ""17.75972176"", ""15.49376869""]",6,0,3,Coif3WaveletV3,eq_fcast,5,TrendAE
wavelet_trendae_comparison,Coif3_bd6_eq_fcast_ttd3_ld8,wavelet_trendae_comparison,"['TrendAE', 'Coif3WaveletV3']",Yearly,1,6,30,10,1,True,0,42,14.112719,3.348711,880.383423,3444553.250000,0.853120,0.763732,1.992308,4249655,114.14,25,False,False,ReLU,EARLY_STOPPED,13.78129387,14.58036423,10.44981003,14,1.057982,False,"[""32.88178253"", ""27.78478241"", ""21.90873528"", ""20.70539284"", ""16.67634392"", ""16.30791283"", ""15.76220608"", ""17.27975082"", ""15.29662132"", ""15.55213737"", ""14.30422688"", ""14.40918636"", ""14.17030525"", ""14.15105057"", ""13.78129387"", ""14.65085602"", ""14.05117512"", ""13.89476776"", ""14.14271736"", ""15.68686676"", ""15.46388149"", ""14.02772522"", ""14.35799885"", ""13.91161442"", ""14.58036423""]",6,0,3,Coif3WaveletV3,eq_fcast,8,TrendAE
wavelet_trendae_comparison,Coif3_bd6_eq_fcast_ttd3_ld8,wavelet_trendae_comparison,"['TrendAE', 'Coif3WaveletV3']",Yearly,1,6,30,10,1,True,1,43,13.540597,3.118694,838.819702,3324011.250000,0.806676,0.718275,1.869214,4249655,153.46,34,False,False,ReLU,EARLY_STOPPED,13.70843506,14.46428299,10.91382980,23,1.055137,False,"[""35.34495926"", ""27.55728340"", ""22.09038353"", ""19.12871361"", ""16.12677002"", ""16.00488663"", ""16.07022667"", ""15.52902412"", ""14.96835327"", ""15.48688602"", ""15.18935490"", ""14.59601593"", ""14.49876595"", ""14.34777546"", ""14.60718441"", ""14.25817490"", ""14.25527477"", ""14.33683586"", ""13.99455738"", ""13.94016171"", ""14.04709244"", ""14.23914719"", ""13.78020287"", ""13.70843506"", ""13.80783653"", ""14.25309372"", ""14.03589916"", ""19.23571205"", ""14.62914371"", ""15.52673054"", ""17.34199524"", ""16.15388489"", ""15.18336105"", ""14.46428299""]",6,0,3,Coif3WaveletV3,eq_fcast,8,TrendAE
wavelet_trendae_comparison,Coif3_bd6_eq_fcast_ttd3_ld8,wavelet_trendae_comparison,"['TrendAE', 'Coif3WaveletV3']",Yearly,1,6,30,10,1,True,2,44,13.958691,3.243257,857.211914,3312182.000000,0.835140,0.741652,1.922497,4249655,109.72,24,False,False,ReLU,EARLY_STOPPED,14.07291603,18.13734818,11.26770115,13,1.288812,False,"[""40.55692673"", ""30.33678055"", ""24.61200523"", ""19.01386452"", ""20.19015884"", ""17.79160690"", ""15.91800785"", ""15.57498264"", ""15.13974094"", ""15.63110065"", ""15.94733429"", ""14.70402622"", ""14.53645515"", ""14.07291603"", ""14.43150234"", ""14.17026520"", ""14.78859806"", ""15.33496284"", ""15.74147511"", ""15.74215126"", ""17.55443382"", ""23.11276436"", ""20.34689331"", ""18.13734818""]",6,0,3,Coif3WaveletV3,eq_fcast,8,TrendAE
wavelet_trendae_comparison,Symlet10_bd6_eq_fcast_ttd3_ld2,wavelet_trendae_comparison,"['TrendAE', 'Symlet10WaveletV3']",Yearly,1,6,30,10,1,True,0,42,13.522707,3.083040,832.070740,3304082.500000,0.801642,0.716460,1.882315,4241945,153.83,34,False,False,ReLU,EARLY_STOPPED,13.74023819,13.82318115,9.79422665,23,1.006037,False,"[""29.45386696"", ""28.44301987"", ""21.90306854"", ""21.16695595"", ""17.92345619"", ""15.63456821"", ""16.82637215"", ""16.23234940"", ""15.49732971"", ""14.76664257"", ""15.48707199"", ""18.34356689"", ""15.98429871"", ""14.89459133"", ""15.12411118"", ""14.42674828"", ""14.88393307"", ""14.23398685"", ""14.46701813"", ""13.96107578"", ""14.09915447"", ""14.84766197"", ""13.85472679"", ""13.74023819"", ""14.03529453"", ""13.76339626"", ""13.90234089"", ""14.60159874"", ""14.32180977"", ""14.11291695"", ""14.02057171"", ""14.04982567"", ""13.88771439"", ""13.82318115""]",6,0,3,Symlet10WaveletV3,eq_fcast,2,TrendAE
wavelet_trendae_comparison,Symlet10_bd6_eq_fcast_ttd3_ld2,wavelet_trendae_comparison,"['TrendAE', 'Symlet10WaveletV3']",Yearly,1,6,30,10,1,True,1,43,13.959302,3.254533,863.756531,3404211.000000,0.836577,0.745718,1.940245,4241945,117.24,26,False,False,ReLU,EARLY_STOPPED,14.03638363,14.43703079,11.01934719,15,1.028543,False,"[""42.53610229"", ""30.71461678"", ""25.41385269"", ""21.07129669"", ""20.75596237"", ""18.68092537"", ""15.69463730"", ""18.54108238"", ""16.19795799"", ""15.64059067"", ""14.65640926"", ""14.47051334"", ""14.95224953"", ""15.22425270"", ""14.05165768"", ""14.03638363"", ""14.68248940"", ""17.83715248"", ""15.31662083"", ""15.74641609"", ""19.64782524"", ""15.43321609"", ""15.81565857"", ""16.59015465"", ""14.31648064"", ""14.43703079""]",6,0,3,Symlet10WaveletV3,eq_fcast,2,TrendAE
wavelet_trendae_comparison,Symlet10_bd6_eq_fcast_ttd3_ld2,wavelet_trendae_comparison,"['TrendAE', 'Symlet10WaveletV3']",Yearly,1,6,30,10,1,True,2,44,14.255424,3.243518,857.100952,3257323.750000,0.844251,0.776151,2.108317,4241945,95.56,21,False,False,ReLU,EARLY_STOPPED,15.82970142,16.77809906,10.94611073,10,1.059913,False,"[""30.10895157"", ""26.76473618"", ""22.05988121"", ""20.05994606"", ""23.66977692"", ""18.71406937"", ""20.73348808"", ""17.94972038"", ""15.98015308"", ""15.84844303"", ""15.82970142"", ""18.10701180"", ""17.22674942"", ""16.75572395"", ""16.20239067"", ""23.27412987"", ""17.44135475"", ""19.04611206"", ""18.72366333"", ""19.21187592"", ""16.77809906""]",6,0,3,Symlet10WaveletV3,eq_fcast,2,TrendAE
wavelet_trendae_comparison,Symlet10_bd6_eq_fcast_ttd3_ld5,wavelet_trendae_comparison,"['TrendAE', 'Symlet10WaveletV3']",Yearly,1,6,30,10,1,True,0,42,13.811326,3.227926,853.191528,3333464.500000,0.828702,0.733635,1.898468,4245800,139.17,31,False,False,ReLU,EARLY_STOPPED,13.92013550,14.09063148,10.74258137,20,1.012248,False,"[""30.66218185"", ""29.98205948"", ""22.85487747"", ""19.32311249"", ""19.48919296"", ""17.02671242"", ""15.31692123"", ""14.86071968"", ""14.99707031"", ""14.35904789"", ""15.13664627"", ""18.12289429"", ""15.44446373"", ""16.46651077"", ""15.20848274"", ""14.77549553"", ""14.96506786"", ""15.17869186"", ""15.97030735"", ""14.06484890"", ""13.92013550"", ""14.11826611"", ""14.71500397"", ""14.40337753"", ""17.91024971"", ""17.89990234"", ""16.67072868"", ""18.41086197"", ""16.23493385"", ""15.69638062"", ""14.09063148""]",6,0,3,Symlet10WaveletV3,eq_fcast,5,TrendAE
wavelet_trendae_comparison,Symlet10_bd6_eq_fcast_ttd3_ld5,wavelet_trendae_comparison,"['TrendAE', 'Symlet10WaveletV3']",Yearly,1,6,30,10,1,True,1,43,13.535079,3.116734,840.083923,3338777.000000,0.806260,0.718244,1.859258,4245800,222.90,50,False,False,ReLU,EARLY_STOPPED,13.51468658,13.58504868,9.31728268,39,1.005206,False,"[""29.97567368"", ""29.88346672"", ""23.34145164"", ""19.98181343"", ""17.50140381"", ""15.79103851"", ""17.28654671"", ""15.55200100"", ""15.89380074"", ""15.60574627"", ""15.19640064"", ""15.46740723"", ""15.42146015"", ""14.00625992"", ""14.82255173"", ""14.41034412"", ""14.09856224"", ""13.94826889"", ""14.97570419"", ""15.46321297"", ""15.85733700"", ""16.37642670"", ""16.27172661"", ""13.90413475"", ""14.26512814"", ""13.79784012"", ""13.74499893"", ""15.15314007"", ""14.19047737"", ""14.67689991"", ""13.66067219"", ""13.57598400"", ""14.44344521"", ""13.76629448"", ""14.20778847"", ""13.61375141"", ""14.06721306"", ""13.52776051"", ""14.24744415"", ""13.51468658"", ""13.55014038"", ""14.20192242"", ""13.56955433"", ""13.57265377"", ""13.80402756"", ""13.71477699"", ""13.55413055"", ""13.54650974"", ""13.56446838"", ""13.58504868""]",6,0,3,Symlet10WaveletV3,eq_fcast,5,TrendAE
wavelet_trendae_comparison,Symlet10_bd6_eq_fcast_ttd3_ld5,wavelet_trendae_comparison,"['TrendAE', 'Symlet10WaveletV3']",Yearly,1,6,30,10,1,True,2,44,13.395551,3.051507,830.185059,3318802.000000,0.793784,0.706845,1.840034,4245800,237.00,50,False,False,ReLU,MAX_EPOCHS,13.59121990,13.60737133,9.68299580,47,1.001188,False,"[""37.78271484"", ""28.58743286"", ""25.85472488"", ""19.75217628"", ""19.56615829"", ""17.81839180"", ""17.01988792"", ""16.03221130"", ""15.78938770"", ""15.49076462"", ""15.42495155"", ""14.65946865"", ""14.84897709"", ""17.72863770"", ""15.07717896"", ""14.55134773"", ""14.62237358"", ""14.93988609"", ""14.18982601"", ""14.99528217"", ""14.06158257"", ""15.27375317"", ""14.24268246"", ""14.48646641"", ""14.07665062"", ""15.13005161"", ""13.96652126"", ""14.05624580"", ""13.77880573"", ""13.70920277"", ""13.98204517"", ""14.10895348"", ""13.98769474"", ""14.27223206"", ""14.36747169"", ""14.08494854"", ""13.97550106"", ""14.55270290"", ""13.71804047"", ""13.66751766"", ""13.98062325"", ""13.78643036"", ""13.61559200"", ""13.79323196"", ""13.99688435"", ""13.74289036"", ""13.60301208"", ""13.59121990"", ""13.59886265"", ""13.60737133""]",6,0,3,Symlet10WaveletV3,eq_fcast,5,TrendAE
wavelet_trendae_comparison,Symlet10_bd6_eq_fcast_ttd3_ld8,wavelet_trendae_comparison,"['TrendAE', 'Symlet10WaveletV3']",Yearly,1,6,30,10,1,True,0,42,13.482348,3.093444,836.024231,3325056.500000,0.801716,0.715229,1.855154,4249655,220.76,50,False,False,ReLU,MAX_EPOCHS,13.58746910,13.91912651,9.49743652,45,1.024409,False,"[""31.40349007"", ""27.67334175"", ""21.35251999"", ""18.29024887"", ""18.47638512"", ""16.53356361"", ""16.15939140"", ""15.12225914"", ""15.01276779"", ""18.28606415"", ""16.68757057"", ""15.37498951"", ""14.55579853"", ""14.31273937"", ""14.29734612"", ""13.98234940"", ""14.29069805"", ""14.41689301"", ""14.23846912"", ""14.23499870"", ""14.29667759"", ""14.11795425"", ""14.75095272"", ""13.99681091"", ""14.17631912"", ""13.96196365"", ""13.89322281"", ""13.71109200"", ""15.00691891"", ""13.89767265"", ""14.24773788"", ""13.99561024"", ""13.65584278"", ""14.33810329"", ""13.67850590"", ""13.95056248"", ""13.59524441"", ""15.23837757"", ""13.94644260"", ""14.10897255"", ""14.34929657"", ""15.01419067"", ""13.86941338"", ""13.80965900"", ""13.80869865"", ""13.58746910"", ""13.77567387"", ""13.94087410"", ""13.94297600"", ""13.91912651""]",6,0,3,Symlet10WaveletV3,eq_fcast,8,TrendAE
wavelet_trendae_comparison,Symlet10_bd6_eq_fcast_ttd3_ld8,wavelet_trendae_comparison,"['TrendAE', 'Symlet10WaveletV3']",Yearly,1,6,30,10,1,True,1,43,13.489284,3.081851,831.850647,3309402.000000,0.800470,0.713283,1.868483,4249655,171.50,39,False,False,ReLU,EARLY_STOPPED,13.65647507,13.71406364,9.64754581,28,1.004217,False,"[""28.06293297"", ""29.47274780"", ""22.50590897"", ""20.43847275"", ""17.92136955"", ""16.83930969"", ""15.12220955"", ""15.79098129"", ""15.58959198"", ""14.36577129"", ""14.99760914"", ""14.79114151"", ""14.14008522"", ""14.11828804"", ""14.02568340"", ""14.51023197"", ""14.48155308"", ""13.86205864"", ""14.01354218"", ""14.65484238"", ""13.81154633"", ""14.29151058"", ""13.83227730"", ""13.80959415"", ""13.80196190"", ""14.36490536"", ""13.84625721"", ""14.30260372"", ""13.65647507"", ""13.90242290"", ""13.75858116"", ""13.79694176"", ""13.79558277"", ""14.76401234"", ""13.85959816"", ""14.27756405"", ""14.38490868"", ""14.14224625"", ""13.71406364""]",6,0,3,Symlet10WaveletV3,eq_fcast,8,TrendAE
wavelet_trendae_comparison,Symlet10_bd6_eq_fcast_ttd3_ld8,wavelet_trendae_comparison,"['TrendAE', 'Symlet10WaveletV3']",Yearly,1,6,30,10,1,True,2,44,13.400878,3.054376,827.916748,3288407.250000,0.794308,0.708548,1.852287,4249655,219.87,50,False,False,ReLU,MAX_EPOCHS,13.66252136,13.66252136,9.53663254,49,1.000000,False,"[""30.37905121"", ""31.38942337"", ""21.92350197"", ""18.73374748"", ""18.96019936"", ""15.41728115"", ""15.51131916"", ""16.90819740"", ""15.62557697"", ""14.91060448"", ""15.03576374"", ""14.76041889"", ""16.02250671"", ""14.47183800"", ""14.14491940"", ""14.29458523"", ""13.93546486"", ""13.97825241"", ""14.48468113"", ""15.03719139"", ""17.42753410"", ""17.27853775"", ""14.78802681"", ""16.35428429"", ""15.11777020"", ""14.36224365"", ""13.78626537"", ""14.50189304"", ""13.78181839"", ""15.03594112"", ""14.05126190"", ""14.57742977"", ""15.52166748"", ""15.14742661"", ""13.96283245"", ""15.62346363"", ""13.84639359"", ""14.95884132"", ""13.74605465"", ""14.87447453"", ""14.28635311"", ""13.82419586"", ""13.80616570"", ""13.76523495"", ""14.31542778"", ""14.24573326"", ""13.85535049"", ""13.69076347"", ""13.66505814"", ""13.66252136""]",6,0,3,Symlet10WaveletV3,eq_fcast,8,TrendAE
wavelet_trendae_comparison,DB10_bd15_lt_bcast_ttd3_ld2,wavelet_trendae_comparison,"['TrendAE', 'DB10WaveletV3']",Yearly,1,6,30,10,1,True,0,42,13.800566,3.148585,840.741455,3295299.250000,0.818390,0.727977,1.900346,4264985,107.64,24,False,False,ReLU,EARLY_STOPPED,14.38201809,18.86297989,12.72888470,13,1.311567,False,"[""28.84216881"", ""31.51666260"", ""21.41933250"", ""18.72974205"", ""18.05777168"", ""19.75529099"", ""15.82463360"", ""15.61159515"", ""14.81758308"", ""14.52110958"", ""15.19491673"", ""14.49393177"", ""15.42302322"", ""14.38201809"", ""15.17469311"", ""17.88692093"", ""17.67490578"", ""16.95509720"", ""20.52547646"", ""22.50962067"", ""20.96335983"", ""20.49256134"", ""18.92952156"", ""18.86297989""]",15,0,3,DB10WaveletV3,lt_bcast,2,TrendAE
wavelet_trendae_comparison,DB10_bd15_lt_bcast_ttd3_ld2,wavelet_trendae_comparison,"['TrendAE', 'DB10WaveletV3']",Yearly,1,6,30,10,1,True,1,43,13.402695,3.046697,827.974731,3307923.000000,0.793398,0.710873,1.858630,4264985,221.02,50,False,False,ReLU,MAX_EPOCHS,13.60159206,13.65492535,9.50853920,46,1.003921,False,"[""69.84244537"", ""34.02442169"", ""28.67804527"", ""25.13396263"", ""23.39212227"", ""24.36540794"", ""26.21362305"", ""19.81660652"", ""16.26484108"", ""27.00714684"", ""18.17835426"", ""21.11277771"", ""17.34103584"", ""16.57192612"", ""18.37559700"", ""17.59419441"", ""16.00467491"", ""16.10741234"", ""16.37580490"", ""14.93037510"", ""14.79120255"", ""14.29616165"", ""16.91728783"", ""15.47170830"", ""14.59230328"", ""14.71400642"", ""14.06481838"", ""15.27589989"", ""13.90479469"", ""14.20797920"", ""13.80245399"", ""13.93529034"", ""13.82038021"", ""13.74121857"", ""13.80168915"", ""13.67759609"", ""13.78599072"", ""13.68387604"", ""13.62215614"", ""13.73295689"", ""13.62331772"", ""13.67169476"", ""13.66475582"", ""13.67620087"", ""13.61419868"", ""13.64853382"", ""13.60159206"", ""13.61848736"", ""13.65165234"", ""13.65492535""]",15,0,3,DB10WaveletV3,lt_bcast,2,TrendAE
wavelet_trendae_comparison,DB10_bd15_lt_bcast_ttd3_ld2,wavelet_trendae_comparison,"['TrendAE', 'DB10WaveletV3']",Yearly,1,6,30,10,1,True,2,44,13.596107,3.090986,829.442444,3216099.500000,0.804888,0.729054,1.943620,4264985,115.41,26,False,False,ReLU,EARLY_STOPPED,14.36545658,15.69976234,12.04600143,15,1.092883,False,"[""28.43991280"", ""26.66126442"", ""21.40366936"", ""20.73469734"", ""18.32244682"", ""15.60585022"", ""17.25481415"", ""16.43343163"", ""17.31040382"", ""20.71913528"", ""15.74701595"", ""14.57232380"", ""17.03362846"", ""14.83097553"", ""14.48945427"", ""14.36545658"", ""17.30096436"", ""19.99148560"", ""23.84399414"", ""19.99316788"", ""24.25778198"", ""19.31529999"", ""21.24480247"", ""17.32918358"", ""24.19899178"", ""15.69976234""]",15,0,3,DB10WaveletV3,lt_bcast,2,TrendAE
wavelet_trendae_comparison,DB10_bd15_lt_bcast_ttd3_ld5,wavelet_trendae_comparison,"['TrendAE', 'DB10WaveletV3']",Yearly,1,6,30,10,1,True,0,42,13.622578,3.128329,846.219604,3361107.750000,0.810396,0.725063,1.887873,4268840,227.68,50,False,False,ReLU,MAX_EPOCHS,13.63514900,13.71107864,9.48155403,46,1.005569,False,"[""49.03983307"", ""28.69763947"", ""26.71898842"", ""21.96262741"", ""19.48055267"", ""19.52198792"", ""28.36323166"", ""16.69146347"", ""18.58798409"", ""18.00106239"", ""15.97587490"", ""15.74716759"", ""15.15484905"", ""16.51508713"", ""14.61549282"", ""14.82034683"", ""15.03520775"", ""14.67733574"", ""14.33627129"", ""17.23188400"", ""19.72573090"", ""14.28847122"", ""17.09724426"", ""16.81933022"", ""14.27146912"", ""19.83269882"", ""14.46959400"", ""15.64264584"", ""15.62201595"", ""14.46199989"", ""15.47307301"", ""14.18357468"", ""15.07515907"", ""14.41708183"", ""13.84700108"", ""14.87419033"", ""13.75392151"", ""13.93531418"", ""13.98586369"", ""14.18347931"", ""13.74992561"", ""13.73996735"", ""14.03869820"", ""14.18099213"", ""13.66041470"", ""13.64677811"", ""13.63514900"", ""13.66272259"", ""13.70301723"", ""13.71107864""]",15,0,3,DB10WaveletV3,lt_bcast,5,TrendAE
wavelet_trendae_comparison,DB10_bd15_lt_bcast_ttd3_ld5,wavelet_trendae_comparison,"['TrendAE', 'DB10WaveletV3']",Yearly,1,6,30,10,1,True,1,43,13.617748,3.149074,845.944214,3373177.750000,0.812858,0.722838,1.862750,4268840,229.85,50,False,False,ReLU,EARLY_STOPPED,13.55531406,13.67371845,9.28439617,39,1.008735,False,"[""29.87929535"", ""27.25864601"", ""22.27263832"", ""19.77801514"", ""16.51809692"", ""17.63669586"", ""15.59077072"", ""15.01044464"", ""15.52599049"", ""14.80285358"", ""15.37957478"", ""14.36701393"", ""14.68352890"", ""15.67955208"", ""15.63524818"", ""14.81971169"", ""14.53431511"", ""17.05755043"", ""16.00024414"", ""16.24457741"", ""14.23507309"", ""14.47244167"", ""15.99565315"", ""14.40267277"", ""13.89628983"", ""14.02063084"", ""13.75122833"", ""13.79125309"", ""14.31907082"", ""13.72061825"", ""13.64761543"", ""13.85949421"", ""13.80725098"", ""13.65661144"", ""13.61554527"", ""14.00847054"", ""13.68392277"", ""13.67375183"", ""13.97518635"", ""13.55531406"", ""13.82755661"", ""13.69125366"", ""13.72228622"", ""13.59389687"", ""13.73272133"", ""13.66529179"", ""13.59007359"", ""13.62561131"", ""13.67182732"", ""13.67371845""]",15,0,3,DB10WaveletV3,lt_bcast,5,TrendAE
wavelet_trendae_comparison,DB10_bd15_lt_bcast_ttd3_ld5,wavelet_trendae_comparison,"['TrendAE', 'DB10WaveletV3']",Yearly,1,6,30,10,1,True,2,44,13.546340,3.123691,837.491089,3274932.250000,0.807480,0.722666,1.877422,4268840,227.20,50,False,False,ReLU,MAX_EPOCHS,13.80144024,13.80144024,9.75327206,49,1.000000,False,"[""30.35576057"", ""26.85696793"", ""21.91472626"", ""21.53884697"", ""24.71102715"", ""17.75483131"", ""16.24204826"", ""15.84656143"", ""15.05778503"", ""14.61348820"", ""15.37349415"", ""14.58323956"", ""17.60512733"", ""16.12922478"", ""15.80987263"", ""14.86692905"", ""14.65922737"", ""14.30158043"", ""16.43390465"", ""15.22192669"", ""19.84856796"", ""15.74960041"", ""16.37453270"", ""15.86079311"", ""15.60647106"", ""14.46670914"", ""18.60712242"", ""14.24380398"", ""15.79195690"", ""16.19399834"", ""14.88497829"", ""15.52627277"", ""14.21172047"", ""16.75871849"", ""14.33234215"", ""14.31325245"", ""15.79423809"", ""16.27236366"", ""13.97732353"", ""14.82308197"", ""13.88296890"", ""14.99442005"", ""15.41082573"", ""14.61925030"", ""13.90619469"", ""13.90508270"", ""13.87855434"", ""13.82759476"", ""13.80517483"", ""13.80144024""]",15,0,3,DB10WaveletV3,lt_bcast,5,TrendAE
wavelet_trendae_comparison,DB10_bd15_lt_bcast_ttd3_ld8,wavelet_trendae_comparison,"['TrendAE', 'DB10WaveletV3']",Yearly,1,6,30,10,1,True,0,42,13.732947,3.147150,843.647400,3295423.000000,0.816141,0.732395,1.914089,4272695,137.42,31,False,False,ReLU,EARLY_STOPPED,13.77535343,15.88814259,12.17857170,20,1.153375,False,"[""35.99476624"", ""27.56197357"", ""22.93792152"", ""20.13543701"", ""17.24206543"", ""16.29395294"", ""15.80163574"", ""15.97904587"", ""15.55321217"", ""16.74970818"", ""18.36253548"", ""18.31913948"", ""15.44428921"", ""14.97853088"", ""17.91949081"", ""15.21891022"", ""14.85594940"", ""14.33572865"", ""14.13367367"", ""14.11283875"", ""13.77535343"", ""13.83286285"", ""13.96051598"", ""14.50112724"", ""19.55534935"", ""16.40829849"", ""16.33418465"", ""18.09650421"", ""16.32270622"", ""17.02222443"", ""15.88814259""]",15,0,3,DB10WaveletV3,lt_bcast,8,TrendAE
wavelet_trendae_comparison,DB10_bd15_lt_bcast_ttd3_ld8,wavelet_trendae_comparison,"['TrendAE', 'DB10WaveletV3']",Yearly,1,6,30,10,1,True,1,43,13.749949,3.182992,845.123352,3318009.500000,0.821171,0.740165,1.932794,4272695,136.13,30,False,False,ReLU,EARLY_STOPPED,13.84226131,14.87808323,10.86021423,19,1.074830,False,"[""29.39740181"", ""29.61291313"", ""22.47464752"", ""19.51009560"", ""17.53035164"", ""16.59994888"", ""15.65528297"", ""16.75649071"", ""15.13226795"", ""15.01829720"", ""14.75705528"", ""15.45731544"", ""15.97676945"", ""14.39027309"", ""14.69021606"", ""14.57440853"", ""14.28255939"", ""15.82762623"", ""13.87842560"", ""13.84226131"", ""14.18123531"", ""13.99740314"", ""22.39444160"", ""14.80987358"", ""20.95711136"", ""15.58870792"", ""20.73859215"", ""15.22644806"", ""17.77522087"", ""14.87808323""]",15,0,3,DB10WaveletV3,lt_bcast,8,TrendAE
wavelet_trendae_comparison,DB10_bd15_lt_bcast_ttd3_ld8,wavelet_trendae_comparison,"['TrendAE', 'DB10WaveletV3']",Yearly,1,6,30,10,1,True,2,44,14.171245,3.291267,861.343872,3310633.250000,0.847684,0.775375,2.114321,4272695,109.90,20,False,False,ReLU,EARLY_STOPPED,14.40194988,15.14256001,11.06865597,9,1.051424,False,"[""36.63565826"", ""27.22983360"", ""23.04052925"", ""19.39979553"", ""16.64598274"", ""16.70001984"", ""15.60380936"", ""16.93002510"", ""14.90204906"", ""14.40194988"", ""14.44041061"", ""15.86360073"", ""14.93805981"", ""14.94845963"", ""16.32093811"", ""15.41269112"", ""15.96057606"", ""16.75659180"", ""15.79930305"", ""15.14256001""]",15,0,3,DB10WaveletV3,lt_bcast,8,TrendAE
wavelet_trendae_comparison,Coif2_bd30_eq_bcast_ttd3_ld2,wavelet_trendae_comparison,"['TrendAE', 'Coif2WaveletV3']",Yearly,1,6,30,10,1,True,0,42,14.234411,3.391355,885.035645,3467411.000000,0.862209,0.776727,2.040536,4303385,163.69,24,False,False,ReLU,EARLY_STOPPED,14.09837341,16.54295540,13.91015339,13,1.173395,False,"[""35.28147507"", ""28.11222649"", ""22.39531517"", ""21.78852463"", ""16.85025024"", ""21.55023193"", ""16.50667381"", ""17.06770515"", ""16.10918999"", ""14.78189659"", ""14.68817425"", ""14.25231266"", ""14.48324776"", ""14.09837341"", ""16.17968750"", ""17.44011116"", ""14.96924496"", ""16.57882500"", ""14.93110466"", ""18.09069633"", ""19.66461182"", ""16.24935722"", ""21.35814285"", ""16.54295540""]",30,0,3,Coif2WaveletV3,eq_bcast,2,TrendAE
