experiment,config_name,category,stack_types,period,frequency,forecast_length,backcast_length,n_stacks,n_blocks_per_stack,share_weights,run,seed,smape,mase,mae,mse,owa,norm_mae,norm_mse,n_params,training_time_seconds,epochs_trained,active_g,sum_losses,activation,stopping_reason,best_val_loss,final_val_loss,final_train_loss,best_epoch,loss_ratio,diverged,val_loss_curve,basis_dim,basis_offset,thetas_dim
baseline,Coif2_bd15_lt_bcast_td3,basis_dim_sweep,"['Trend', 'Coif2WaveletV3']",Yearly,1,6,30,10,1,True,0,42,13.471699,3.073073,821.931702,3129951.500000,0.798828,0.712902,1.864577,5103375,50.85,22,False,False,ReLU,EARLY_STOPPED,13.63600826,13.67411709,8.63672447,11,1.002795,False,"[""18.35009766"", ""13.92500305"", ""17.05872536"", ""14.77637100"", ""14.52017689"", ""15.82716274"", ""14.04992390"", ""15.23319054"", ""14.24015522"", ""14.76321316"", ""13.94921207"", ""13.63600826"", ""13.89955997"", ""13.70501614"", ""13.77379036"", ""14.19240189"", ""13.95668983"", ""13.71315861"", ""14.20670795"", ""14.18771076"", ""13.83596897"", ""13.67411709""]",15,0,3
baseline,Coif2_bd15_lt_bcast_td3,basis_dim_sweep,"['Trend', 'Coif2WaveletV3']",Yearly,1,6,30,10,1,True,1,43,13.625048,3.176539,835.745483,3170810.750000,0.816537,0.730156,1.899461,5103375,53.87,23,False,False,ReLU,EARLY_STOPPED,13.53241825,13.78926754,8.91859913,12,1.018980,False,"[""19.66372681"", ""14.15220356"", ""14.47753239"", ""13.77782345"", ""13.81629181"", ""13.82794285"", ""13.87945652"", ""14.13414383"", ""14.27265930"", ""14.50435829"", ""13.70926857"", ""14.07800293"", ""13.53241825"", ""13.81589413"", ""14.54965782"", ""13.81008053"", ""13.75709629"", ""13.97001934"", ""14.00956917"", ""13.65716171"", ""13.69731808"", ""13.79257584"", ""13.78926754""]",15,0,3
baseline,Coif2_bd15_lt_bcast_td3,basis_dim_sweep,"['Trend', 'Coif2WaveletV3']",Yearly,1,6,30,10,1,True,2,44,13.591743,3.133134,838.438782,3281569.000000,0.810057,0.724485,1.885746,5103375,39.31,16,False,False,ReLU,EARLY_STOPPED,13.59168434,13.69692898,9.59883690,5,1.007743,False,"[""14.24219608"", ""17.20930290"", ""14.00396061"", ""14.45008278"", ""13.81655025"", ""13.59168434"", ""13.65291595"", ""14.92779350"", ""15.36210442"", ""13.73433113"", ""13.64861679"", ""14.48091888"", ""13.67491531"", ""13.67621994"", ""14.13321590"", ""13.69692898""]",15,0,3
baseline,Coif2_bd15_lt_bcast_td5,basis_dim_sweep,"['Trend', 'Coif2WaveletV3']",Yearly,1,6,30,10,1,True,0,42,13.622414,3.151732,842.444519,3281703.750000,0.813336,0.721771,1.872921,5105945,54.85,23,False,False,ReLU,EARLY_STOPPED,13.54168034,13.95486927,9.47346401,12,1.030512,False,"[""14.57399178"", ""14.48229218"", ""15.24532032"", ""14.94758415"", ""14.53229904"", ""14.99633598"", ""13.78768063"", ""14.03718853"", ""14.37216282"", ""14.05413437"", ""13.98801517"", ""14.32818317"", ""13.54168034"", ""13.70799637"", ""13.74656391"", ""14.57117939"", ""14.74494839"", ""14.66500664"", ""14.06849480"", ""13.83919430"", ""14.05277157"", ""14.01048279"", ""13.95486927""]",15,0,5
baseline,Coif2_bd15_lt_bcast_td5,basis_dim_sweep,"['Trend', 'Coif2WaveletV3']",Yearly,1,6,30,10,1,True,1,43,13.405945,3.059383,825.845459,3236397.000000,0.795093,0.708271,1.839651,5105945,41.10,17,False,False,ReLU,EARLY_STOPPED,13.60056782,13.71908569,10.31000900,6,1.008714,False,"[""16.37821198"", ""13.88399887"", ""13.70500565"", ""13.86513615"", ""13.81128979"", ""14.01910496"", ""13.60056782"", ""14.07609081"", ""14.48079109"", ""13.89851093"", ""14.06475544"", ""13.90043068"", ""13.67624283"", ""13.81151772"", ""13.76282024"", ""13.71232510"", ""13.71908569""]",15,0,5
baseline,Coif2_bd15_lt_bcast_td5,basis_dim_sweep,"['Trend', 'Coif2WaveletV3']",Yearly,1,6,30,10,1,True,2,44,13.624466,3.145281,841.887756,3270731.500000,0.812587,0.719685,1.840666,5105945,56.09,25,False,False,ReLU,EARLY_STOPPED,13.53440380,14.09193516,9.35890007,14,1.041194,False,"[""15.22493458"", ""13.74692917"", ""15.59318352"", ""14.02496719"", ""14.37327480"", ""13.94031811"", ""14.18536186"", ""13.66485691"", ""14.03245831"", ""14.78779507"", ""13.88456154"", ""14.09441566"", ""13.65743446"", ""13.61337185"", ""13.53440380"", ""13.70896339"", ""14.41277218"", ""14.65207577"", ""13.79910755"", ""13.86821842"", ""14.58753300"", ""14.08311272"", ""14.11542416"", ""13.92135334"", ""14.09193516""]",15,0,5
baseline,Coif2_bd30_eq_bcast_td3,basis_dim_sweep,"['Trend', 'Coif2WaveletV3']",Yearly,1,6,30,10,1,True,0,42,13.588765,3.151592,842.107727,3230117.000000,0.812288,0.720726,1.858105,5141775,57.63,25,False,False,ReLU,EARLY_STOPPED,13.56667900,14.08943367,8.75291634,14,1.038532,False,"[""16.76704788"", ""13.81048203"", ""14.14050674"", ""14.03198338"", ""13.78528500"", ""14.09138203"", ""13.60371780"", ""13.96973896"", ""14.48817921"", ""13.58057213"", ""13.93141842"", ""14.55066013"", ""13.60020351"", ""13.72528362"", ""13.56667900"", ""13.96124744"", ""14.70018101"", ""14.56486320"", ""13.88369274"", ""14.03608036"", ""14.18430805"", ""13.69992161"", ""14.00192261"", ""14.27017212"", ""14.08943367""]",30,0,3
baseline,Coif2_bd30_eq_bcast_td3,basis_dim_sweep,"['Trend', 'Coif2WaveletV3']",Yearly,1,6,30,10,1,True,1,43,13.560197,3.143018,840.120789,3259268.250000,0.810336,0.717095,1.846321,5141775,39.53,17,False,False,ReLU,EARLY_STOPPED,13.47595406,14.27257347,9.02708721,6,1.059114,False,"[""14.80644035"", ""14.68202019"", ""16.81836510"", ""13.89402008"", ""13.91105938"", ""14.54424763"", ""13.47595406"", ""13.76680470"", ""14.22306538"", ""13.78653526"", ""13.94722652"", ""13.90233994"", ""14.14890862"", ""14.04895210"", ""14.45252132"", ""13.79030037"", ""14.27257347""]",30,0,3
baseline,Coif2_bd30_eq_bcast_td3,basis_dim_sweep,"['Trend', 'Coif2WaveletV3']",Yearly,1,6,30,10,1,True,2,44,13.542054,3.126176,836.371948,3293714.750000,0.807662,0.723510,1.870814,5141775,36.34,15,False,False,ReLU,EARLY_STOPPED,13.65603542,14.04896355,9.58717346,4,1.028773,False,"[""16.50299644"", ""13.94199276"", ""15.35276794"", ""14.89855194"", ""13.65603542"", ""14.34533787"", ""14.85982704"", ""13.73519325"", ""13.87421322"", ""13.79420471"", ""14.37746716"", ""14.97124958"", ""14.52247143"", ""13.92436314"", ""14.04896355""]",30,0,3
baseline,Coif2_bd30_eq_bcast_td5,basis_dim_sweep,"['Trend', 'Coif2WaveletV3']",Yearly,1,6,30,10,1,True,0,42,13.367539,3.049843,818.202576,3148613.250000,0.792718,0.710233,1.852933,5144345,53.10,23,False,False,ReLU,EARLY_STOPPED,13.70945358,14.06556129,9.35857773,12,1.025975,False,"[""20.65436745"", ""15.71098232"", ""15.87844276"", ""13.81894875"", ""14.08742428"", ""14.63084412"", ""14.19207382"", ""13.96491146"", ""13.95808411"", ""13.79663467"", ""13.88361168"", ""13.77893925"", ""13.70945358"", ""14.01110458"", ""14.43836403"", ""14.34945488"", ""13.84950161"", ""14.09451675"", ""13.88585567"", ""14.26316738"", ""14.01662540"", ""14.00018501"", ""14.06556129""]",30,0,5
baseline,Coif2_bd30_eq_bcast_td5,basis_dim_sweep,"['Trend', 'Coif2WaveletV3']",Yearly,1,6,30,10,1,True,1,43,13.851213,3.246503,851.598145,3220925.750000,0.832260,0.731780,1.863780,5144345,62.52,27,False,False,ReLU,EARLY_STOPPED,13.54431534,14.20055389,8.26224613,16,1.048451,False,"[""15.76429081"", ""13.81309509"", ""15.05698681"", ""13.77512360"", ""14.70088863"", ""14.02964306"", ""14.49468994"", ""13.85950565"", ""14.91184235"", ""14.70969200"", ""15.57996750"", ""13.66883469"", ""13.82490253"", ""14.94220257"", ""14.43114567"", ""13.92214012"", ""13.54431534"", ""13.79053783"", ""14.10283470"", ""13.72495937"", ""14.20565224"", ""13.99415207"", ""13.95685863"", ""14.26014900"", ""13.83224869"", ""13.86321735"", ""14.20055389""]",30,0,5
baseline,Coif2_bd30_eq_bcast_td5,basis_dim_sweep,"['Trend', 'Coif2WaveletV3']",Yearly,1,6,30,10,1,True,2,44,13.504934,3.092166,832.244019,3275411.500000,0.802247,0.715302,1.854570,5144345,37.90,16,False,False,ReLU,EARLY_STOPPED,13.60024357,14.58213139,8.64355946,5,1.072196,False,"[""13.92598057"", ""17.35938072"", ""15.62297153"", ""14.04263496"", ""13.77014637"", ""13.60024357"", ""15.99148941"", ""13.76149368"", ""14.00626659"", ""14.15094566"", ""13.78285599"", ""15.44573498"", ""13.62791348"", ""13.79631519"", ""13.95709801"", ""14.58213139""]",30,0,5
baseline,Coif2_bd4_lt_fcast_td3,basis_dim_sweep,"['Trend', 'Coif2WaveletV3']",Yearly,1,6,30,10,1,True,0,42,13.529788,3.108207,838.436646,3249795.250000,0.805025,0.714788,1.846726,5070095,65.60,22,False,False,ReLU,EARLY_STOPPED,13.55493736,14.44518375,9.03350067,11,1.065677,False,"[""14.22499752"", ""14.08723068"", ""14.15660477"", ""14.57838154"", ""13.75638580"", ""13.96504116"", ""13.58409691"", ""13.82532310"", ""14.38812542"", ""13.70964813"", ""14.05026054"", ""13.55493736"", ""14.27359772"", ""13.99277401"", ""13.93036652"", ""13.98089981"", ""14.03087997"", ""14.06278515"", ""13.55628490"", ""13.68514824"", ""13.82775116"", ""14.44518375""]",4,0,3
baseline,Coif2_bd4_lt_fcast_td3,basis_dim_sweep,"['Trend', 'Coif2WaveletV3']",Yearly,1,6,30,10,1,True,1,43,13.556224,3.131469,836.420349,3197557.250000,0.808761,0.716251,1.846485,5070095,74.96,27,False,False,ReLU,EARLY_STOPPED,13.49891281,13.71141434,8.22736263,16,1.015742,False,"[""15.05700111"", ""14.18289948"", ""16.67655754"", ""14.97134495"", ""14.32727814"", ""14.12411785"", ""13.73259258"", ""13.79715443"", ""13.76765347"", ""13.83408260"", ""13.95499420"", ""14.07245636"", ""14.85610962"", ""13.72372055"", ""14.50416851"", ""14.48980141"", ""13.49891281"", ""13.80295944"", ""14.80657482"", ""13.71755886"", ""14.02325916"", ""14.01838970"", ""13.64654446"", ""13.73924160"", ""13.94480324"", ""13.97381496"", ""13.71141434""]",4,0,3
baseline,Coif2_bd4_lt_fcast_td3,basis_dim_sweep,"['Trend', 'Coif2WaveletV3']",Yearly,1,6,30,10,1,True,2,44,13.649776,3.159456,842.763489,3236511.000000,0.815145,0.718773,1.830554,5070095,62.49,22,False,False,ReLU,EARLY_STOPPED,13.68124294,14.07037926,9.30602360,11,1.028443,False,"[""16.89895630"", ""13.91926765"", ""14.97881126"", ""14.46189499"", ""14.24869442"", ""14.07097435"", ""13.93112183"", ""13.88766861"", ""14.35013294"", ""16.40536880"", ""14.03622150"", ""13.68124294"", ""14.90738964"", ""13.79344177"", ""13.94337082"", ""13.78343868"", ""13.75744724"", ""14.20741177"", ""14.13673401"", ""13.77610970"", ""14.79861546"", ""14.07037926""]",4,0,3
baseline,Coif2_bd4_lt_fcast_td5,basis_dim_sweep,"['Trend', 'Coif2WaveletV3']",Yearly,1,6,30,10,1,True,0,42,13.698461,3.179414,843.251038,3251076.250000,0.819145,0.729982,1.882511,5072665,69.04,29,False,False,ReLU,EARLY_STOPPED,13.58434677,13.77812481,9.09017181,18,1.014265,False,"[""23.49103546"", ""14.01561260"", ""13.73612785"", ""15.24006271"", ""13.81034279"", ""14.54800034"", ""14.79698277"", ""14.26642227"", ""13.95701122"", ""13.61199474"", ""13.94062328"", ""13.74224186"", ""14.87906265"", ""13.96418095"", ""13.69607449"", ""14.02382183"", ""14.00665665"", ""13.75192833"", ""13.58434677"", ""16.39168739"", ""13.78932190"", ""13.96036530"", ""13.69803524"", ""13.73876762"", ""14.28938007"", ""14.01603508"", ""14.01474762"", ""14.23667908"", ""13.77812481""]",4,0,5
baseline,Coif2_bd4_lt_fcast_td5,basis_dim_sweep,"['Trend', 'Coif2WaveletV3']",Yearly,1,6,30,10,1,True,1,43,13.955105,3.271141,864.171692,3361016.000000,0.838538,0.744061,1.913419,5072665,62.41,27,False,False,ReLU,EARLY_STOPPED,13.56445503,13.88731003,9.67280579,16,1.023802,False,"[""15.42097950"", ""14.21420670"", ""13.79281139"", ""13.72139835"", ""14.05818176"", ""14.37370682"", ""14.26711941"", ""14.19046879"", ""13.57348537"", ""14.69573212"", ""14.70769405"", ""14.28384876"", ""15.42578220"", ""14.16954708"", ""14.26761818"", ""13.94713974"", ""13.56445503"", ""13.58200264"", ""13.87663460"", ""14.37175846"", ""13.69530582"", ""13.93906212"", ""14.05026722"", ""13.83196735"", ""14.36814785"", ""13.64782906"", ""13.88731003""]",4,0,5
baseline,Coif2_bd4_lt_fcast_td5,basis_dim_sweep,"['Trend', 'Coif2WaveletV3']",Yearly,1,6,30,10,1,True,2,44,13.577700,3.119813,833.254517,3171391.750000,0.807952,0.715953,1.835508,5072665,81.82,36,False,False,ReLU,EARLY_STOPPED,13.55151367,13.81300926,8.35726452,25,1.019296,False,"[""15.83221626"", ""14.02165222"", ""14.16928959"", ""14.25946712"", ""15.24323368"", ""13.95560169"", ""15.36059666"", ""14.81140995"", ""13.70456791"", ""14.55555725"", ""13.73849773"", ""14.22018433"", ""14.68450832"", ""13.87480164"", ""14.24774551"", ""14.08430290"", ""13.70106125"", ""13.81562138"", ""13.87032700"", ""14.47162533"", ""13.80804348"", ""13.98999500"", ""13.55644321"", ""13.96565342"", ""13.82981682"", ""13.55151367"", ""14.15468788"", ""13.80858326"", ""13.78971481"", ""13.63723755"", ""14.08960438"", ""13.96962738"", ""13.77099228"", ""13.88102627"", ""13.60919476"", ""13.81300926""]",4,0,5
baseline,Coif2_bd6_eq_fcast_td3,basis_dim_sweep,"['Trend', 'Coif2WaveletV3']",Yearly,1,6,30,10,1,True,0,42,13.457704,3.068642,825.072449,3224726.000000,0.797842,0.719004,1.882616,5080335,41.51,16,False,False,ReLU,EARLY_STOPPED,13.65175533,13.87473679,9.34547615,5,1.016334,False,"[""14.32262516"", ""14.61883450"", ""14.27768612"", ""14.19257450"", ""14.19188976"", ""13.65175533"", ""13.91585827"", ""14.15356159"", ""14.80165386"", ""13.82847977"", ""16.32671356"", ""13.69383430"", ""13.67534542"", ""13.68853092"", ""14.51828957"", ""13.87473679""]",6,0,3
baseline,Coif2_bd6_eq_fcast_td3,basis_dim_sweep,"['Trend', 'Coif2WaveletV3']",Yearly,1,6,30,10,1,True,1,43,13.478004,3.085590,826.466553,3136743.250000,0.800595,0.717040,1.895714,5080335,68.53,27,False,False,ReLU,EARLY_STOPPED,13.66058064,14.09048367,8.62323666,16,1.031470,False,"[""14.02585030"", ""13.94062328"", ""14.10009098"", ""14.25809669"", ""13.75230694"", ""13.82454205"", ""14.51984501"", ""13.75414371"", ""14.19733334"", ""14.38862801"", ""14.10599327"", ""13.74814034"", ""13.74807739"", ""13.87747192"", ""13.75986576"", ""13.77428436"", ""13.66058064"", ""13.81422520"", ""14.06649685"", ""14.50616837"", ""14.45910645"", ""13.90021706"", ""13.74723816"", ""13.73777008"", ""14.15895081"", ""13.86801624"", ""14.09048367""]",6,0,3
baseline,Coif2_bd6_eq_fcast_td3,basis_dim_sweep,"['Trend', 'Coif2WaveletV3']",Yearly,1,6,30,10,1,True,2,44,13.293353,3.005024,818.618103,3228143.250000,0.784809,0.702729,1.831924,5080335,49.05,19,False,False,ReLU,EARLY_STOPPED,13.64422035,14.44123936,8.69786835,8,1.058414,False,"[""14.35653114"", ""14.76137924"", ""13.88652325"", ""15.42562675"", ""13.90050125"", ""15.07692432"", ""13.81568241"", ""14.16521740"", ""13.64422035"", ""13.79979515"", ""13.73297691"", ""14.54789543"", ""13.76778984"", ""13.92583275"", ""13.72670937"", ""14.38096333"", ""13.94638729"", ""13.81622028"", ""14.44123936""]",6,0,3
baseline,Coif2_bd6_eq_fcast_td5,basis_dim_sweep,"['Trend', 'Coif2WaveletV3']",Yearly,1,6,30,10,1,True,0,42,13.782768,3.211110,857.792175,3423028.000000,0.825713,0.731590,1.895183,5082905,81.25,30,False,False,ReLU,EARLY_STOPPED,13.50004482,14.24437237,8.54187012,19,1.055135,False,"[""14.46239281"", ""14.04815388"", ""13.96526623"", ""16.94433212"", ""15.67443085"", ""13.92641449"", ""13.79959011"", ""14.02195644"", ""15.92999363"", ""15.50212002"", ""13.74243164"", ""15.53016853"", ""14.11929798"", ""13.78013897"", ""13.84430695"", ""13.68310452"", ""13.94242001"", ""13.62626457"", ""13.93328571"", ""13.50004482"", ""13.66102600"", ""14.15295792"", ""13.75500584"", ""13.85723495"", ""13.77444458"", ""14.11338329"", ""13.81321430"", ""13.62094688"", ""13.88520527"", ""14.24437237""]",6,0,5
baseline,Coif2_bd6_eq_fcast_td5,basis_dim_sweep,"['Trend', 'Coif2WaveletV3']",Yearly,1,6,30,10,1,True,1,43,13.422504,3.063889,824.923340,3155794.250000,0.796167,0.715057,1.852663,5082905,76.07,30,False,False,ReLU,EARLY_STOPPED,13.59419155,14.49955845,8.81453419,19,1.066600,False,"[""15.04236317"", ""15.59523487"", ""19.78131104"", ""13.69275951"", ""14.34874821"", ""15.18235493"", ""14.29274845"", ""13.79363632"", ""17.03064537"", ""13.71756649"", ""13.77564812"", ""13.71050549"", ""14.16451740"", ""13.67801380"", ""13.67617702"", ""13.85927200"", ""14.58610344"", ""14.05322838"", ""13.83321476"", ""13.59419155"", ""13.89098549"", ""13.66269875"", ""14.35876179"", ""14.05199337"", ""14.01791668"", ""13.89815617"", ""13.83877945"", ""14.56132698"", ""14.06902981"", ""14.49955845""]",6,0,5
baseline,Coif2_bd6_eq_fcast_td5,basis_dim_sweep,"['Trend', 'Coif2WaveletV3']",Yearly,1,6,30,10,1,True,2,44,13.505432,3.128806,841.337769,3315751.750000,0.806872,0.720688,1.867078,5082905,53.85,21,False,False,ReLU,EARLY_STOPPED,13.48665237,13.80680943,9.13319397,10,1.023739,False,"[""16.24735832"", ""14.84850121"", ""14.17002964"", ""13.96766949"", ""13.98418713"", ""13.84902763"", ""14.03555679"", ""14.00207520"", ""13.75114632"", ""14.12901211"", ""13.48665237"", ""14.44993210"", ""13.57346344"", ""14.57977676"", ""13.87390804"", ""14.09012318"", ""13.86620235"", ""14.67035294"", ""13.61893177"", ""14.23429203"", ""13.80680943""]",6,0,5
baseline,DB3_bd15_lt_bcast_td3,basis_dim_sweep,"['Trend', 'DB3WaveletV3']",Yearly,1,6,30,10,1,True,0,42,13.481729,3.105665,826.444763,3156720.250000,0.803235,0.723389,1.887948,5103375,53.73,21,False,False,ReLU,EARLY_STOPPED,13.61948490,14.18917751,9.07091904,10,1.041829,False,"[""16.50863266"", ""13.71748352"", ""14.11600685"", ""14.48952198"", ""13.84377670"", ""14.41823006"", ""13.78816700"", ""15.56352615"", ""13.67716980"", ""13.96799755"", ""13.61948490"", ""13.71792507"", ""14.21987915"", ""13.88391590"", ""14.00684357"", ""13.72734737"", ""14.72473812"", ""13.76642704"", ""13.77162266"", ""13.70707607"", ""14.18917751""]",15,0,3
baseline,DB3_bd15_lt_bcast_td3,basis_dim_sweep,"['Trend', 'DB3WaveletV3']",Yearly,1,6,30,10,1,True,1,43,13.717991,3.188164,846.315613,3268781.250000,0.820844,0.725405,1.880420,5103375,45.72,18,False,False,ReLU,EARLY_STOPPED,13.46873665,13.98840618,9.51539612,7,1.038583,False,"[""14.15289116"", ""15.89562225"", ""13.80939674"", ""15.41855145"", ""13.96292686"", ""13.88332462"", ""14.06932735"", ""13.46873665"", ""16.22022438"", ""13.63738823"", ""14.74571609"", ""14.13446903"", ""13.91656113"", ""13.95070648"", ""13.52725697"", ""13.73376465"", ""13.85838890"", ""13.98840618""]",15,0,3
baseline,DB3_bd15_lt_bcast_td3,basis_dim_sweep,"['Trend', 'DB3WaveletV3']",Yearly,1,6,30,10,1,True,2,44,13.678937,3.134823,832.589294,3137877.500000,0.812937,0.732245,1.916435,5103375,83.20,33,False,False,ReLU,EARLY_STOPPED,13.68662930,14.40332890,8.19063187,22,1.052365,False,"[""13.88340759"", ""14.47336674"", ""13.84875965"", ""13.90811729"", ""14.18214226"", ""13.93381214"", ""13.99102592"", ""14.58290100"", ""14.13611507"", ""13.80677986"", ""14.31863499"", ""14.39074707"", ""13.79918194"", ""14.14644527"", ""14.06501102"", ""14.16937923"", ""14.06724739"", ""13.76556015"", ""14.24849033"", ""14.21637630"", ""13.73584557"", ""14.03630447"", ""13.68662930"", ""14.65963554"", ""14.06780529"", ""14.12970543"", ""13.76235771"", ""13.96086788"", ""14.21794605"", ""14.02478409"", ""14.27829361"", ""13.92343044"", ""14.40332890""]",15,0,3
baseline,DB3_bd15_lt_bcast_td5,basis_dim_sweep,"['Trend', 'DB3WaveletV3']",Yearly,1,6,30,10,1,True,0,42,13.842943,3.246319,855.186035,3295945.000000,0.831984,0.735623,1.887790,5105945,41.90,16,False,False,ReLU,EARLY_STOPPED,13.70253277,14.28529453,10.00788784,5,1.042529,False,"[""14.06452084"", ""15.39415264"", ""13.76794147"", ""14.86242294"", ""14.07155609"", ""13.70253277"", ""14.08735466"", ""14.59325314"", ""14.36175537"", ""14.26730156"", ""13.74330807"", ""13.90850163"", ""13.71747780"", ""13.77116299"", ""13.89357567"", ""14.28529453""]",15,0,5
baseline,DB3_bd15_lt_bcast_td5,basis_dim_sweep,"['Trend', 'DB3WaveletV3']",Yearly,1,6,30,10,1,True,1,43,13.739571,3.207265,854.177612,3398884.250000,0.823907,0.736173,1.891370,5105945,56.29,22,False,False,ReLU,EARLY_STOPPED,13.59896183,14.68479252,9.88805008,11,1.079847,False,"[""15.71360016"", ""14.24792480"", ""14.30990505"", ""14.69581509"", ""14.61619568"", ""14.19686127"", ""14.21643066"", ""14.64091682"", ""15.04219246"", ""14.57385063"", ""13.65089798"", ""13.59896183"", ""13.97393608"", ""13.76162052"", ""14.18193626"", ""13.76698494"", ""14.45193863"", ""13.92362213"", ""13.89762402"", ""14.01364040"", ""14.07509804"", ""14.68479252""]",15,0,5
baseline,DB3_bd15_lt_bcast_td5,basis_dim_sweep,"['Trend', 'DB3WaveletV3']",Yearly,1,6,30,10,1,True,2,44,13.747096,3.215910,848.750122,3259801.000000,0.825225,0.731740,1.858668,5105945,55.61,22,False,False,ReLU,EARLY_STOPPED,13.58692551,13.75064850,9.04207420,11,1.012050,False,"[""14.39859390"", ""14.79617500"", ""14.46985054"", ""14.67930984"", ""14.20026588"", ""13.66485214"", ""15.41690063"", ""14.67777061"", ""14.15493584"", ""13.66796970"", ""13.59184933"", ""13.58692551"", ""14.79708958"", ""13.89841080"", ""15.60257053"", ""14.31502628"", ""13.59536934"", ""15.11680126"", ""13.70902824"", ""13.85268497"", ""13.89707851"", ""13.75064850""]",15,0,5
baseline,DB3_bd30_eq_bcast_td3,basis_dim_sweep,"['Trend', 'DB3WaveletV3']",Yearly,1,6,30,10,1,True,0,42,13.742730,3.201028,848.656738,3278230.250000,0.823219,0.733386,1.881328,5141775,62.52,25,False,False,ReLU,EARLY_STOPPED,13.61037064,13.76450825,8.73751450,14,1.011325,False,"[""14.20149994"", ""15.78403759"", ""15.22671318"", ""13.85930252"", ""13.66524982"", ""13.99568653"", ""15.87860012"", ""14.01020241"", ""15.37841129"", ""15.44393063"", ""13.91886711"", ""13.79031372"", ""13.94256210"", ""14.43995953"", ""13.61037064"", ""14.28270340"", ""13.82193851"", ""14.11141396"", ""14.02713299"", ""13.84471607"", ""14.00840473"", ""13.67699146"", ""14.36687469"", ""13.79904461"", ""13.76450825""]",30,0,3
baseline,DB3_bd30_eq_bcast_td3,basis_dim_sweep,"['Trend', 'DB3WaveletV3']",Yearly,1,6,30,10,1,True,1,43,13.502787,3.088717,828.130310,3203753.500000,0.801747,0.714460,1.854137,5141775,56.13,22,False,False,ReLU,EARLY_STOPPED,13.56319332,14.56328106,9.24750805,11,1.073735,False,"[""14.02861404"", ""14.26595783"", ""13.96516132"", ""14.09924889"", ""14.07636452"", ""14.40368176"", ""13.81304646"", ""16.13438797"", ""13.61612797"", ""13.67280293"", ""13.79707623"", ""13.56319332"", ""13.81335831"", ""14.34838581"", ""13.77923107"", ""13.88630581"", ""13.77523136"", ""13.92581749"", ""13.66550922"", ""14.22893715"", ""14.09709644"", ""14.56328106""]",30,0,3
baseline,DB3_bd30_eq_bcast_td3,basis_dim_sweep,"['Trend', 'DB3WaveletV3']",Yearly,1,6,30,10,1,True,2,44,13.491015,3.107079,833.039673,3251885.000000,0.803697,0.717309,1.880945,5141775,45.70,18,False,False,ReLU,EARLY_STOPPED,13.57843113,13.83268356,9.59403038,7,1.018725,False,"[""15.09081650"", ""13.79782867"", ""13.67450237"", ""14.21953773"", ""13.97078800"", ""14.47622299"", ""14.91512775"", ""13.57843113"", ""13.74660492"", ""13.66260147"", ""13.77490234"", ""13.86938000"", ""13.68283272"", ""13.95411396"", ""13.90090084"", ""13.81529617"", ""13.82618237"", ""13.83268356""]",30,0,3
baseline,DB3_bd30_eq_bcast_td5,basis_dim_sweep,"['Trend', 'DB3WaveletV3']",Yearly,1,6,30,10,1,True,0,42,13.514230,3.114497,831.412842,3209334.750000,0.805341,0.719790,1.868987,5144345,58.30,23,False,False,ReLU,EARLY_STOPPED,13.51242256,14.15982628,9.19070911,12,1.047912,False,"[""15.06802845"", ""20.84653664"", ""14.34705067"", ""13.96302128"", ""13.88440514"", ""14.27124977"", ""13.86509514"", ""15.20826626"", ""13.85653687"", ""13.94010735"", ""14.14251328"", ""13.81608677"", ""13.51242256"", ""14.01707458"", ""13.67278385"", ""13.59707737"", ""13.87112617"", ""13.75004768"", ""14.47975540"", ""14.26626396"", ""14.32544708"", ""14.05332756"", ""14.15982628""]",30,0,5
baseline,DB3_bd30_eq_bcast_td5,basis_dim_sweep,"['Trend', 'DB3WaveletV3']",Yearly,1,6,30,10,1,True,1,43,13.340506,3.038150,819.513977,3179775.500000,0.790420,0.708399,1.850028,5144345,48.51,19,False,False,ReLU,EARLY_STOPPED,13.63445759,14.33632183,8.72808361,8,1.051477,False,"[""15.37472820"", ""14.84216690"", ""14.14556789"", ""14.67757034"", ""14.08858967"", ""13.90901756"", ""13.78459263"", ""13.82817650"", ""13.63445759"", ""14.09000969"", ""14.02712059"", ""14.06301212"", ""13.67418480"", ""14.10677624"", ""14.14460564"", ""13.85202980"", ""13.95023632"", ""14.35361862"", ""14.33632183""]",30,0,5
baseline,DB3_bd30_eq_bcast_td5,basis_dim_sweep,"['Trend', 'DB3WaveletV3']",Yearly,1,6,30,10,1,True,2,44,13.890475,3.262725,857.193604,3279404.750000,0.835502,0.741573,1.880327,5144345,51.19,20,False,False,ReLU,EARLY_STOPPED,13.64881229,14.79716587,9.63414955,9,1.084136,False,"[""15.13210297"", ""13.78251362"", ""14.38018894"", ""14.25040245"", ""14.41469383"", ""14.08689308"", ""13.75854111"", ""13.91922665"", ""13.97471046"", ""13.64881229"", ""13.99318218"", ""13.95892429"", ""14.91274548"", ""13.75813770"", ""13.94432640"", ""14.41454315"", ""14.48232746"", ""13.72457790"", ""13.88892078"", ""14.79716587""]",30,0,5
baseline,DB3_bd4_lt_fcast_td3,basis_dim_sweep,"['Trend', 'DB3WaveletV3']",Yearly,1,6,30,10,1,True,0,42,13.572497,3.096262,833.986755,3295275.000000,0.804829,0.720733,1.883368,5070095,33.78,13,False,False,ReLU,EARLY_STOPPED,13.68910885,13.93440533,8.85961628,2,1.017919,False,"[""14.24205589"", ""14.68660831"", ""13.68910885"", ""13.88020611"", ""15.90900040"", ""14.84073544"", ""13.98572922"", ""14.67563629"", ""14.25063992"", ""13.76716042"", ""13.70943165"", ""13.76136780"", ""13.93440533""]",4,0,3
baseline,DB3_bd4_lt_fcast_td3,basis_dim_sweep,"['Trend', 'DB3WaveletV3']",Yearly,1,6,30,10,1,True,1,43,13.593331,3.120259,836.738098,3251545.250000,0.808486,0.718240,1.876428,5070095,67.02,27,False,False,ReLU,EARLY_STOPPED,13.64831543,14.17113686,8.08142757,16,1.038307,False,"[""14.57548618"", ""13.80526257"", ""18.22852516"", ""16.14172363"", ""16.38777924"", ""13.84732914"", ""15.81616402"", ""13.97469521"", ""14.08053684"", ""14.38602066"", ""13.81056404"", ""13.70960331"", ""14.01758862"", ""14.31512260"", ""13.87457752"", ""14.49289417"", ""13.64831543"", ""14.21294880"", ""14.47933292"", ""14.34864807"", ""13.85956478"", ""14.59224892"", ""13.93907070"", ""13.82874489"", ""13.85327625"", ""13.88356018"", ""14.17113686""]",4,0,3
baseline,DB3_bd4_lt_fcast_td3,basis_dim_sweep,"['Trend', 'DB3WaveletV3']",Yearly,1,6,30,10,1,True,2,44,13.579605,3.140619,838.401123,3268630.750000,0.810628,0.722370,1.878893,5070095,53.09,21,False,False,ReLU,EARLY_STOPPED,13.59762955,13.74405003,10.20334911,10,1.010768,False,"[""14.27768707"", ""14.19802189"", ""14.46646309"", ""14.66536236"", ""13.81592655"", ""13.89233017"", ""14.06822395"", ""13.88471508"", ""13.75888062"", ""14.29361534"", ""13.59762955"", ""14.51000404"", ""14.03718185"", ""14.02654743"", ""14.18589497"", ""13.83604050"", ""13.96790791"", ""14.01756287"", ""13.80055046"", ""13.72931004"", ""13.74405003""]",4,0,3
baseline,DB3_bd4_lt_fcast_td5,basis_dim_sweep,"['Trend', 'DB3WaveletV3']",Yearly,1,6,30,10,1,True,0,42,13.618441,3.145960,843.227539,3293238.500000,0.812488,0.717957,1.853984,5072665,50.54,20,False,False,ReLU,EARLY_STOPPED,13.54559898,14.09865189,9.93157959,9,1.040829,False,"[""14.19077015"", ""14.59952068"", ""15.04450703"", ""15.07217121"", ""15.02696896"", ""14.24290752"", ""14.35050583"", ""13.85894966"", ""13.94198513"", ""13.54559898"", ""14.18071747"", ""14.34301662"", ""13.62916279"", ""14.44998932"", ""13.99544716"", ""14.06127834"", ""13.72062778"", ""14.29410362"", ""13.98739433"", ""14.09865189""]",4,0,5
baseline,DB3_bd4_lt_fcast_td5,basis_dim_sweep,"['Trend', 'DB3WaveletV3']",Yearly,1,6,30,10,1,True,1,43,13.622718,3.140170,838.913147,3226558.000000,0.811890,0.719326,1.856802,5072665,64.90,26,False,False,ReLU,EARLY_STOPPED,13.55277729,14.02254391,9.20565605,15,1.034662,False,"[""16.10629272"", ""14.15592766"", ""14.52554321"", ""14.34032154"", ""14.44033813"", ""13.82824230"", ""13.77536106"", ""13.82367802"", ""14.50309277"", ""13.89276314"", ""14.14406681"", ""14.20058155"", ""14.03608990"", ""15.51744938"", ""14.30643654"", ""13.55277729"", ""14.16507053"", ""14.08253002"", ""14.39881229"", ""15.15590382"", ""14.01422119"", ""14.57135582"", ""13.98060226"", ""13.75329208"", ""14.01005268"", ""14.02254391""]",4,0,5
baseline,DB3_bd4_lt_fcast_td5,basis_dim_sweep,"['Trend', 'DB3WaveletV3']",Yearly,1,6,30,10,1,True,2,44,13.710371,3.163889,845.508301,3297825.250000,0.817556,0.720761,1.854465,5072665,46.09,18,False,False,ReLU,EARLY_STOPPED,13.53219128,13.94279766,10.20461082,7,1.030343,False,"[""15.35861588"", ""14.25807381"", ""14.27988625"", ""13.69555569"", ""14.18308830"", ""13.94607449"", ""13.87321758"", ""13.53219128"", ""13.94046783"", ""15.38434601"", ""14.05288696"", ""14.04021835"", ""15.75239372"", ""14.16510963"", ""13.94869804"", ""14.41172791"", ""15.08692360"", ""13.94279766""]",4,0,5
baseline,DB3_bd6_eq_fcast_td3,basis_dim_sweep,"['Trend', 'DB3WaveletV3']",Yearly,1,6,30,10,1,True,0,42,13.703325,3.182173,852.742859,3415680.750000,0.819641,0.727957,1.901522,5080335,43.30,17,False,False,ReLU,EARLY_STOPPED,13.70738316,14.37538719,9.25601768,6,1.048733,False,"[""14.31018353"", ""14.07836533"", ""14.70895290"", ""16.12621117"", ""13.94866562"", ""13.94141674"", ""13.70738316"", ""13.98551369"", ""13.76586723"", ""13.80046463"", ""13.71149731"", ""14.05332851"", ""14.03678226"", ""13.73789310"", ""14.33450508"", ""14.03140736"", ""14.37538719""]",6,0,3
baseline,DB3_bd6_eq_fcast_td3,basis_dim_sweep,"['Trend', 'DB3WaveletV3']",Yearly,1,6,30,10,1,True,1,43,13.403651,3.082971,829.418762,3253546.250000,0.797991,0.710897,1.841178,5080335,40.84,16,False,False,ReLU,EARLY_STOPPED,13.54460430,14.90607357,9.13164425,5,1.100517,False,"[""16.90154839"", ""14.10831547"", ""14.63760471"", ""17.89535332"", ""14.62867355"", ""13.54460430"", ""13.58665371"", ""14.02419567"", ""13.61324310"", ""13.74850178"", ""14.21022129"", ""13.80162621"", ""13.55248356"", ""13.90215206"", ""15.11635780"", ""14.90607357""]",6,0,3
baseline,DB3_bd6_eq_fcast_td3,basis_dim_sweep,"['Trend', 'DB3WaveletV3']",Yearly,1,6,30,10,1,True,2,44,13.728859,3.206489,851.047180,3246574.250000,0.823482,0.726044,1.851366,5080335,57.85,23,False,False,ReLU,EARLY_STOPPED,13.60883522,13.94560337,9.20149803,12,1.024746,False,"[""15.86403656"", ""14.28226757"", ""13.75134373"", ""14.08677864"", ""13.82331276"", ""14.03972435"", ""13.72883987"", ""14.44008827"", ""14.01907444"", ""14.19189358"", ""13.62951469"", ""13.76603127"", ""13.60883522"", ""13.69673824"", ""14.05225277"", ""13.98459816"", ""14.12264252"", ""14.09582615"", ""14.35057449"", ""14.17539024"", ""14.27420807"", ""14.13371181"", ""13.94560337""]",6,0,3
baseline,DB3_bd6_eq_fcast_td5,basis_dim_sweep,"['Trend', 'DB3WaveletV3']",Yearly,1,6,30,10,1,True,0,42,13.637190,3.135748,841.753113,3303411.000000,0.811777,0.726104,1.876804,5082905,53.29,21,False,False,ReLU,EARLY_STOPPED,13.59512997,14.91949749,9.36300945,10,1.097415,False,"[""21.47084427"", ""16.41885948"", ""14.09226799"", ""14.13134480"", ""14.12879658"", ""13.65770912"", ""14.10554123"", ""13.77966213"", ""13.59825706"", ""13.88509369"", ""13.59512997"", ""14.66589260"", ""13.86884403"", ""13.93745899"", ""13.97483730"", ""13.88506222"", ""13.89031124"", ""13.86265182"", ""14.34341145"", ""13.96962261"", ""14.91949749""]",6,0,5
baseline,DB3_bd6_eq_fcast_td5,basis_dim_sweep,"['Trend', 'DB3WaveletV3']",Yearly,1,6,30,10,1,True,1,43,13.631247,3.128951,842.687134,3350066.750000,0.810740,0.724508,1.875186,5082905,49.43,19,False,False,ReLU,EARLY_STOPPED,13.54534340,13.73455334,10.05348015,8,1.013969,False,"[""14.43295288"", ""14.17105961"", ""14.45061970"", ""15.97019005"", ""14.22366142"", ""14.82254124"", ""13.76589775"", ""14.41438866"", ""13.54534340"", ""13.69303417"", ""14.14140224"", ""16.00779533"", ""14.81144714"", ""14.04681206"", ""13.73887920"", ""14.22535896"", ""13.82445526"", ""13.79596233"", ""13.73455334""]",6,0,5
baseline,DB3_bd6_eq_fcast_td5,basis_dim_sweep,"['Trend', 'DB3WaveletV3']",Yearly,1,6,30,10,1,True,2,44,13.769155,3.202807,841.270081,3193438.500000,0.824251,0.749105,1.973156,5082905,63.30,25,False,False,ReLU,EARLY_STOPPED,13.58777142,15.01983166,8.83740902,14,1.105393,False,"[""15.67388821"", ""14.00185013"", ""14.33452129"", ""14.15206814"", ""14.07661247"", ""14.84689236"", ""13.89886856"", ""14.34658718"", ""13.91865063"", ""14.12420940"", ""13.74131203"", ""13.60394001"", ""14.09623528"", ""13.84224606"", ""13.58777142"", ""14.42681789"", ""13.78547573"", ""13.81333160"", ""13.62477016"", ""13.61328983"", ""13.88906384"", ""14.02880192"", ""13.78131390"", ""13.99190521"", ""15.01983166""]",6,0,5
baseline,Haar_bd15_lt_bcast_td3,basis_dim_sweep,"['Trend', 'HaarWaveletV3']",Yearly,1,6,30,10,1,True,0,42,13.429449,3.070914,824.715820,3180761.750000,0.797263,0.711400,1.848575,5103375,49.37,19,False,False,ReLU,EARLY_STOPPED,13.50477028,14.06679630,8.81501389,8,1.041617,False,"[""16.03596115"", ""14.73299313"", ""15.23163319"", ""14.61968327"", ""14.41766548"", ""13.83350563"", ""14.02191544"", ""13.83912754"", ""13.50477028"", ""13.52852440"", ""14.03367138"", ""13.98470116"", ""14.11012936"", ""13.69986820"", ""13.90452957"", ""13.89064503"", ""13.91447830"", ""13.68776798"", ""14.06679630""]",15,0,3
baseline,Haar_bd15_lt_bcast_td3,basis_dim_sweep,"['Trend', 'HaarWaveletV3']",Yearly,1,6,30,10,1,True,1,43,13.624793,3.134067,837.239746,3220811.250000,0.811186,0.721919,1.874061,5103375,70.30,28,False,False,ReLU,EARLY_STOPPED,13.64715385,13.94017220,8.57117653,17,1.021471,False,"[""22.31255341"", ""15.58362389"", ""14.38953495"", ""15.27004719"", ""13.79708672"", ""14.49687481"", ""14.68367386"", ""13.77721500"", ""13.79357624"", ""14.03763580"", ""14.05303383"", ""13.92269421"", ""15.25007248"", ""13.98252010"", ""13.66706562"", ""14.43462658"", ""14.62219048"", ""13.64715385"", ""13.80837345"", ""13.94865322"", ""14.30013275"", ""14.04645252"", ""14.19791698"", ""14.26386929"", ""13.99088287"", ""14.63024044"", ""14.42629242"", ""13.94017220""]",15,0,3
baseline,Haar_bd15_lt_bcast_td3,basis_dim_sweep,"['Trend', 'HaarWaveletV3']",Yearly,1,6,30,10,1,True,2,44,13.495898,3.112374,832.870850,3222908.500000,0.804513,0.721425,1.872338,5103375,50.72,20,False,False,ReLU,EARLY_STOPPED,13.69204235,13.74484348,9.30426502,9,1.003856,False,"[""15.94401455"", ""14.18141460"", ""17.06002617"", ""14.38416576"", ""13.84125710"", ""14.56893635"", ""13.92185497"", ""14.28097916"", ""15.21129036"", ""13.69204235"", ""16.07165337"", ""14.10779190"", ""13.76561546"", ""13.75101471"", ""15.43358421"", ""14.12639713"", ""13.76325989"", ""14.18560600"", ""13.87647820"", ""13.74484348""]",15,0,3
baseline,Haar_bd15_lt_bcast_td5,basis_dim_sweep,"['Trend', 'HaarWaveletV3']",Yearly,1,6,30,10,1,True,0,42,13.539078,3.088472,828.523621,3169082.000000,0.802827,0.717599,1.876613,5105945,68.00,27,False,False,ReLU,EARLY_STOPPED,13.64355278,14.12002754,8.81115627,16,1.034923,False,"[""15.06332874"", ""14.15991020"", ""13.87117767"", ""14.03933430"", ""14.18747711"", ""13.88322258"", ""13.83448601"", ""16.07342720"", ""14.66718388"", ""14.23137951"", ""13.96434212"", ""13.77612877"", ""14.18467808"", ""14.00628281"", ""14.22121048"", ""13.99903679"", ""13.64355278"", ""14.04362679"", ""14.31660175"", ""14.50381279"", ""14.96327209"", ""13.93289661"", ""14.20430851"", ""14.12997723"", ""14.24867249"", ""13.87842655"", ""14.12002754""]",15,0,5
baseline,Haar_bd15_lt_bcast_td5,basis_dim_sweep,"['Trend', 'HaarWaveletV3']",Yearly,1,6,30,10,1,True,1,43,13.675922,3.167964,854.389221,3400127.250000,0.817015,0.724050,1.845559,5105945,51.36,20,False,False,ReLU,EARLY_STOPPED,13.53539085,13.90583992,9.37299728,9,1.027369,False,"[""14.58828163"", ""15.69425964"", ""14.43045521"", ""14.06669807"", ""14.46210766"", ""13.96677208"", ""13.84778118"", ""13.93507195"", ""14.82575798"", ""13.53539085"", ""13.67228794"", ""15.95584774"", ""14.63954735"", ""13.74177551"", ""14.60583973"", ""13.80382442"", ""13.93118095"", ""14.01696873"", ""14.09002399"", ""13.90583992""]",15,0,5
baseline,Haar_bd15_lt_bcast_td5,basis_dim_sweep,"['Trend', 'HaarWaveletV3']",Yearly,1,6,30,10,1,True,2,44,13.869736,3.260317,862.615417,3309916.500000,0.834565,0.733870,1.885362,5105945,75.52,30,False,False,ReLU,EARLY_STOPPED,13.52390194,14.05910015,8.66955948,19,1.039574,False,"[""14.42366600"", ""14.59257698"", ""14.13313198"", ""14.61444473"", ""14.72369671"", ""14.08900547"", ""14.27858925"", ""14.63935184"", ""13.61759949"", ""14.84523869"", ""13.60877705"", ""14.21706676"", ""13.55804443"", ""13.67006779"", ""13.83218861"", ""14.17878819"", ""13.82282925"", ""14.13336849"", ""14.12455177"", ""13.52390194"", ""14.42844582"", ""14.00008869"", ""14.59112263"", ""14.48331261"", ""14.19327450"", ""13.88484478"", ""13.84435558"", ""14.34551907"", ""13.71836662"", ""14.05910015""]",15,0,5
baseline,Haar_bd30_eq_bcast_td3,basis_dim_sweep,"['Trend', 'HaarWaveletV3']",Yearly,1,6,30,10,1,True,0,42,13.393762,3.069278,824.113831,3178056.250000,0.795965,0.709704,1.852559,5141775,55.78,22,False,False,ReLU,EARLY_STOPPED,13.60302353,13.85309792,8.58265114,11,1.018384,False,"[""21.26063538"", ""14.19670963"", ""13.94903946"", ""14.03830528"", ""13.67136097"", ""13.63068199"", ""13.90085506"", ""14.31070518"", ""13.79724503"", ""15.84129238"", ""14.41012096"", ""13.60302353"", ""14.78244972"", ""13.76735687"", ""13.68034935"", ""13.66915512"", ""13.88654041"", ""13.79547119"", ""13.72430325"", ""13.74479198"", ""14.09838486"", ""13.85309792""]",30,0,3
baseline,Haar_bd30_eq_bcast_td3,basis_dim_sweep,"['Trend', 'HaarWaveletV3']",Yearly,1,6,30,10,1,True,1,43,13.719479,3.159079,842.854858,3230117.250000,0.817230,0.725988,1.868854,5141775,65.67,26,False,False,ReLU,EARLY_STOPPED,13.63888550,14.20434666,8.98114204,15,1.041459,False,"[""14.25085735"", ""14.02688408"", ""19.70188904"", ""15.05260181"", ""14.29134083"", ""14.23603249"", ""15.27884674"", ""14.63787365"", ""13.90449047"", ""13.72356224"", ""13.72776127"", ""14.05879784"", ""13.78489685"", ""13.74338627"", ""14.64319038"", ""13.63888550"", ""14.24493313"", ""14.50106525"", ""14.14312458"", ""13.94055176"", ""13.69277191"", ""13.76715183"", ""13.83410072"", ""13.86698627"", ""14.01502895"", ""14.20434666""]",30,0,3
baseline,Haar_bd30_eq_bcast_td3,basis_dim_sweep,"['Trend', 'HaarWaveletV3']",Yearly,1,6,30,10,1,True,2,44,13.599289,3.118683,837.235107,3266333.750000,0.808470,0.726677,1.901305,5141775,47.36,19,False,False,ReLU,EARLY_STOPPED,13.59879112,13.94361115,8.70009995,8,1.025357,False,"[""21.33117485"", ""13.74604225"", ""16.86513519"", ""13.90981674"", ""13.66838455"", ""13.94324493"", ""13.79219532"", ""13.71685219"", ""13.59879112"", ""13.77586651"", ""13.76575661"", ""14.09168053"", ""14.21330166"", ""13.68260574"", ""13.61487103"", ""13.69642162"", ""13.99869156"", ""13.86424637"", ""13.94361115""]",30,0,3
baseline,Haar_bd30_eq_bcast_td5,basis_dim_sweep,"['Trend', 'HaarWaveletV3']",Yearly,1,6,30,10,1,True,0,42,13.523369,3.077494,827.387939,3185258.500000,0.800965,0.717350,1.844838,5144345,62.72,25,False,False,ReLU,EARLY_STOPPED,13.53138733,13.91169739,8.92124557,14,1.028106,False,"[""14.73904228"", ""16.10233498"", ""13.79227543"", ""14.65558434"", ""14.17050266"", ""14.05113029"", ""13.75576401"", ""14.24771881"", ""14.46173382"", ""15.85677338"", ""13.68151093"", ""14.51222992"", ""14.09879589"", ""13.99832344"", ""13.53138733"", ""13.77379894"", ""14.46007347"", ""13.67851067"", ""15.10766888"", ""13.94190788"", ""13.82538605"", ""13.83733940"", ""13.73803234"", ""13.78812218"", ""13.91169739""]",30,0,5
baseline,Haar_bd30_eq_bcast_td5,basis_dim_sweep,"['Trend', 'HaarWaveletV3']",Yearly,1,6,30,10,1,True,1,43,13.545055,3.093248,825.159241,3167778.500000,0.803610,0.723012,1.900499,5144345,54.52,22,False,False,ReLU,EARLY_STOPPED,13.61172962,13.93295002,9.00728226,11,1.023599,False,"[""15.60749626"", ""13.89744186"", ""14.51664829"", ""14.52739716"", ""15.18212605"", ""14.92870808"", ""16.72136879"", ""13.91346836"", ""13.88331413"", ""15.20594883"", ""14.08118916"", ""13.61172962"", ""14.26809692"", ""14.27276993"", ""13.65108013"", ""13.74757481"", ""13.88057232"", ""14.28429317"", ""13.95189381"", ""13.70684242"", ""13.64707088"", ""13.93295002""]",30,0,5
baseline,Haar_bd30_eq_bcast_td5,basis_dim_sweep,"['Trend', 'HaarWaveletV3']",Yearly,1,6,30,10,1,True,2,44,13.458183,3.067267,821.206726,3126271.000000,0.797684,0.714265,1.874367,5144345,64.49,26,False,False,ReLU,EARLY_STOPPED,13.62032986,13.85057354,9.60310745,15,1.016904,False,"[""14.80055332"", ""14.62085152"", ""13.95845795"", ""14.04981136"", ""13.64182377"", ""13.93877697"", ""13.98562241"", ""13.89867020"", ""13.86717415"", ""13.71774864"", ""15.59214687"", ""13.63771725"", ""14.05976105"", ""13.77065468"", ""13.71042633"", ""13.62032986"", ""14.79970932"", ""13.85656929"", ""15.65929317"", ""13.98092556"", ""13.83001900"", ""13.69050312"", ""14.05559826"", ""14.42629242"", ""14.08398819"", ""13.85057354""]",30,0,5
baseline,Haar_bd4_lt_fcast_td3,basis_dim_sweep,"['Trend', 'HaarWaveletV3']",Yearly,1,6,30,10,1,True,0,42,13.809684,3.225214,853.998352,3322941.250000,0.828311,0.744570,1.928399,5070095,53.52,21,False,False,ReLU,EARLY_STOPPED,13.64922523,13.78238487,9.74980450,10,1.009756,False,"[""14.36879349"", ""13.89453030"", ""15.36081123"", ""15.82928276"", ""14.22376347"", ""13.72956276"", ""13.92368221"", ""13.69789982"", ""13.67774296"", ""13.87028694"", ""13.64922523"", ""13.65867138"", ""13.75020695"", ""14.53821468"", ""13.78790188"", ""13.91204739"", ""13.99536419"", ""13.80716038"", ""14.22276783"", ""14.02760601"", ""13.78238487""]",4,0,3
baseline,Haar_bd4_lt_fcast_td3,basis_dim_sweep,"['Trend', 'HaarWaveletV3']",Yearly,1,6,30,10,1,True,1,43,13.709723,3.175294,840.832397,3205790.750000,0.818971,0.726699,1.858919,5070095,55.24,22,False,False,ReLU,EARLY_STOPPED,13.71876526,13.79703712,8.52413750,11,1.005705,False,"[""14.39966011"", ""14.07966709"", ""14.18137264"", ""13.93803692"", ""14.61448765"", ""13.89926243"", ""13.96198940"", ""14.19747734"", ""13.90952492"", ""13.80242825"", ""14.66475391"", ""13.71876526"", ""13.95346355"", ""14.12531281"", ""13.97359943"", ""14.38040257"", ""13.89227581"", ""14.25857449"", ""13.78209496"", ""13.86184120"", ""14.06277084"", ""13.79703712""]",4,0,3
baseline,Haar_bd4_lt_fcast_td3,basis_dim_sweep,"['Trend', 'HaarWaveletV3']",Yearly,1,6,30,10,1,True,2,44,14.320935,3.459313,902.007019,3563420.250000,0.873407,0.768550,1.949380,5070095,62.75,25,False,False,ReLU,EARLY_STOPPED,13.63457489,14.87335873,9.09470844,14,1.090856,False,"[""15.34359360"", ""14.34172440"", ""14.62244701"", ""13.77107048"", ""14.53321075"", ""17.37654305"", ""14.45518208"", ""13.78356934"", ""13.72923088"", ""14.14895153"", ""13.90721512"", ""13.88331699"", ""13.64321232"", ""14.00035572"", ""13.63457489"", ""14.09157753"", ""13.86553669"", ""14.12400150"", ""13.93060780"", ""13.79447174"", ""14.05127144"", ""14.17099476"", ""14.00587082"", ""13.99374485"", ""14.87335873""]",4,0,3
baseline,Haar_bd4_lt_fcast_td5,basis_dim_sweep,"['Trend', 'HaarWaveletV3']",Yearly,1,6,30,10,1,True,0,42,13.543235,3.110846,832.166016,3233896.500000,0.805769,0.717363,1.846579,5072665,50.51,20,False,False,ReLU,EARLY_STOPPED,13.62751389,13.70067215,9.78871632,9,1.005368,False,"[""14.69491863"", ""13.93999958"", ""14.05411720"", ""15.11786366"", ""14.04514313"", ""13.77664948"", ""13.90956116"", ""13.76844597"", ""14.08691978"", ""13.62751389"", ""14.15349483"", ""13.70739269"", ""13.76325130"", ""13.84103107"", ""14.12539291"", ""13.82087612"", ""14.70046043"", ""14.54238415"", ""13.67955589"", ""13.70067215""]",4,0,5
baseline,Haar_bd4_lt_fcast_td5,basis_dim_sweep,"['Trend', 'HaarWaveletV3']",Yearly,1,6,30,10,1,True,1,43,13.650079,3.165217,842.705139,3287413.750000,0.815879,0.725462,1.890739,5072665,50.66,20,False,False,ReLU,EARLY_STOPPED,13.67209911,14.15702152,9.64064217,9,1.035468,False,"[""14.71159935"", ""14.40595150"", ""14.07835770"", ""13.86243057"", ""14.03004932"", ""15.60189438"", ""13.67288303"", ""13.86845112"", ""14.06928444"", ""13.67209911"", ""16.10180664"", ""13.76307774"", ""13.93790340"", ""14.84892941"", ""14.15720367"", ""13.78277588"", ""13.83066940"", ""14.74829769"", ""14.13169289"", ""14.15702152""]",4,0,5
baseline,Haar_bd4_lt_fcast_td5,basis_dim_sweep,"['Trend', 'HaarWaveletV3']",Yearly,1,6,30,10,1,True,2,44,13.384151,3.047026,824.208374,3226850.750000,0.792872,0.708334,1.840407,5072665,61.10,24,False,False,ReLU,EARLY_STOPPED,13.54892635,13.88039398,8.94368172,13,1.024464,False,"[""14.19633865"", ""14.60036659"", ""14.07921600"", ""14.43660450"", ""14.17590904"", ""13.74053955"", ""13.69369125"", ""14.05026627"", ""15.39981079"", ""13.83437061"", ""13.82977581"", ""13.92018795"", ""13.87933064"", ""13.54892635"", ""13.74283314"", ""13.79777813"", ""13.77086163"", ""15.13776588"", ""15.52886391"", ""13.63241005"", ""13.84111786"", ""14.45999908"", ""13.77432442"", ""13.88039398""]",4,0,5
baseline,Haar_bd6_eq_fcast_td3,basis_dim_sweep,"['Trend', 'HaarWaveletV3']",Yearly,1,6,30,10,1,True,0,42,13.967462,3.279210,865.743103,3406341.250000,0.839932,0.750843,1.949752,5080335,45.29,17,False,False,ReLU,EARLY_STOPPED,13.65512753,13.76264381,9.20238113,6,1.007874,False,"[""15.86916542"", ""13.85425282"", ""14.49224567"", ""14.15822792"", ""14.84420109"", ""13.75666714"", ""13.65512753"", ""13.77388287"", ""14.94898796"", ""14.26674557"", ""14.18425655"", ""13.87347698"", ""14.75444317"", ""13.85276604"", ""14.46946430"", ""14.00145531"", ""13.76264381""]",6,0,3
baseline,Haar_bd6_eq_fcast_td3,basis_dim_sweep,"['Trend', 'HaarWaveletV3']",Yearly,1,6,30,10,1,True,1,43,13.671873,3.158578,840.463074,3251980.750000,0.815710,0.727184,1.870103,5080335,51.95,22,False,False,ReLU,EARLY_STOPPED,13.63900852,13.94554329,9.47392941,11,1.022475,False,"[""15.89929485"", ""13.85406399"", ""15.41826630"", ""14.12152958"", ""13.80575371"", ""14.37609005"", ""14.37924004"", ""13.97027683"", ""13.76163960"", ""13.82260704"", ""13.65094566"", ""13.63900852"", ""13.82550526"", ""13.71665668"", ""14.18361187"", ""14.25482750"", ""14.19142914"", ""13.66288280"", ""13.88280392"", ""14.01240444"", ""14.08671379"", ""13.94554329""]",6,0,3
baseline,Haar_bd6_eq_fcast_td3,basis_dim_sweep,"['Trend', 'HaarWaveletV3']",Yearly,1,6,30,10,1,True,2,44,13.439265,3.059509,826.745789,3194536.250000,0.796129,0.711479,1.855829,5080335,71.36,31,False,False,ReLU,EARLY_STOPPED,13.53085899,14.03757095,8.56964684,20,1.037449,False,"[""14.22319984"", ""14.03148746"", ""15.06845379"", ""14.97570133"", ""14.14404202"", ""14.07094288"", ""14.44914436"", ""14.04394436"", ""15.86056232"", ""13.62537479"", ""13.98409081"", ""13.75058174"", ""14.11532211"", ""14.27633572"", ""14.08472538"", ""13.95268631"", ""13.59637642"", ""13.75648499"", ""13.58079052"", ""14.06660557"", ""13.53085899"", ""13.73180008"", ""13.91638851"", ""14.25215626"", ""13.66637135"", ""13.67269039"", ""13.93807888"", ""14.01574993"", ""13.70713902"", ""13.99959087"", ""14.03757095""]",6,0,3
baseline,Haar_bd6_eq_fcast_td5,basis_dim_sweep,"['Trend', 'HaarWaveletV3']",Yearly,1,6,30,10,1,True,0,42,14.057734,3.281549,865.114197,3344945.000000,0.842988,0.750630,1.961915,5082905,99.86,39,False,False,ReLU,EARLY_STOPPED,13.66723633,14.36151314,8.06576347,28,1.050799,False,"[""14.73388481"", ""15.06134510"", ""15.11932087"", ""14.49092960"", ""14.31360340"", ""13.85648918"", ""17.41420364"", ""13.74853802"", ""13.75856400"", ""13.86954212"", ""14.88084793"", ""14.39665985"", ""14.61376667"", ""13.71299839"", ""13.96593475"", ""13.82229900"", ""14.09127426"", ""14.20904446"", ""13.75910282"", ""13.71072006"", ""14.05596733"", ""14.25910187"", ""13.81552887"", ""13.79936123"", ""13.75994968"", ""13.95857430"", ""13.74400711"", ""14.48689842"", ""13.66723633"", ""13.81225109"", ""14.00701809"", ""13.88373089"", ""13.97111511"", ""13.96464634"", ""14.07612228"", ""14.37076855"", ""14.27392006"", ""14.09838295"", ""14.36151314""]",6,0,5
baseline,Haar_bd6_eq_fcast_td5,basis_dim_sweep,"['Trend', 'HaarWaveletV3']",Yearly,1,6,30,10,1,True,1,43,13.461235,3.076562,828.597778,3200207.500000,0.798946,0.714167,1.862890,5082905,70.17,28,False,False,ReLU,EARLY_STOPPED,13.58414268,14.02567291,8.99923897,17,1.032503,False,"[""14.68040180"", ""14.08442020"", ""13.88981247"", ""14.30302048"", ""14.09986782"", ""14.26810837"", ""14.11362648"", ""13.69452190"", ""13.91213322"", ""14.22173882"", ""13.82346725"", ""14.05230045"", ""13.84011459"", ""13.80837345"", ""13.75699997"", ""14.24728394"", ""14.13455677"", ""13.58414268"", ""13.68243504"", ""13.70320606"", ""13.78627014"", ""13.81558990"", ""13.74042892"", ""14.13634491"", ""14.10354042"", ""13.79999065"", ""13.81691074"", ""14.02567291""]",6,0,5
baseline,Haar_bd6_eq_fcast_td5,basis_dim_sweep,"['Trend', 'HaarWaveletV3']",Yearly,1,6,30,10,1,True,2,44,13.399334,3.056961,829.431641,3297660.500000,0.794586,0.707804,1.838577,5082905,39.49,15,False,False,ReLU,EARLY_STOPPED,13.55860424,13.67691708,10.24004078,4,1.008726,False,"[""14.90631390"", ""15.26142025"", ""14.24449062"", ""14.11870480"", ""13.55860424"", ""14.22099686"", ""15.64316750"", ""14.05992699"", ""16.77592850"", ""13.71726513"", ""13.84872055"", ""14.44821358"", ""13.86892414"", ""13.71190357"", ""13.67691708""]",6,0,5
