experiment,config_name,category,stack_types,period,frequency,forecast_length,backcast_length,n_stacks,n_blocks_per_stack,share_weights,run,seed,smape,mase,mae,mse,owa,norm_mae,norm_mse,n_params,training_time_seconds,epochs_trained,active_g,sum_losses,activation,stopping_reason,best_val_loss,final_val_loss,final_train_loss,best_epoch,loss_ratio,diverged,val_loss_curve,search_round,architecture,skip_distance_cfg,skip_alpha_cfg
resnet_skip_study_weather_r1,GAELG10_no_skip,genAELG_baseline,['GenericAELG'],Weather-96,144,96,480,10,1,True,0,42,38.464485,0.081936,0.217503,0.117494,nan,0.033359,0.003865,5581120,74.76,10,False,False,ReLU,MAX_EPOCHS,59.57298279,60.05768585,56.58608246,8,1.008136,False,"[""122.07391357"", ""81.15039825"", ""71.67241669"", ""66.84382629"", ""65.18874359"", ""62.88325882"", ""62.41969299"", ""61.26507568"", ""59.57298279"", ""60.05768585""]",1,GenericAELG,0,none
resnet_skip_study_weather_r1,GAELG10_no_skip,genAELG_baseline,['GenericAELG'],Weather-96,144,96,480,10,1,True,1,43,39.342339,0.076263,0.221124,0.113828,nan,0.032029,0.003479,5581120,72.45,10,False,False,ReLU,MAX_EPOCHS,60.27775574,60.27775574,55.90903091,9,1.000000,False,"[""127.84281921"", ""84.43669891"", ""73.54370117"", ""68.11898804"", ""65.66956329"", ""64.00035858"", ""61.95661545"", ""61.00321579"", ""60.83694839"", ""60.27775574""]",1,GenericAELG,0,none
resnet_skip_study_weather_r1,GAELG10_no_skip,genAELG_baseline,['GenericAELG'],Weather-96,144,96,480,10,1,True,2,44,41.014099,0.082583,0.232437,0.139991,nan,0.034847,0.004404,5581120,72.16,10,False,False,ReLU,MAX_EPOCHS,59.57838440,59.57838440,57.84024429,9,1.000000,False,"[""126.36660004"", ""83.01736450"", ""74.09130096"", ""68.30910492"", ""64.80541992"", ""63.67315674"", ""62.37785339"", ""61.34635925"", ""60.02904892"", ""59.57838440""]",1,GenericAELG,0,none
resnet_skip_study_weather_r1,GAELG20_no_skip,genAELG_baseline,['GenericAELG'],Weather-96,144,96,480,20,1,True,0,42,39.791924,0.111510,0.230184,0.126303,nan,0.040334,0.005351,11162240,77.48,10,False,False,ReLU,MAX_EPOCHS,59.75387192,59.75387192,56.26510239,9,1.000000,False,"[""108.31806946"", ""80.44324493"", ""73.46031189"", ""68.03973389"", ""64.29150391"", ""63.49286270"", ""62.95048141"", ""61.76884842"", ""61.10551453"", ""59.75387192""]",1,GenericAELG,0,none
resnet_skip_study_weather_r1,GAELG20_no_skip,genAELG_baseline,['GenericAELG'],Weather-96,144,96,480,20,1,True,1,43,43.679474,0.096746,0.232701,0.128821,nan,0.038505,0.005184,11162240,77.87,10,False,False,ReLU,MAX_EPOCHS,59.25393677,59.25393677,56.38108063,9,1.000000,False,"[""106.77589417"", ""81.69330597"", ""72.43157196"", ""69.12712097"", ""64.77443695"", ""63.55437088"", ""61.49690628"", ""62.79692841"", ""60.14363861"", ""59.25393677""]",1,GenericAELG,0,none
resnet_skip_study_weather_r1,GAELG20_no_skip,genAELG_baseline,['GenericAELG'],Weather-96,144,96,480,20,1,True,2,44,50.588478,0.113558,0.287147,0.173240,nan,0.046055,0.007403,11162240,77.92,10,False,False,ReLU,MAX_EPOCHS,59.01707458,59.01707458,55.61009216,9,1.000000,False,"[""109.27436066"", ""82.06460571"", ""74.89287567"", ""68.54323578"", ""65.02236938"", ""63.08631897"", ""62.20263290"", ""60.40802002"", ""59.10102081"", ""59.01707458""]",1,GenericAELG,0,none
resnet_skip_study_weather_r1,GAELG30_no_skip,genAELG_baseline,['GenericAELG'],Weather-96,144,96,480,30,1,True,0,42,45.708866,0.085851,0.226779,0.116168,nan,0.034580,0.004080,16743360,84.39,10,False,False,ReLU,MAX_EPOCHS,59.75806046,59.75806046,55.60268021,9,1.000000,False,"[""102.43662262"", ""82.80613708"", ""76.06531525"", ""69.35183716"", ""65.78879547"", ""63.99964523"", ""61.47246552"", ""60.48195267"", ""60.15055847"", ""59.75806046""]",1,GenericAELG,0,none
resnet_skip_study_weather_r1,GAELG30_no_skip,genAELG_baseline,['GenericAELG'],Weather-96,144,96,480,30,1,True,1,43,45.766537,0.108250,0.240029,0.133037,nan,0.041296,0.005798,16743360,84.09,10,False,False,ReLU,MAX_EPOCHS,59.79985046,60.97446823,55.51939011,8,1.019642,False,"[""100.17282867"", ""83.21192169"", ""74.12720490"", ""69.64265442"", ""65.64507294"", ""62.33147812"", ""61.44526672"", ""60.56845093"", ""59.79985046"", ""60.97446823""]",1,GenericAELG,0,none
resnet_skip_study_weather_r1,GAELG30_no_skip,genAELG_baseline,['GenericAELG'],Weather-96,144,96,480,30,1,True,2,44,41.940094,0.092025,0.211950,0.112920,nan,0.035654,0.004603,16743360,84.44,10,False,False,ReLU,MAX_EPOCHS,59.48854065,59.78854752,57.56347275,8,1.005043,False,"[""102.72449493"", ""83.16850281"", ""76.90264130"", ""70.38193512"", ""65.86457825"", ""63.63022995"", ""61.67563248"", ""61.11203384"", ""59.48854065"", ""59.78854752""]",1,GenericAELG,0,none
resnet_skip_study_weather_r1,GAELG10_skip5_learn,genAELG_control,['GenericAELG'],Weather-96,144,96,480,10,1,True,0,42,39.943817,0.082304,0.213186,0.112249,nan,0.033615,0.004026,5581121,73.68,10,False,False,ReLU,MAX_EPOCHS,59.27481842,59.27481842,56.17963028,9,1.000000,False,"[""125.68650055"", ""83.35187531"", ""72.28842926"", ""66.96369934"", ""65.31185150"", ""62.33883667"", ""61.94631577"", ""61.10614014"", ""60.07587433"", ""59.27481842""]",1,GenericAELG,5,learnable
resnet_skip_study_weather_r1,GAELG10_skip5_learn,genAELG_control,['GenericAELG'],Weather-96,144,96,480,10,1,True,1,43,45.338173,0.092434,0.248616,0.144160,nan,0.039628,0.005685,5581121,74.52,10,False,False,ReLU,MAX_EPOCHS,58.62440491,58.62440491,55.64301682,9,1.000000,False,"[""128.33158875"", ""85.21269226"", ""72.99755859"", ""67.95092773"", ""64.49057007"", ""61.97002029"", ""61.14555740"", ""60.06740189"", ""59.33617783"", ""58.62440491""]",1,GenericAELG,5,learnable
resnet_skip_study_weather_r1,GAELG10_skip5_learn,genAELG_control,['GenericAELG'],Weather-96,144,96,480,10,1,True,2,44,40.730568,0.082564,0.227901,0.138674,nan,0.034011,0.004259,5581121,74.41,10,False,False,ReLU,MAX_EPOCHS,60.30665588,60.30665588,57.36402130,9,1.000000,False,"[""129.43830872"", ""83.44929504"", ""73.36475372"", ""68.25124359"", ""66.07343292"", ""63.99325562"", ""64.18514252"", ""61.11859131"", ""61.92789841"", ""60.30665588""]",1,GenericAELG,5,learnable
resnet_skip_study_weather_r1,GAELG20_skip5_a01,genAELG_depth_x_skip,['GenericAELG'],Weather-96,144,96,480,20,1,True,0,42,47.282799,0.108970,0.246346,0.138852,nan,0.043209,0.006733,11162240,81.06,10,False,False,ReLU,MAX_EPOCHS,59.45051193,59.45051193,57.07779694,9,1.000000,False,"[""98.92553711"", ""79.26224518"", ""72.61449432"", ""67.95898438"", ""64.47049713"", ""62.20816422"", ""61.71611023"", ""60.11935425"", ""61.59982681"", ""59.45051193""]",1,GenericAELG,5,0.1
resnet_skip_study_weather_r1,GAELG20_skip5_a01,genAELG_depth_x_skip,['GenericAELG'],Weather-96,144,96,480,20,1,True,1,43,43.434673,0.107345,0.254509,0.148820,nan,0.043468,0.006411,11162240,79.62,10,False,False,ReLU,MAX_EPOCHS,58.59484100,58.59484100,56.03333664,9,1.000000,False,"[""102.59829712"", ""80.58847809"", ""72.77553558"", ""67.77571869"", ""65.85732269"", ""62.63104630"", ""62.08561707"", ""60.10425568"", ""62.92599869"", ""58.59484100""]",1,GenericAELG,5,0.1
resnet_skip_study_weather_r1,GAELG20_skip5_a01,genAELG_depth_x_skip,['GenericAELG'],Weather-96,144,96,480,20,1,True,2,44,48.532944,0.102831,0.245129,0.129625,nan,0.039759,0.004991,11162240,81.19,10,False,False,ReLU,MAX_EPOCHS,60.35660934,60.35660934,57.34849548,9,1.000000,False,"[""100.99167633"", ""78.97773743"", ""72.69342804"", ""68.68614197"", ""65.07717133"", ""62.78095245"", ""60.45267105"", ""60.60347748"", ""60.47177887"", ""60.35660934""]",1,GenericAELG,5,0.1
resnet_skip_study_weather_r1,GAELG20_skip5_learn,genAELG_depth_x_skip,['GenericAELG'],Weather-96,144,96,480,20,1,True,0,42,41.459957,0.091695,0.228277,0.117068,nan,0.035822,0.004276,11162241,80.90,10,False,False,ReLU,MAX_EPOCHS,59.63248062,59.64090347,57.15080643,8,1.000141,False,"[""108.31813812"", ""79.88477325"", ""73.21186829"", ""68.05310059"", ""65.08914948"", ""62.30680847"", ""60.50520706"", ""59.73008728"", ""59.63248062"", ""59.64090347""]",1,GenericAELG,5,learnable
resnet_skip_study_weather_r1,GAELG20_skip5_learn,genAELG_depth_x_skip,['GenericAELG'],Weather-96,144,96,480,20,1,True,1,43,41.230286,0.093052,0.230433,0.124851,nan,0.036751,0.004445,11162241,82.47,10,False,False,ReLU,MAX_EPOCHS,58.51760101,58.51760101,55.54475021,9,1.000000,False,"[""111.05274963"", ""80.71808624"", ""72.33781433"", ""69.00783539"", ""64.66720581"", ""63.36936951"", ""61.32714081"", ""60.75006104"", ""58.78997040"", ""58.51760101""]",1,GenericAELG,5,learnable
resnet_skip_study_weather_r1,GAELG20_skip5_learn,genAELG_depth_x_skip,['GenericAELG'],Weather-96,144,96,480,20,1,True,2,44,48.560421,0.098285,0.254462,0.143777,nan,0.041218,0.005859,11162241,81.27,10,False,False,ReLU,MAX_EPOCHS,59.32058716,59.32058716,56.11420441,9,1.000000,False,"[""107.16493225"", ""81.79114532"", ""73.39955902"", ""67.76873016"", ""64.91887665"", ""62.03852844"", ""62.08637238"", ""60.67306519"", ""63.36584091"", ""59.32058716""]",1,GenericAELG,5,learnable
resnet_skip_study_weather_r1,GAELG30_skip5_a01,genAELG_depth_x_skip,['GenericAELG'],Weather-96,144,96,480,30,1,True,0,42,44.611492,0.096850,0.233974,0.125289,nan,0.037989,0.005039,16743360,87.76,10,False,False,ReLU,MAX_EPOCHS,59.20380402,59.20380402,54.98311615,9,1.000000,False,"[""103.95660400"", ""82.84856415"", ""74.83199310"", ""70.31252289"", ""66.01057434"", ""62.87761307"", ""62.07171249"", ""60.22224426"", ""59.21276855"", ""59.20380402""]",1,GenericAELG,5,0.1
resnet_skip_study_weather_r1,GAELG30_skip5_a01,genAELG_depth_x_skip,['GenericAELG'],Weather-96,144,96,480,30,1,True,1,43,40.960587,0.106009,0.230566,0.123397,nan,0.039348,0.005253,16743360,88.40,10,False,False,ReLU,MAX_EPOCHS,60.27532196,60.57972336,57.61008453,7,1.005050,False,"[""104.40540314"", ""81.60069275"", ""73.77519989"", ""69.85456085"", ""65.77781677"", ""62.85383224"", ""61.10724640"", ""60.27532196"", ""62.51337051"", ""60.57972336""]",1,GenericAELG,5,0.1
resnet_skip_study_weather_r1,GAELG30_skip5_a01,genAELG_depth_x_skip,['GenericAELG'],Weather-96,144,96,480,30,1,True,2,44,44.978951,0.110924,0.242507,0.138791,nan,0.043628,0.006967,16743360,88.02,10,False,False,ReLU,MAX_EPOCHS,58.70556641,58.70556641,56.68967438,9,1.000000,False,"[""105.08482361"", ""83.65386200"", ""75.20348358"", ""70.10359955"", ""65.67639160"", ""63.97855759"", ""63.67550659"", ""60.95145798"", ""59.61347198"", ""58.70556641""]",1,GenericAELG,5,0.1
resnet_skip_study_weather_r1,GAELG30_skip5_learn,genAELG_depth_x_skip,['GenericAELG'],Weather-96,144,96,480,30,1,True,0,42,42.849026,0.099294,0.236425,0.124307,nan,0.037829,0.004531,16743361,87.79,10,False,False,ReLU,MAX_EPOCHS,59.37991333,59.37991333,54.39257812,9,1.000000,False,"[""104.83544159"", ""82.58724976"", ""74.24099731"", ""69.90106964"", ""67.06110382"", ""63.55934906"", ""61.49355316"", ""61.83372879"", ""59.76615143"", ""59.37991333""]",1,GenericAELG,5,learnable
resnet_skip_study_weather_r1,GAELG30_skip5_learn,genAELG_depth_x_skip,['GenericAELG'],Weather-96,144,96,480,30,1,True,1,43,42.287868,0.090150,0.224673,0.118646,nan,0.035948,0.004382,16743361,88.36,10,False,False,ReLU,MAX_EPOCHS,59.07539749,59.07539749,55.51513290,9,1.000000,False,"[""103.43916321"", ""82.49327087"", ""74.54423523"", ""69.84169769"", ""64.34429932"", ""62.40159988"", ""60.69655991"", ""60.69523621"", ""59.61978531"", ""59.07539749""]",1,GenericAELG,5,learnable
resnet_skip_study_weather_r1,GAELG30_skip5_learn,genAELG_depth_x_skip,['GenericAELG'],Weather-96,144,96,480,30,1,True,2,44,45.469223,0.099913,0.240828,0.137092,nan,0.040404,0.006218,16743361,87.18,10,False,False,ReLU,MAX_EPOCHS,58.61146927,58.61146927,55.54167175,9,1.000000,False,"[""103.37246704"", ""84.28359985"", ""74.44483948"", ""69.02611542"", ""65.41855621"", ""64.05966187"", ""62.67145920"", ""61.33265686"", ""60.55057526"", ""58.61146927""]",1,GenericAELG,5,learnable
resnet_skip_study_weather_r1,GAELG30_skip10_learn,genAELG_distance_sweep,['GenericAELG'],Weather-96,144,96,480,30,1,True,0,42,48.566090,0.108130,0.257539,0.146404,nan,0.044159,0.007598,16743361,86.93,10,False,False,ReLU,MAX_EPOCHS,59.33089828,59.33089828,55.59648895,9,1.000000,False,"[""102.56101227"", ""81.68299866"", ""74.87196350"", ""68.74440765"", ""65.18479919"", ""62.75904083"", ""61.46832657"", ""60.83745193"", ""60.95799255"", ""59.33089828""]",1,GenericAELG,10,learnable
resnet_skip_study_weather_r1,GAELG30_skip10_learn,genAELG_distance_sweep,['GenericAELG'],Weather-96,144,96,480,30,1,True,1,43,42.462650,0.096509,0.238759,0.129451,nan,0.038610,0.004891,16743361,88.25,10,False,False,ReLU,MAX_EPOCHS,58.62358093,61.39226532,56.34012222,8,1.047228,False,"[""103.48055267"", ""82.04415131"", ""74.47309113"", ""69.62375641"", ""65.14170837"", ""63.10151291"", ""61.47698593"", ""60.30171585"", ""58.62358093"", ""61.39226532""]",1,GenericAELG,10,learnable
resnet_skip_study_weather_r1,GAELG30_skip10_learn,genAELG_distance_sweep,['GenericAELG'],Weather-96,144,96,480,30,1,True,2,44,43.189751,0.095875,0.227841,0.125224,nan,0.036693,0.004650,16743361,87.43,10,False,False,ReLU,MAX_EPOCHS,59.87786484,59.98009872,56.86825943,8,1.001707,False,"[""103.59715271"", ""83.39283752"", ""74.30191040"", ""69.62434387"", ""66.07089996"", ""63.28674698"", ""62.32175064"", ""61.30963135"", ""59.87786484"", ""59.98009872""]",1,GenericAELG,10,learnable
resnet_skip_study_weather_r1,TW8_no_skip,trendwav_baseline,"['TrendAELG', 'WaveletV3AELG']",Weather-96,144,96,480,8,1,True,0,42,43.412548,0.089630,0.213740,0.116783,nan,0.034717,0.004286,1819788,73.82,10,False,False,ReLU,MAX_EPOCHS,62.17700195,62.17700195,58.40134430,9,1.000000,False,"[""89.83384705"", ""80.07786560"", ""73.36994934"", ""69.54606628"", ""67.00524139"", ""66.36318970"", ""64.06826782"", ""63.48292923"", ""62.64544296"", ""62.17700195""]",1,TrendAELG_WaveletV3AELG,0,none
resnet_skip_study_weather_r1,TW8_no_skip,trendwav_baseline,"['TrendAELG', 'WaveletV3AELG']",Weather-96,144,96,480,8,1,True,1,43,47.239201,0.101743,0.275957,0.152846,nan,0.039539,0.005150,1819788,74.38,10,False,False,ReLU,MAX_EPOCHS,63.71328735,64.11010742,63.39466476,8,1.006228,False,"[""90.04061890"", ""79.58705902"", ""72.73245239"", ""72.39888763"", ""69.10294342"", ""66.30816650"", ""65.76589203"", ""64.17491913"", ""63.71328735"", ""64.11010742""]",1,TrendAELG_WaveletV3AELG,0,none
resnet_skip_study_weather_r1,TW8_no_skip,trendwav_baseline,"['TrendAELG', 'WaveletV3AELG']",Weather-96,144,96,480,8,1,True,2,44,39.823700,0.086480,0.204610,0.112644,nan,0.032845,0.003755,1819788,74.91,10,False,False,ReLU,MAX_EPOCHS,63.06910706,65.64876556,61.48700714,8,1.040902,False,"[""99.36116028"", ""80.88735199"", ""75.53771210"", ""71.94235229"", ""69.21578979"", ""67.23764038"", ""66.61008453"", ""64.59783173"", ""63.06910706"", ""65.64876556""]",1,TrendAELG_WaveletV3AELG,0,none
resnet_skip_study_weather_r1,TW16_no_skip,trendwav_baseline,"['TrendAELG', 'WaveletV3AELG']",Weather-96,144,96,480,16,1,True,0,42,42.597931,0.105886,0.212732,0.116762,nan,0.039212,0.005771,3639576,76.38,10,False,False,ReLU,MAX_EPOCHS,62.96696472,62.96696472,63.24982071,9,1.000000,False,"[""95.34638214"", ""78.02327728"", ""74.75948334"", ""71.33675385"", ""69.16934204"", ""66.79454041"", ""66.33862305"", ""65.29323578"", ""64.67314911"", ""62.96696472""]",1,TrendAELG_WaveletV3AELG,0,none
resnet_skip_study_weather_r1,TW16_no_skip,trendwav_baseline,"['TrendAELG', 'WaveletV3AELG']",Weather-96,144,96,480,16,1,True,1,43,39.846153,0.114941,0.216874,0.118606,nan,0.039519,0.005795,3639576,79.30,10,False,False,ReLU,MAX_EPOCHS,63.13188171,63.13188171,59.51931000,9,1.000000,False,"[""89.28368378"", ""77.81346893"", ""74.30919647"", ""69.77452087"", ""68.71536255"", ""67.62297821"", ""64.85774231"", ""63.61813354"", ""63.58781433"", ""63.13188171""]",1,TrendAELG_WaveletV3AELG,0,none
resnet_skip_study_weather_r1,TW16_no_skip,trendwav_baseline,"['TrendAELG', 'WaveletV3AELG']",Weather-96,144,96,480,16,1,True,2,44,38.290398,0.115450,0.210372,0.111807,nan,0.038853,0.005245,3639576,79.37,10,False,False,ReLU,MAX_EPOCHS,63.10982132,63.10982132,59.39668274,9,1.000000,False,"[""87.34413147"", ""78.02651215"", ""72.36018372"", ""70.37255096"", ""67.62718964"", ""66.11758423"", ""64.58738708"", ""63.91431046"", ""63.25745392"", ""63.10982132""]",1,TrendAELG_WaveletV3AELG,0,none
resnet_skip_study_weather_r1,TW24_no_skip,trendwav_baseline,"['TrendAELG', 'WaveletV3AELG']",Weather-96,144,96,480,24,1,True,0,42,48.827271,0.110095,0.230250,0.114778,nan,0.039378,0.005649,5459364,79.86,10,False,False,ReLU,MAX_EPOCHS,65.76885223,65.76885223,63.70490646,9,1.000000,False,"[""95.70691681"", ""82.80435944"", ""74.60906982"", ""71.20683289"", ""69.17291260"", ""66.00875092"", ""68.32827759"", ""73.53736877"", ""66.69665527"", ""65.76885223""]",1,TrendAELG_WaveletV3AELG,0,none
resnet_skip_study_weather_r1,TW24_no_skip,trendwav_baseline,"['TrendAELG', 'WaveletV3AELG']",Weather-96,144,96,480,24,1,True,1,43,39.625137,0.101311,0.217675,0.113293,nan,0.036762,0.004665,5459364,80.38,10,False,False,ReLU,MAX_EPOCHS,62.46202087,65.95614624,63.13449860,8,1.055940,False,"[""92.76639557"", ""78.00904846"", ""72.90772247"", ""68.95346832"", ""67.26192474"", ""68.18714142"", ""64.88977051"", ""64.40446472"", ""62.46202087"", ""65.95614624""]",1,TrendAELG_WaveletV3AELG,0,none
resnet_skip_study_weather_r1,TW24_no_skip,trendwav_baseline,"['TrendAELG', 'WaveletV3AELG']",Weather-96,144,96,480,24,1,True,2,44,41.323219,0.080418,0.200319,0.103704,nan,0.032248,0.003877,5459364,83.73,10,False,False,ReLU,MAX_EPOCHS,63.63958740,63.63958740,60.70731354,9,1.000000,False,"[""94.00608063"", ""78.28787994"", ""75.06743622"", ""71.20251465"", ""69.99559021"", ""68.21641541"", ""67.26256561"", ""69.28064728"", ""64.90826416"", ""63.63958740""]",1,TrendAELG_WaveletV3AELG,0,none
resnet_skip_study_weather_r1,TW8_skip4_learn,trendwav_control,"['TrendAELG', 'WaveletV3AELG']",Weather-96,144,96,480,8,1,True,0,42,42.558834,0.097018,0.209574,0.109257,nan,0.035702,0.004352,1819789,73.83,10,False,False,ReLU,MAX_EPOCHS,62.04464340,62.04464340,59.22927856,9,1.000000,False,"[""89.87747192"", ""77.09372711"", ""72.37192535"", ""69.16607666"", ""66.60520935"", ""67.85034943"", ""65.75164795"", ""64.60160828"", ""62.34016418"", ""62.04464340""]",1,TrendAELG_WaveletV3AELG,4,learnable
resnet_skip_study_weather_r1,TW8_skip4_learn,trendwav_control,"['TrendAELG', 'WaveletV3AELG']",Weather-96,144,96,480,8,1,True,1,43,39.477997,0.075496,0.204825,0.106945,nan,0.030666,0.003365,1819789,75.07,10,False,False,ReLU,MAX_EPOCHS,63.01315308,63.01315308,59.62986374,9,1.000000,False,"[""90.26147461"", ""78.13790131"", ""73.75324249"", ""69.90199280"", ""68.09405518"", ""66.00612640"", ""64.90282440"", ""63.71350098"", ""63.16250992"", ""63.01315308""]",1,TrendAELG_WaveletV3AELG,4,learnable
resnet_skip_study_weather_r1,TW8_skip4_learn,trendwav_control,"['TrendAELG', 'WaveletV3AELG']",Weather-96,144,96,480,8,1,True,2,44,39.778477,0.101828,0.220517,0.121810,nan,0.036205,0.004267,1819789,75.32,10,False,False,ReLU,MAX_EPOCHS,62.94570541,62.94570541,61.17642593,9,1.000000,False,"[""98.21669769"", ""82.52828979"", ""74.40579987"", ""73.43830109"", ""68.87919617"", ""69.75004578"", ""67.14224243"", ""66.75531006"", ""66.07987213"", ""62.94570541""]",1,TrendAELG_WaveletV3AELG,4,learnable
resnet_skip_study_weather_r1,TW16_skip4_a01,trendwav_depth_x_skip,"['TrendAELG', 'WaveletV3AELG']",Weather-96,144,96,480,16,1,True,0,42,46.739964,0.124849,0.199541,0.094880,nan,0.038522,0.006439,3639576,75.59,10,False,False,ReLU,MAX_EPOCHS,66.05150604,71.87986755,67.47595978,8,1.088240,False,"[""92.46598816"", ""78.77635956"", ""80.59034729"", ""75.02514648"", ""70.27677917"", ""69.51821899"", ""69.52631378"", ""67.44468689"", ""66.05150604"", ""71.87986755""]",1,TrendAELG_WaveletV3AELG,4,0.1
resnet_skip_study_weather_r1,TW16_skip4_a01,trendwav_depth_x_skip,"['TrendAELG', 'WaveletV3AELG']",Weather-96,144,96,480,16,1,True,1,43,38.630970,0.117485,0.195807,0.097308,nan,0.036455,0.005429,3639576,78.65,10,False,False,ReLU,MAX_EPOCHS,62.39011383,62.39011383,60.01727676,9,1.000000,False,"[""90.26707458"", ""78.31977844"", ""72.96193695"", ""70.37526703"", ""69.83473969"", ""69.95862579"", ""67.04862976"", ""66.93115234"", ""63.92362595"", ""62.39011383""]",1,TrendAELG_WaveletV3AELG,4,0.1
resnet_skip_study_weather_r1,TW16_skip4_a01,trendwav_depth_x_skip,"['TrendAELG', 'WaveletV3AELG']",Weather-96,144,96,480,16,1,True,2,44,37.823330,0.092322,0.190397,0.088208,nan,0.031762,0.003384,3639576,79.28,10,False,False,ReLU,MAX_EPOCHS,62.82513809,62.82513809,59.92181778,9,1.000000,False,"[""86.76002502"", ""79.14944458"", ""72.94683838"", ""69.34722900"", ""69.48877716"", ""68.77569580"", ""66.91008759"", ""64.61523438"", ""63.19984818"", ""62.82513809""]",1,TrendAELG_WaveletV3AELG,4,0.1
resnet_skip_study_weather_r1,TW16_skip4_learn,trendwav_depth_x_skip,"['TrendAELG', 'WaveletV3AELG']",Weather-96,144,96,480,16,1,True,0,42,39.830418,0.128022,0.219541,0.120628,nan,0.043046,0.006658,3639577,76.21,10,False,False,ReLU,MAX_EPOCHS,64.03023529,64.03023529,61.27241135,9,1.000000,False,"[""95.29120636"", ""78.80257416"", ""74.73685455"", ""72.02550507"", ""71.64974213"", ""68.11449432"", ""67.67280579"", ""65.69291687"", ""65.57686615"", ""64.03023529""]",1,TrendAELG_WaveletV3AELG,4,learnable
resnet_skip_study_weather_r1,TW16_skip4_learn,trendwav_depth_x_skip,"['TrendAELG', 'WaveletV3AELG']",Weather-96,144,96,480,16,1,True,1,43,47.843914,0.118101,0.241206,0.127746,nan,0.040472,0.006136,3639577,78.38,10,False,False,ReLU,MAX_EPOCHS,66.29067230,68.34983063,64.59594727,7,1.031063,False,"[""90.46062469"", ""76.86951447"", ""74.61281586"", ""70.12824249"", ""70.82418060"", ""68.67973328"", ""67.30322266"", ""66.29067230"", ""68.82197571"", ""68.34983063""]",1,TrendAELG_WaveletV3AELG,4,learnable
resnet_skip_study_weather_r1,TW16_skip4_learn,trendwav_depth_x_skip,"['TrendAELG', 'WaveletV3AELG']",Weather-96,144,96,480,16,1,True,2,44,43.703423,0.118624,0.206304,0.107477,nan,0.039264,0.007641,3639577,78.23,10,False,False,ReLU,MAX_EPOCHS,63.56814575,69.80714417,64.37080383,7,1.098147,False,"[""89.54344940"", ""77.50357056"", ""73.71341705"", ""71.08587646"", ""66.88397980"", ""66.58479309"", ""63.93823624"", ""63.56814575"", ""64.85459137"", ""69.80714417""]",1,TrendAELG_WaveletV3AELG,4,learnable
resnet_skip_study_weather_r1,TW16_skip8_learn,trendwav_distance_sweep,"['TrendAELG', 'WaveletV3AELG']",Weather-96,144,96,480,16,1,True,0,42,42.419643,0.127552,0.207230,0.109975,nan,0.041683,0.006620,3639577,75.36,10,False,False,ReLU,MAX_EPOCHS,64.11205292,64.11205292,62.28029633,9,1.000000,False,"[""94.40982056"", ""79.99947357"", ""73.20800781"", ""71.22743988"", ""69.14830780"", ""67.67454529"", ""70.33683014"", ""69.29786682"", ""68.09683228"", ""64.11205292""]",1,TrendAELG_WaveletV3AELG,8,learnable
resnet_skip_study_weather_r1,TW16_skip8_learn,trendwav_distance_sweep,"['TrendAELG', 'WaveletV3AELG']",Weather-96,144,96,480,16,1,True,1,43,39.849602,0.083684,0.206527,0.112914,nan,0.032739,0.003799,3639577,79.04,10,False,False,ReLU,MAX_EPOCHS,60.92414093,60.92414093,56.94895554,9,1.000000,False,"[""90.48076630"", ""78.90267181"", ""74.44049835"", ""70.59680939"", ""67.65419006"", ""66.19142151"", ""65.26911163"", ""63.22930908"", ""61.46866226"", ""60.92414093""]",1,TrendAELG_WaveletV3AELG,8,learnable
resnet_skip_study_weather_r1,TW16_skip8_learn,trendwav_distance_sweep,"['TrendAELG', 'WaveletV3AELG']",Weather-96,144,96,480,16,1,True,2,44,40.979012,0.146406,0.214620,0.112758,nan,0.045459,0.008438,3639577,76.41,10,False,False,ReLU,MAX_EPOCHS,64.17378998,64.94442749,60.81176376,7,1.012009,False,"[""89.14200592"", ""77.58255768"", ""74.89697266"", ""69.11211395"", ""68.17043304"", ""65.29502869"", ""64.27391815"", ""64.17378998"", ""64.40335083"", ""64.94442749""]",1,TrendAELG_WaveletV3AELG,8,learnable
resnet_skip_study_weather_r1,TW24_skip4_a01,trendwav_depth_x_skip,"['TrendAELG', 'WaveletV3AELG']",Weather-96,144,96,480,24,1,True,0,42,39.452621,0.082696,0.192009,0.092927,nan,0.031261,0.003423,5459364,80.27,10,False,False,ReLU,MAX_EPOCHS,64.97042847,64.97042847,62.11787033,9,1.000000,False,"[""97.75144958"", ""81.91278839"", ""75.20208740"", ""72.93238068"", ""69.91973877"", ""69.61210632"", ""67.22488403"", ""68.19045258"", ""66.54849243"", ""64.97042847""]",1,TrendAELG_WaveletV3AELG,4,0.1
resnet_skip_study_weather_r1,TW24_skip4_a01,trendwav_depth_x_skip,"['TrendAELG', 'WaveletV3AELG']",Weather-96,144,96,480,24,1,True,1,43,48.198872,0.116415,0.210698,0.103208,nan,0.036365,0.004993,5459364,82.89,10,False,False,ReLU,MAX_EPOCHS,65.16211700,67.68890381,64.49499512,8,1.038777,False,"[""93.30028534"", ""82.72422028"", ""73.96664429"", ""71.73797607"", ""70.53578186"", ""73.32711029"", ""67.65283203"", ""68.82830048"", ""65.16211700"", ""67.68890381""]",1,TrendAELG_WaveletV3AELG,4,0.1
resnet_skip_study_weather_r1,TW24_skip4_a01,trendwav_depth_x_skip,"['TrendAELG', 'WaveletV3AELG']",Weather-96,144,96,480,24,1,True,2,44,43.788723,0.097553,0.191133,0.086478,nan,0.030574,0.004199,5459364,82.32,10,False,False,ReLU,MAX_EPOCHS,65.12649536,65.12649536,65.37522125,9,1.000000,False,"[""94.71515656"", ""78.75832367"", ""73.87770081"", ""70.70559692"", ""69.30949402"", ""68.48999023"", ""66.88110352"", ""67.76784515"", ""68.98882294"", ""65.12649536""]",1,TrendAELG_WaveletV3AELG,4,0.1
resnet_skip_study_weather_r1,TW24_skip4_learn,trendwav_depth_x_skip,"['TrendAELG', 'WaveletV3AELG']",Weather-96,144,96,480,24,1,True,0,42,42.229080,0.134314,0.203886,0.102080,nan,0.041523,0.006991,5459365,78.62,10,False,False,ReLU,MAX_EPOCHS,64.72308350,64.72308350,60.19910049,9,1.000000,False,"[""96.02770996"", ""80.48880768"", ""74.61586761"", ""74.14745331"", ""72.39117432"", ""75.53421021"", ""69.93770599"", ""67.92472076"", ""65.84798431"", ""64.72308350""]",1,TrendAELG_WaveletV3AELG,4,learnable
resnet_skip_study_weather_r1,TW24_skip4_learn,trendwav_depth_x_skip,"['TrendAELG', 'WaveletV3AELG']",Weather-96,144,96,480,24,1,True,1,43,40.117447,0.104323,0.215311,0.107196,nan,0.037561,0.004753,5459365,82.13,10,False,False,ReLU,MAX_EPOCHS,62.35206604,62.35206604,59.99998474,9,1.000000,False,"[""89.36952209"", ""80.01935577"", ""73.73165131"", ""69.75379944"", ""67.98416901"", ""65.85581970"", ""65.90022278"", ""66.29232788"", ""64.85694122"", ""62.35206604""]",1,TrendAELG_WaveletV3AELG,4,learnable
resnet_skip_study_weather_r1,TW24_skip4_learn,trendwav_depth_x_skip,"['TrendAELG', 'WaveletV3AELG']",Weather-96,144,96,480,24,1,True,2,44,49.507927,0.128566,0.283416,0.159292,nan,0.048055,0.007030,5459365,81.55,10,False,False,ReLU,MAX_EPOCHS,63.74021912,63.74021912,60.75508499,9,1.000000,False,"[""96.05730438"", ""78.58497620"", ""73.81948090"", ""70.53692627"", ""70.01893616"", ""66.96179199"", ""73.32808685"", ""65.88360596"", ""65.55652618"", ""63.74021912""]",1,TrendAELG_WaveletV3AELG,4,learnable
resnet_skip_study_weather_r1,TW24_skip8_learn,trendwav_distance_sweep,"['TrendAELG', 'WaveletV3AELG']",Weather-96,144,96,480,24,1,True,0,42,46.460213,0.117591,0.211151,0.103829,nan,0.038615,0.005883,5459365,78.68,10,False,False,ReLU,MAX_EPOCHS,65.74913025,65.74913025,61.89038849,9,1.000000,False,"[""94.42333221"", ""82.27851105"", ""74.73905945"", ""71.33509064"", ""68.90674591"", ""66.90944672"", ""66.20075989"", ""67.94950104"", ""66.47383881"", ""65.74913025""]",1,TrendAELG_WaveletV3AELG,8,learnable
resnet_skip_study_weather_r1,TW24_skip8_learn,trendwav_distance_sweep,"['TrendAELG', 'WaveletV3AELG']",Weather-96,144,96,480,24,1,True,1,43,43.583904,0.093714,0.194676,0.094162,nan,0.033338,0.004284,5459365,78.83,10,False,False,ReLU,MAX_EPOCHS,63.98389816,63.98389816,60.92164612,9,1.000000,False,"[""90.87494659"", ""80.55006409"", ""73.73855591"", ""69.85455322"", ""67.87744904"", ""70.61016846"", ""67.03059387"", ""64.90556335"", ""64.33016968"", ""63.98389816""]",1,TrendAELG_WaveletV3AELG,8,learnable
resnet_skip_study_weather_r1,TW24_skip8_learn,trendwav_distance_sweep,"['TrendAELG', 'WaveletV3AELG']",Weather-96,144,96,480,24,1,True,2,44,41.664742,0.114969,0.205152,0.103311,nan,0.038776,0.005890,5459365,80.53,10,False,False,ReLU,MAX_EPOCHS,64.62857056,65.40846252,61.48107147,7,1.012067,False,"[""92.07849121"", ""77.71282196"", ""73.23908997"", ""70.29453278"", ""67.57276154"", ""67.22541809"", ""67.04936981"", ""64.62857056"", ""67.10920715"", ""65.40846252""]",1,TrendAELG_WaveletV3AELG,8,learnable
resnet_skip_study_weather_r1,G30_no_skip,generic_legacy,['Generic'],Weather-96,144,96,480,30,1,True,0,42,48.211792,0.093638,0.246782,0.128019,nan,0.035599,0.004080,39874560,96.29,10,False,False,ReLU,MAX_EPOCHS,58.82946396,59.65028381,52.94846725,8,1.013953,False,"[""102.17893219"", ""78.39025116"", ""68.75873566"", ""64.71646118"", ""61.93526459"", ""60.35112000"", ""59.60422134"", ""59.12311172"", ""58.82946396"", ""59.65028381""]",1,Generic,0,none
resnet_skip_study_weather_r1,G30_no_skip,generic_legacy,['Generic'],Weather-96,144,96,480,30,1,True,1,43,41.482029,0.083362,0.220502,0.113839,nan,0.033681,0.003648,39874560,91.36,10,False,False,ReLU,MAX_EPOCHS,57.20528793,57.20528793,53.21208954,9,1.000000,False,"[""100.49146271"", ""76.45223999"", ""68.88998413"", ""64.34299469"", ""63.18802643"", ""60.36369705"", ""59.26222229"", ""59.04759216"", ""58.08049011"", ""57.20528793""]",1,Generic,0,none
resnet_skip_study_weather_r1,G30_no_skip,generic_legacy,['Generic'],Weather-96,144,96,480,30,1,True,2,44,40.458176,0.085458,0.209144,0.107814,nan,0.032101,0.003155,39874560,90.50,10,False,False,ReLU,MAX_EPOCHS,57.73479843,57.73479843,53.09840012,9,1.000000,False,"[""98.53600311"", ""76.75619507"", ""68.76319885"", ""65.52226257"", ""62.47823715"", ""60.71579361"", ""59.34527588"", ""58.77699280"", ""58.67909241"", ""57.73479843""]",1,Generic,0,none
resnet_skip_study_weather_r1,G30_skip5_a01,generic_legacy,['Generic'],Weather-96,144,96,480,30,1,True,0,42,46.892704,0.090480,0.242298,0.124705,nan,0.035636,0.003730,39874560,98.06,10,False,False,ReLU,MAX_EPOCHS,58.81368637,58.81368637,53.62580872,9,1.000000,False,"[""102.17224121"", ""79.06642914"", ""70.13829041"", ""64.77448273"", ""62.49299622"", ""60.70400620"", ""59.71184921"", ""59.54269028"", ""58.91174698"", ""58.81368637""]",1,Generic,5,0.1
resnet_skip_study_weather_r1,G30_skip5_a01,generic_legacy,['Generic'],Weather-96,144,96,480,30,1,True,1,43,42.875278,0.070010,0.207045,0.110920,nan,0.028201,0.002697,39874560,90.63,10,False,False,ReLU,MAX_EPOCHS,59.00985718,59.00985718,54.43562317,9,1.000000,False,"[""103.46955109"", ""77.20907593"", ""68.52516174"", ""63.71326447"", ""61.91086578"", ""60.10084152"", ""60.23712158"", ""59.36553955"", ""60.53871536"", ""59.00985718""]",1,Generic,5,0.1
resnet_skip_study_weather_r1,G30_skip5_a01,generic_legacy,['Generic'],Weather-96,144,96,480,30,1,True,2,44,43.622578,0.099993,0.242541,0.131581,nan,0.038227,0.004510,39874560,98.61,10,False,False,ReLU,MAX_EPOCHS,58.55277252,61.31429672,51.99093246,7,1.047163,False,"[""104.54656219"", ""79.04222107"", ""69.67778778"", ""64.05311584"", ""61.01307678"", ""61.30093765"", ""58.65479660"", ""58.55277252"", ""58.65694809"", ""61.31429672""]",1,Generic,5,0.1
resnet_skip_study_weather_r1,G30_skip5_learn,generic_legacy,['Generic'],Weather-96,144,96,480,30,1,True,0,42,43.458225,0.078801,0.224357,0.118261,nan,0.032294,0.003494,39874561,90.74,10,False,False,ReLU,MAX_EPOCHS,57.12950134,57.12950134,52.11911011,9,1.000000,False,"[""103.58850098"", ""80.20388794"", ""70.18429565"", ""65.81798553"", ""61.56207275"", ""61.52754974"", ""60.06686783"", ""58.83786011"", ""58.16119766"", ""57.12950134""]",1,Generic,5,learnable
resnet_skip_study_weather_r1,G30_skip5_learn,generic_legacy,['Generic'],Weather-96,144,96,480,30,1,True,1,43,37.996639,0.088970,0.203104,0.106059,nan,0.032880,0.003470,39874561,92.76,10,False,False,ReLU,MAX_EPOCHS,58.23120499,58.23120499,53.98031616,9,1.000000,False,"[""102.38670349"", ""76.12959290"", ""68.52912140"", ""64.71165466"", ""61.95760345"", ""60.83903503"", ""59.84037399"", ""61.82406998"", ""58.37933350"", ""58.23120499""]",1,Generic,5,learnable
resnet_skip_study_weather_r1,G30_skip5_learn,generic_legacy,['Generic'],Weather-96,144,96,480,30,1,True,2,44,42.726322,0.097305,0.224800,0.119131,nan,0.036095,0.003952,39874561,101.44,10,False,False,ReLU,MAX_EPOCHS,57.88101959,57.88101959,52.10255814,9,1.000000,False,"[""99.76712799"", ""76.45008850"", ""69.74230957"", ""66.48490143"", ""62.57240677"", ""60.99338531"", ""59.78913879"", ""58.62403107"", ""58.16457367"", ""57.88101959""]",1,Generic,5,learnable
resnet_skip_study_weather_r1,G30_skip10_a01,generic_legacy,['Generic'],Weather-96,144,96,480,30,1,True,0,42,43.196575,0.090666,0.234275,0.126135,nan,0.036140,0.004134,39874560,95.38,10,False,False,ReLU,MAX_EPOCHS,57.35296631,57.35296631,54.13786316,9,1.000000,False,"[""101.31060791"", ""77.01765442"", ""68.93369293"", ""65.19979095"", ""61.12599182"", ""60.87666702"", ""62.49209595"", ""62.28909302"", ""58.89931870"", ""57.35296631""]",1,Generic,10,0.1
resnet_skip_study_weather_r1,G30_skip10_a01,generic_legacy,['Generic'],Weather-96,144,96,480,30,1,True,1,43,38.933487,0.088504,0.217996,0.117209,nan,0.034546,0.003699,39874560,96.59,10,False,False,ReLU,MAX_EPOCHS,58.02009201,58.02009201,52.84430313,9,1.000000,False,"[""98.79266357"", ""77.24566650"", ""69.45255280"", ""63.88218307"", ""62.79497910"", ""60.46451187"", ""61.05506516"", ""60.42416763"", ""58.09441376"", ""58.02009201""]",1,Generic,10,0.1
resnet_skip_study_weather_r1,G30_skip10_a01,generic_legacy,['Generic'],Weather-96,144,96,480,30,1,True,2,44,40.461395,0.105572,0.216344,0.110981,nan,0.036968,0.004209,39874560,96.86,10,False,False,ReLU,MAX_EPOCHS,58.28517532,58.28517532,54.62944412,9,1.000000,False,"[""98.45680237"", ""76.43365479"", ""69.10466766"", ""64.93934631"", ""62.13746643"", ""61.11886978"", ""59.66799927"", ""60.53712845"", ""58.62720108"", ""58.28517532""]",1,Generic,10,0.1
resnet_skip_study_weather_r1,G30_skip10_learn,generic_legacy,['Generic'],Weather-96,144,96,480,30,1,True,0,42,42.154694,0.074434,0.215417,0.115650,nan,0.030707,0.003211,39874561,97.78,10,False,False,ReLU,MAX_EPOCHS,57.33801651,57.89023209,52.80010605,8,1.009631,False,"[""102.28839874"", ""80.90383148"", ""68.82377625"", ""65.23159027"", ""63.43842697"", ""61.26739883"", ""59.91037369"", ""59.93207550"", ""57.33801651"", ""57.89023209""]",1,Generic,10,learnable
resnet_skip_study_weather_r1,G30_skip10_learn,generic_legacy,['Generic'],Weather-96,144,96,480,30,1,True,1,43,42.007366,0.100383,0.220054,0.116631,nan,0.036890,0.004501,39874561,95.06,10,False,False,ReLU,MAX_EPOCHS,58.28691101,58.28691101,54.15754318,9,1.000000,False,"[""99.68884277"", ""78.13386536"", ""69.45396423"", ""64.33452606"", ""64.35373688"", ""61.02331161"", ""58.86586761"", ""58.40966034"", ""59.17903900"", ""58.28691101""]",1,Generic,10,learnable
resnet_skip_study_weather_r1,G30_skip10_learn,generic_legacy,['Generic'],Weather-96,144,96,480,30,1,True,2,44,43.507683,0.105833,0.225393,0.119136,nan,0.038777,0.004918,39874561,98.15,10,False,False,ReLU,MAX_EPOCHS,57.94577026,59.19213867,54.46072388,8,1.021509,False,"[""99.72104645"", ""75.88793945"", ""68.72525787"", ""64.69679260"", ""62.17551422"", ""62.31261444"", ""60.36683273"", ""60.68970108"", ""57.94577026"", ""59.19213867""]",1,Generic,10,learnable
resnet_skip_study_weather_r2,GAELG20_no_skip,genAELG_baseline,['GenericAELG'],Weather-96,144,96,480,20,1,True,0,42,47.214733,0.103393,0.279040,0.207084,nan,0.046861,0.009665,11162240,181.14,25,False,False,ReLU,MAX_EPOCHS,56.06942749,56.06942749,46.75179291,24,1.000000,False,"[""108.31806946"", ""80.44324493"", ""73.46031189"", ""68.03973389"", ""64.29150391"", ""63.49286270"", ""62.95048141"", ""61.76884842"", ""61.10551453"", ""59.75387192"", ""59.14097595"", ""58.38876343"", ""58.04450607"", ""57.90337372"", ""58.77472305"", ""57.22427368"", ""56.93216324"", ""56.89105988"", ""56.41706085"", ""56.35289383"", ""56.07727814"", ""56.18361282"", ""56.23144531"", ""56.17291260"", ""56.06942749""]",2,GenericAELG,0,none
resnet_skip_study_weather_r2,GAELG20_no_skip,genAELG_baseline,['GenericAELG'],Weather-96,144,96,480,20,1,True,1,43,42.046879,0.093484,0.253179,0.153172,nan,0.042570,0.007589,11162240,188.37,25,False,False,ReLU,MAX_EPOCHS,55.81415176,55.81415176,46.86991119,24,1.000000,False,"[""106.77589417"", ""81.69330597"", ""72.43157196"", ""69.12712097"", ""64.77443695"", ""63.55437088"", ""61.49690628"", ""62.79692841"", ""60.14363861"", ""59.25393677"", ""61.46979523"", ""58.37562561"", ""57.58798599"", ""57.68376160"", ""57.98773193"", ""57.73995972"", ""57.53615570"", ""57.49615479"", ""57.51670074"", ""56.42130280"", ""56.03231049"", ""55.93463898"", ""55.95276260"", ""55.86541367"", ""55.81415176""]",2,GenericAELG,0,none
resnet_skip_study_weather_r2,GAELG20_no_skip,genAELG_baseline,['GenericAELG'],Weather-96,144,96,480,20,1,True,2,44,44.878090,0.093493,0.262439,0.173355,nan,0.040908,0.006196,11162240,182.57,25,False,False,ReLU,MAX_EPOCHS,56.15571594,56.15571594,47.41037369,24,1.000000,False,"[""109.27436066"", ""82.06460571"", ""74.89287567"", ""68.54323578"", ""65.02236938"", ""63.08631897"", ""62.20263290"", ""60.40802002"", ""59.10102081"", ""59.01707458"", ""58.42758560"", ""60.25666046"", ""57.64486694"", ""56.84636688"", ""57.05089569"", ""58.28774643"", ""57.62660599"", ""57.50755692"", ""56.91336441"", ""56.32388687"", ""56.46475983"", ""56.17349243"", ""56.22113800"", ""56.24177933"", ""56.15571594""]",2,GenericAELG,0,none
resnet_skip_study_weather_r2,GAELG10_skip5_learn,genAELG_control,['GenericAELG'],Weather-96,144,96,480,10,1,True,0,42,39.945686,0.070239,0.215884,0.129214,nan,0.030782,0.003413,5581121,173.65,25,False,False,ReLU,MAX_EPOCHS,56.20721054,56.24518967,49.37544632,22,1.000676,False,"[""125.68650055"", ""83.35187531"", ""72.28842926"", ""66.96369934"", ""65.31185150"", ""62.33883667"", ""61.94631577"", ""61.10614014"", ""60.07587433"", ""59.27481842"", ""58.80791092"", ""57.43616104"", ""59.27991867"", ""57.85839081"", ""57.47529221"", ""57.74662018"", ""56.87252808"", ""56.98217773"", ""56.79841614"", ""56.40125275"", ""56.55990982"", ""56.45267487"", ""56.20721054"", ""56.31737518"", ""56.24518967""]",2,GenericAELG,5,learnable
resnet_skip_study_weather_r2,GAELG10_skip5_learn,genAELG_control,['GenericAELG'],Weather-96,144,96,480,10,1,True,1,43,49.287571,0.100323,0.274387,0.169778,nan,0.043893,0.006925,5581121,171.19,25,False,False,ReLU,MAX_EPOCHS,55.69198608,55.75673676,48.74979782,21,1.001163,False,"[""128.33158875"", ""85.21269226"", ""72.99755859"", ""67.95092773"", ""64.49057007"", ""61.97002029"", ""61.14555740"", ""60.06740189"", ""59.33617783"", ""58.62440491"", ""58.21149826"", ""59.18961334"", ""57.14043427"", ""58.86653137"", ""56.98068619"", ""57.03007507"", ""57.42443085"", ""56.97718430"", ""56.89911270"", ""56.18499374"", ""56.41359711"", ""55.69198608"", ""55.86112595"", ""55.77991104"", ""55.75673676""]",2,GenericAELG,5,learnable
resnet_skip_study_weather_r2,GAELG10_skip5_learn,genAELG_control,['GenericAELG'],Weather-96,144,96,480,10,1,True,2,44,42.374550,0.091103,0.250670,0.165374,nan,0.040203,0.006356,5581121,172.52,25,False,False,ReLU,MAX_EPOCHS,56.41736984,56.50548935,49.18720245,21,1.001562,False,"[""129.43830872"", ""83.44929504"", ""73.36475372"", ""68.25124359"", ""66.07343292"", ""63.99325562"", ""64.18514252"", ""61.11859131"", ""61.92789841"", ""60.30665588"", ""58.87524414"", ""58.19305038"", ""58.44791031"", ""58.65614319"", ""59.24397659"", ""57.41636276"", ""58.49098587"", ""57.77698135"", ""57.16855621"", ""56.87111664"", ""57.14311600"", ""56.41736984"", ""56.57104874"", ""56.51952744"", ""56.50548935""]",2,GenericAELG,5,learnable
resnet_skip_study_weather_r2,GAELG20_skip5_a01,genAELG_depth_x_skip,['GenericAELG'],Weather-96,144,96,480,20,1,True,0,42,47.938660,0.107410,0.287615,0.204106,nan,0.048456,0.009673,11162240,188.41,25,False,False,ReLU,MAX_EPOCHS,56.13865662,56.19792938,47.13822174,22,1.001056,False,"[""98.92553711"", ""79.26224518"", ""72.61449432"", ""67.95898438"", ""64.47049713"", ""62.20816422"", ""61.71611023"", ""60.11935425"", ""61.59982681"", ""59.45051193"", ""59.84694290"", ""57.70557404"", ""57.19258881"", ""57.05629730"", ""57.51674271"", ""59.40310287"", ""56.93662262"", ""56.91534805"", ""57.33299255"", ""56.87989044"", ""56.48195648"", ""56.57818222"", ""56.13865662"", ""56.29999542"", ""56.19792938""]",2,GenericAELG,5,0.1
resnet_skip_study_weather_r2,GAELG20_skip5_a01,genAELG_depth_x_skip,['GenericAELG'],Weather-96,144,96,480,20,1,True,1,43,42.872051,0.090616,0.256148,0.169082,nan,0.038636,0.005101,11162240,192.03,25,False,False,ReLU,MAX_EPOCHS,56.09288025,56.09288025,46.74616623,24,1.000000,False,"[""102.59829712"", ""80.58847809"", ""72.77553558"", ""67.77571869"", ""65.85732269"", ""62.63104630"", ""62.08561707"", ""60.10425568"", ""62.92599869"", ""58.59484100"", ""59.13590240"", ""59.10300064"", ""58.15322495"", ""58.64363861"", ""59.68458557"", ""58.23756409"", ""57.92102051"", ""56.97423172"", ""56.34188080"", ""57.04557800"", ""56.54824829"", ""56.16639328"", ""56.25579453"", ""56.17763519"", ""56.09288025""]",2,GenericAELG,5,0.1
resnet_skip_study_weather_r2,GAELG20_skip5_a01,genAELG_depth_x_skip,['GenericAELG'],Weather-96,144,96,480,20,1,True,2,44,49.231945,0.108136,0.284033,0.190132,nan,0.045719,0.007285,11162240,189.48,25,False,False,ReLU,MAX_EPOCHS,56.59792328,56.62449646,46.96595383,23,1.000470,False,"[""100.99167633"", ""78.97773743"", ""72.69342804"", ""68.68614197"", ""65.07717133"", ""62.78095245"", ""60.45267105"", ""60.60347748"", ""60.47177887"", ""60.35660934"", ""59.23856354"", ""58.50857925"", ""58.88206482"", ""58.37826538"", ""58.39193344"", ""58.39111710"", ""57.87602234"", ""57.10033035"", ""57.14271164"", ""57.35398102"", ""56.96601105"", ""57.12842178"", ""56.64231873"", ""56.59792328"", ""56.62449646""]",2,GenericAELG,5,0.1
resnet_skip_study_weather_r2,GAELG20_skip5_learn,genAELG_depth_x_skip,['GenericAELG'],Weather-96,144,96,480,20,1,True,0,42,46.992512,0.109340,0.294727,0.222895,nan,0.050469,0.012453,11162241,197.57,25,False,False,ReLU,MAX_EPOCHS,56.22403717,56.31511688,47.14122009,21,1.001620,False,"[""108.31813812"", ""79.88477325"", ""73.21186829"", ""68.05310059"", ""65.08914948"", ""62.30680847"", ""60.50520706"", ""59.73008728"", ""59.63248062"", ""59.64090347"", ""58.54000473"", ""59.30208588"", ""58.27383423"", ""58.51727676"", ""57.52435303"", ""56.96541595"", ""57.67254257"", ""56.78200531"", ""56.67662811"", ""56.56962967"", ""56.55993652"", ""56.22403717"", ""56.43209076"", ""56.38485718"", ""56.31511688""]",2,GenericAELG,5,learnable
resnet_skip_study_weather_r2,GAELG20_skip5_learn,genAELG_depth_x_skip,['GenericAELG'],Weather-96,144,96,480,20,1,True,1,43,44.260967,0.094999,0.246253,0.146263,nan,0.041578,0.006784,11162241,188.07,25,False,False,ReLU,MAX_EPOCHS,55.82024002,55.82024002,47.33755112,24,1.000000,False,"[""111.05274963"", ""80.71808624"", ""72.33781433"", ""69.00783539"", ""64.66720581"", ""63.36936951"", ""61.32714081"", ""60.75006104"", ""58.78997040"", ""58.51760101"", ""58.30606079"", ""59.18761444"", ""58.61442184"", ""58.03717804"", ""57.42690659"", ""56.90715790"", ""57.50555420"", ""56.39293289"", ""56.64827728"", ""56.06442261"", ""56.72618103"", ""55.93319702"", ""55.97092056"", ""55.91669083"", ""55.82024002""]",2,GenericAELG,5,learnable
resnet_skip_study_weather_r2,GAELG20_skip5_learn,genAELG_depth_x_skip,['GenericAELG'],Weather-96,144,96,480,20,1,True,2,44,47.751236,0.104120,0.283848,0.196265,nan,0.045922,0.007802,11162241,208.58,25,False,False,ReLU,MAX_EPOCHS,55.90899658,55.90899658,48.00366592,24,1.000000,False,"[""107.16493225"", ""81.79114532"", ""73.39955902"", ""67.76873016"", ""64.91887665"", ""62.03852844"", ""62.08637238"", ""60.67306519"", ""63.36584091"", ""59.32058716"", ""58.82251358"", ""58.42072296"", ""57.86675262"", ""59.64872742"", ""57.92346191"", ""57.71213150"", ""56.39804077"", ""56.82442093"", ""57.07509995"", ""56.19384003"", ""56.07845306"", ""55.95232773"", ""56.02016449"", ""55.95515442"", ""55.90899658""]",2,GenericAELG,5,learnable
resnet_skip_study_weather_r2,GAELG30_skip5_a01,genAELG_depth_x_skip,['GenericAELG'],Weather-96,144,96,480,30,1,True,0,42,47.703979,0.106246,0.289897,0.212018,nan,0.047198,0.008613,16743360,221.92,25,False,False,ReLU,MAX_EPOCHS,55.94040680,56.04497147,45.68567657,21,1.001869,False,"[""103.95660400"", ""82.84856415"", ""74.83199310"", ""70.31252289"", ""66.01057434"", ""62.87761307"", ""62.07171249"", ""60.22224426"", ""59.21276855"", ""59.20380402"", ""60.03662491"", ""58.95169830"", ""58.80367279"", ""58.13141632"", ""56.73706436"", ""57.39361191"", ""57.20116043"", ""57.06928253"", ""57.20555878"", ""56.52064514"", ""56.13803864"", ""55.94040680"", ""56.24172211"", ""55.98426056"", ""56.04497147""]",2,GenericAELG,5,0.1
resnet_skip_study_weather_r2,GAELG30_skip5_a01,genAELG_depth_x_skip,['GenericAELG'],Weather-96,144,96,480,30,1,True,1,43,46.946259,0.094822,0.260902,0.167590,nan,0.043881,0.009033,16743360,218.45,25,False,False,ReLU,MAX_EPOCHS,56.68323517,56.83095932,45.24812698,19,1.002606,False,"[""104.40540314"", ""81.60069275"", ""73.77519989"", ""69.85456085"", ""65.77781677"", ""62.85383224"", ""61.10724640"", ""60.27532196"", ""62.51337051"", ""60.57972336"", ""60.18317795"", ""57.74337006"", ""57.77621460"", ""58.22529602"", ""57.91056824"", ""58.32310486"", ""57.02785110"", ""58.36018753"", ""56.76681519"", ""56.68323517"", ""56.90810776"", ""57.09997559"", ""56.72407913"", ""57.06437683"", ""56.83095932""]",2,GenericAELG,5,0.1
resnet_skip_study_weather_r2,GAELG30_skip5_a01,genAELG_depth_x_skip,['GenericAELG'],Weather-96,144,96,480,30,1,True,2,44,46.804871,0.092978,0.250868,0.156137,nan,0.040867,0.006763,16743360,218.67,25,False,False,ReLU,MAX_EPOCHS,56.41313934,56.44882202,45.25580978,19,1.000633,False,"[""105.08482361"", ""83.65386200"", ""75.20348358"", ""70.10359955"", ""65.67639160"", ""63.97855759"", ""63.67550659"", ""60.95145798"", ""59.61347198"", ""58.70556641"", ""59.14127731"", ""57.61333084"", ""57.92729950"", ""57.77987289"", ""56.87145996"", ""57.54251480"", ""60.67099762"", ""56.97524643"", ""57.24961090"", ""56.41313934"", ""56.65883255"", ""56.57870102"", ""56.51633835"", ""56.43734360"", ""56.44882202""]",2,GenericAELG,5,0.1
resnet_skip_study_weather_r2,GAELG30_skip5_learn,genAELG_depth_x_skip,['GenericAELG'],Weather-96,144,96,480,30,1,True,0,42,48.545109,0.099996,0.280036,0.181144,nan,0.045583,0.008507,16743361,224.14,25,False,False,ReLU,MAX_EPOCHS,55.84143448,56.17191696,45.94771576,19,1.005918,False,"[""104.83544159"", ""82.58724976"", ""74.24099731"", ""69.90106964"", ""67.06110382"", ""63.55934906"", ""61.49355316"", ""61.83372879"", ""59.76615143"", ""59.37991333"", ""58.00146484"", ""58.49210739"", ""57.43943405"", ""58.28272629"", ""57.21215439"", ""56.64562988"", ""56.46443939"", ""56.86843872"", ""56.10691452"", ""55.84143448"", ""56.85624313"", ""56.44087219"", ""56.09888458"", ""56.32118607"", ""56.17191696""]",2,GenericAELG,5,learnable
resnet_skip_study_weather_r2,GAELG30_skip5_learn,genAELG_depth_x_skip,['GenericAELG'],Weather-96,144,96,480,30,1,True,1,43,40.462864,0.096922,0.234750,0.130328,nan,0.039385,0.005336,16743361,221.99,25,False,False,ReLU,MAX_EPOCHS,56.78454208,56.86125183,45.81675720,18,1.001351,False,"[""103.43916321"", ""82.49327087"", ""74.54423523"", ""69.84169769"", ""64.34429932"", ""62.40159988"", ""60.69655991"", ""60.69523621"", ""59.61978531"", ""59.07539749"", ""58.97880936"", ""60.70794296"", ""58.47175217"", ""57.82090378"", ""58.51728821"", ""59.18661499"", ""58.00289917"", ""57.70022202"", ""56.78454208"", ""57.23941422"", ""57.09022141"", ""57.01483917"", ""56.78973770"", ""56.82745743"", ""56.86125183""]",2,GenericAELG,5,learnable
resnet_skip_study_weather_r2,GAELG30_skip5_learn,genAELG_depth_x_skip,['GenericAELG'],Weather-96,144,96,480,30,1,True,2,44,45.270935,0.095813,0.258975,0.176686,nan,0.041921,0.006989,16743361,221.11,25,False,False,ReLU,MAX_EPOCHS,56.08563232,56.16371536,46.25403595,23,1.001392,False,"[""103.37246704"", ""84.28359985"", ""74.44483948"", ""69.02611542"", ""65.41855621"", ""64.05966187"", ""62.67145920"", ""61.33265686"", ""60.55057526"", ""58.61146927"", ""58.24563599"", ""58.44817352"", ""57.96048737"", ""57.69364166"", ""58.22505188"", ""58.30738068"", ""57.40658569"", ""57.89760208"", ""56.71274185"", ""56.88409805"", ""56.54536057"", ""56.09791946"", ""56.30633926"", ""56.08563232"", ""56.16371536""]",2,GenericAELG,5,learnable
resnet_skip_study_weather_r2,GAELG30_skip10_learn,genAELG_distance_sweep,['GenericAELG'],Weather-96,144,96,480,30,1,True,0,42,46.226700,0.097417,0.269725,0.196675,nan,0.043841,0.008009,16743361,215.62,25,False,False,ReLU,MAX_EPOCHS,55.53667068,55.70775986,46.31454086,21,1.003081,False,"[""102.56101227"", ""81.68299866"", ""74.87196350"", ""68.74440765"", ""65.18479919"", ""62.75904083"", ""61.46832657"", ""60.83745193"", ""60.95799255"", ""59.33089828"", ""59.52155685"", ""62.56729889"", ""57.51658249"", ""58.66558456"", ""57.46168518"", ""57.49118423"", ""57.19406509"", ""57.61456299"", ""56.25782013"", ""56.38512421"", ""55.97880936"", ""55.53667068"", ""55.78796387"", ""55.65737534"", ""55.70775986""]",2,GenericAELG,10,learnable
resnet_skip_study_weather_r2,GAELG30_skip10_learn,genAELG_distance_sweep,['GenericAELG'],Weather-96,144,96,480,30,1,True,1,43,41.716496,0.094218,0.257000,0.149858,nan,0.042528,0.007426,16743361,220.43,25,False,False,ReLU,MAX_EPOCHS,56.69429398,56.84603500,45.47063828,23,1.002676,False,"[""103.48055267"", ""82.04415131"", ""74.47309113"", ""69.62375641"", ""65.14170837"", ""63.10151291"", ""61.47698593"", ""60.30171585"", ""58.62358093"", ""61.39226532"", ""60.88040924"", ""57.99528885"", ""58.03896713"", ""57.49629593"", ""57.96883774"", ""58.02468491"", ""58.24100876"", ""57.06198883"", ""57.89283371"", ""56.82842255"", ""56.77032471"", ""56.75354004"", ""56.71167374"", ""56.69429398"", ""56.84603500""]",2,GenericAELG,10,learnable
resnet_skip_study_weather_r2,GAELG30_skip10_learn,genAELG_distance_sweep,['GenericAELG'],Weather-96,144,96,480,30,1,True,2,44,44.854816,0.092328,0.267185,0.197841,nan,0.041714,0.006926,16743361,215.63,25,False,False,ReLU,MAX_EPOCHS,56.17739105,56.22376633,46.57758331,22,1.000826,False,"[""103.59715271"", ""83.39283752"", ""74.30191040"", ""69.62434387"", ""66.07089996"", ""63.28674698"", ""62.32175064"", ""61.30963135"", ""59.87786484"", ""59.98009872"", ""58.34504318"", ""58.96172333"", ""58.36610031"", ""58.06010437"", ""57.32048035"", ""60.02759171"", ""57.73818970"", ""58.08132172"", ""57.93966675"", ""57.09462738"", ""56.24180603"", ""56.55062866"", ""56.17739105"", ""56.23036194"", ""56.22376633""]",2,GenericAELG,10,learnable
resnet_skip_study_weather_r2,G30_no_skip,generic_legacy,['Generic'],Weather-96,144,96,480,30,1,True,0,42,48.303001,0.095186,0.276504,0.192402,nan,0.040163,0.005075,39874560,245.25,25,False,False,ReLU,MAX_EPOCHS,56.43754578,56.74699402,39.88122177,21,1.005483,False,"[""102.17893219"", ""78.39025116"", ""68.75873566"", ""64.71646118"", ""61.93526459"", ""60.35112000"", ""59.60422134"", ""59.12311172"", ""58.82946396"", ""59.65028381"", ""56.79270172"", ""58.15989304"", ""59.57453918"", ""57.80965042"", ""58.08938599"", ""56.80196762"", ""58.62700272"", ""56.76252365"", ""56.89054871"", ""56.96686935"", ""57.64860535"", ""56.43754578"", ""56.76981354"", ""56.67892075"", ""56.74699402""]",2,Generic,0,none
resnet_skip_study_weather_r2,G30_no_skip,generic_legacy,['Generic'],Weather-96,144,96,480,30,1,True,1,43,47.084064,0.093932,0.267337,0.186281,nan,0.040625,0.006014,39874560,225.68,25,False,False,ReLU,MAX_EPOCHS,55.97763062,56.55118179,38.76800156,21,1.010246,False,"[""100.49146271"", ""76.45223999"", ""68.88998413"", ""64.34299469"", ""63.18802643"", ""60.36369705"", ""59.26222229"", ""59.04759216"", ""58.08049011"", ""57.20528793"", ""57.25660324"", ""58.17108917"", ""57.18830109"", ""60.32783508"", ""57.07376099"", ""58.48431396"", ""56.60463715"", ""57.07262802"", ""56.01353455"", ""57.35718155"", ""56.11994934"", ""55.97763062"", ""56.56656647"", ""56.44508743"", ""56.55118179""]",2,Generic,0,none
resnet_skip_study_weather_r2,G30_no_skip,generic_legacy,['Generic'],Weather-96,144,96,480,30,1,True,2,44,45.197090,0.095478,0.260220,0.176064,nan,0.039544,0.005455,39874560,228.24,25,False,False,ReLU,MAX_EPOCHS,56.29154968,56.84243393,39.09547424,17,1.009786,False,"[""98.53600311"", ""76.75619507"", ""68.76319885"", ""65.52226257"", ""62.47823715"", ""60.71579361"", ""59.34527588"", ""58.77699280"", ""58.67909241"", ""57.73479843"", ""57.40737152"", ""56.76573944"", ""59.31328964"", ""58.43115616"", ""57.13838196"", ""59.44182968"", ""56.97338104"", ""56.29154968"", ""56.79594421"", ""57.34955597"", ""56.74094009"", ""57.14231110"", ""57.44615173"", ""56.90042877"", ""56.84243393""]",2,Generic,0,none
resnet_skip_study_weather_r2,G30_skip5_a01,generic_legacy,['Generic'],Weather-96,144,96,480,30,1,True,0,42,49.243679,0.117201,0.300774,0.190950,nan,0.047928,0.007206,39874560,221.05,25,False,False,ReLU,MAX_EPOCHS,56.39727020,56.78051758,38.52564240,17,1.006795,False,"[""102.17224121"", ""79.06642914"", ""70.13829041"", ""64.77448273"", ""62.49299622"", ""60.70400620"", ""59.71184921"", ""59.54269028"", ""58.91174698"", ""58.81368637"", ""56.97018433"", ""58.36795044"", ""57.22126389"", ""57.30019760"", ""57.69640350"", ""57.23324966"", ""57.21076202"", ""56.39727020"", ""57.76558685"", ""57.95335770"", ""57.50641251"", ""56.76824570"", ""56.76590347"", ""56.77655411"", ""56.78051758""]",2,Generic,5,0.1
resnet_skip_study_weather_r2,G30_skip5_a01,generic_legacy,['Generic'],Weather-96,144,96,480,30,1,True,1,43,46.248142,0.083859,0.248734,0.142023,nan,0.035451,0.003795,39874560,229.87,24,False,False,ReLU,EARLY_STOPPED,55.96028137,56.54469299,38.62925339,13,1.010443,False,"[""103.46955109"", ""77.20907593"", ""68.52516174"", ""63.71326447"", ""61.91086578"", ""60.10084152"", ""60.23712158"", ""59.36553955"", ""60.53871536"", ""59.00985718"", ""56.97032166"", ""57.58138275"", ""57.36418533"", ""55.96028137"", ""58.20486450"", ""58.24454880"", ""56.41981888"", ""56.80158234"", ""57.54467773"", ""56.13511658"", ""56.42490387"", ""56.52048492"", ""57.16518021"", ""56.54469299""]",2,Generic,5,0.1
resnet_skip_study_weather_r2,G30_skip5_a01,generic_legacy,['Generic'],Weather-96,144,96,480,30,1,True,2,44,48.066349,0.106140,0.317713,0.318496,nan,0.044059,0.006658,39874560,226.92,25,False,False,ReLU,MAX_EPOCHS,56.48213577,56.62784576,39.39865875,23,1.002580,False,"[""104.54656219"", ""79.04222107"", ""69.67778778"", ""64.05311584"", ""61.01307678"", ""61.30093765"", ""58.65479660"", ""58.55277252"", ""58.65694809"", ""61.31429672"", ""57.86230469"", ""60.37949753"", ""57.08115768"", ""57.59607697"", ""57.30848312"", ""58.94078064"", ""57.63799667"", ""57.53640366"", ""56.82464981"", ""56.57571411"", ""56.88479996"", ""56.68544769"", ""56.74232101"", ""56.48213577"", ""56.62784576""]",2,Generic,5,0.1
resnet_skip_study_weather_r2,G30_skip5_learn,generic_legacy,['Generic'],Weather-96,144,96,480,30,1,True,0,42,47.868580,0.098891,0.296417,0.213688,nan,0.042073,0.005421,39874561,244.03,25,False,False,ReLU,MAX_EPOCHS,56.25265884,56.66130066,38.68481827,20,1.007264,False,"[""103.58850098"", ""80.20388794"", ""70.18429565"", ""65.81798553"", ""61.56207275"", ""61.52754974"", ""60.06686783"", ""58.83786011"", ""58.16119766"", ""57.12950134"", ""57.80556870"", ""56.69748688"", ""57.27661896"", ""56.66551590"", ""57.68409348"", ""56.31455612"", ""57.18001556"", ""56.87817383"", ""56.80160522"", ""56.72147751"", ""56.25265884"", ""56.31838989"", ""56.59914017"", ""56.58278656"", ""56.66130066""]",2,Generic,5,learnable
resnet_skip_study_weather_r2,G30_skip5_learn,generic_legacy,['Generic'],Weather-96,144,96,480,30,1,True,1,43,44.902702,0.080355,0.244222,0.135669,nan,0.034580,0.003974,39874561,232.81,25,False,False,ReLU,MAX_EPOCHS,55.80104065,56.60635757,38.79978180,17,1.014432,False,"[""102.38670349"", ""76.12959290"", ""68.52912140"", ""64.71165466"", ""61.95760345"", ""60.83903503"", ""59.84037399"", ""61.82406998"", ""58.37933350"", ""58.23120499"", ""58.96366119"", ""57.12758255"", ""57.70257187"", ""56.95951080"", ""56.67888641"", ""56.88385391"", ""55.86697006"", ""55.80104065"", ""57.21310806"", ""56.49470139"", ""56.70924759"", ""56.84547424"", ""56.49835587"", ""56.52121353"", ""56.60635757""]",2,Generic,5,learnable
resnet_skip_study_weather_r2,G30_skip5_learn,generic_legacy,['Generic'],Weather-96,144,96,480,30,1,True,2,44,48.538692,0.092746,0.266486,0.175016,nan,0.041685,0.006817,39874561,222.98,25,False,False,ReLU,MAX_EPOCHS,56.31267929,56.84519577,39.65526581,19,1.009456,False,"[""99.76712799"", ""76.45008850"", ""69.74230957"", ""66.48490143"", ""62.57240677"", ""60.99338531"", ""59.78913879"", ""58.62403107"", ""58.16457367"", ""57.88101959"", ""59.29306793"", ""58.61599350"", ""60.94512177"", ""57.05953979"", ""57.21503448"", ""57.75154877"", ""56.77905655"", ""57.12601471"", ""57.17993927"", ""56.31267929"", ""57.70537949"", ""56.44909286"", ""56.59921646"", ""56.70698929"", ""56.84519577""]",2,Generic,5,learnable
resnet_skip_study_weather_r2,G30_skip10_a01,generic_legacy,['Generic'],Weather-96,144,96,480,30,1,True,0,42,43.306198,0.081899,0.239265,0.140614,nan,0.034517,0.003829,39874560,217.19,25,False,False,ReLU,MAX_EPOCHS,56.09267426,56.56796646,39.70281601,21,1.008473,False,"[""101.31060791"", ""77.01765442"", ""68.93369293"", ""65.19979095"", ""61.12599182"", ""60.87666702"", ""62.49209595"", ""62.28909302"", ""58.89931870"", ""57.35296631"", ""58.34325409"", ""56.88051605"", ""58.63587952"", ""57.00336838"", ""58.48473358"", ""57.02415085"", ""57.35722733"", ""56.13707352"", ""58.32880020"", ""56.34592819"", ""56.54071426"", ""56.09267426"", ""56.40237808"", ""56.65013123"", ""56.56796646""]",2,Generic,10,0.1
resnet_skip_study_weather_r2,G30_skip10_a01,generic_legacy,['Generic'],Weather-96,144,96,480,30,1,True,1,43,47.199677,0.093220,0.280985,0.192218,nan,0.039980,0.005278,39874560,221.21,25,False,False,ReLU,MAX_EPOCHS,56.62397003,57.39193726,38.33566284,21,1.013563,False,"[""98.79266357"", ""77.24566650"", ""69.45255280"", ""63.88218307"", ""62.79497910"", ""60.46451187"", ""61.05506516"", ""60.42416763"", ""58.09441376"", ""58.02009201"", ""57.54651260"", ""57.52734375"", ""56.67594147"", ""58.51588440"", ""59.06828690"", ""57.60870743"", ""56.81872559"", ""56.91459274"", ""58.16423416"", ""59.25972366"", ""56.75669479"", ""56.62397003"", ""57.32155609"", ""57.17846298"", ""57.39193726""]",2,Generic,10,0.1
resnet_skip_study_weather_r2,G30_skip10_a01,generic_legacy,['Generic'],Weather-96,144,96,480,30,1,True,2,44,40.801559,0.091241,0.245482,0.176128,nan,0.035790,0.004297,39874560,222.47,25,False,False,ReLU,MAX_EPOCHS,56.36452866,56.97130585,38.83471680,16,1.010765,False,"[""98.45680237"", ""76.43365479"", ""69.10466766"", ""64.93934631"", ""62.13746643"", ""61.11886978"", ""59.66799927"", ""60.53712845"", ""58.62720108"", ""58.28517532"", ""57.33036804"", ""56.99933243"", ""57.24310303"", ""56.66325760"", ""58.08681870"", ""57.89105988"", ""56.36452866"", ""57.84295273"", ""57.50313950"", ""57.14353943"", ""56.45333099"", ""56.82134628"", ""56.95199203"", ""56.98443604"", ""56.97130585""]",2,Generic,10,0.1
resnet_skip_study_weather_r2,G30_skip10_learn,generic_legacy,['Generic'],Weather-96,144,96,480,30,1,True,0,42,44.272404,0.083441,0.258016,0.190412,nan,0.036064,0.004560,39874561,227.97,25,False,False,ReLU,MAX_EPOCHS,56.23893738,56.58815384,39.36509323,19,1.006210,False,"[""102.28839874"", ""80.90383148"", ""68.82377625"", ""65.23159027"", ""63.43842697"", ""61.26739883"", ""59.91037369"", ""59.93207550"", ""57.33801651"", ""57.89023209"", ""59.21757126"", ""56.62847137"", ""56.87104034"", ""56.45692444"", ""56.79252243"", ""57.27134323"", ""56.33726883"", ""57.28721619"", ""56.62891769"", ""56.23893738"", ""56.53405762"", ""56.49760818"", ""56.72060394"", ""56.53913498"", ""56.58815384""]",2,Generic,10,learnable
resnet_skip_study_weather_r2,G30_skip10_learn,generic_legacy,['Generic'],Weather-96,144,96,480,30,1,True,1,43,46.624393,0.096085,0.279221,0.198667,nan,0.040745,0.005950,39874561,223.49,25,False,False,ReLU,MAX_EPOCHS,55.92512512,56.28828430,39.12342072,18,1.006494,False,"[""99.68884277"", ""78.13386536"", ""69.45396423"", ""64.33452606"", ""64.35373688"", ""61.02331161"", ""58.86586761"", ""58.40966034"", ""59.17903900"", ""58.28691101"", ""57.55499649"", ""56.83245087"", ""57.96592712"", ""57.40899277"", ""56.97864151"", ""56.60242462"", ""56.69327545"", ""56.34645081"", ""55.92512512"", ""56.14941788"", ""56.41161346"", ""56.42085648"", ""56.27732086"", ""56.39561844"", ""56.28828430""]",2,Generic,10,learnable
resnet_skip_study_weather_r2,G30_skip10_learn,generic_legacy,['Generic'],Weather-96,144,96,480,30,1,True,2,44,45.819283,0.092665,0.267341,0.190227,nan,0.039098,0.005149,39874561,222.07,25,False,False,ReLU,MAX_EPOCHS,56.04956818,56.60145187,39.82128906,15,1.009846,False,"[""99.72104645"", ""75.88793945"", ""68.72525787"", ""64.69679260"", ""62.17551422"", ""62.31261444"", ""60.36683273"", ""60.68970108"", ""57.94577026"", ""59.19213867"", ""56.90829849"", ""58.59366608"", ""56.53142166"", ""56.85010529"", ""59.12585449"", ""56.04956818"", ""56.42035675"", ""58.92869949"", ""56.56821060"", ""56.79243851"", ""56.12568665"", ""56.76163483"", ""56.51651764"", ""56.38895798"", ""56.60145187""]",2,Generic,10,learnable
resnet_skip_study_weather_r3,GAELG20_no_skip,genAELG_baseline,['GenericAELG'],Weather-96,144,96,480,20,1,True,0,42,48.195450,0.105878,0.293741,0.217079,nan,0.047504,0.009469,11162240,243.22,33,False,False,ReLU,EARLY_STOPPED,55.90584183,56.74999237,45.32962036,22,1.015100,False,"[""108.31806946"", ""80.44324493"", ""73.46031189"", ""68.03973389"", ""64.29150391"", ""63.49286270"", ""62.95048141"", ""61.76884842"", ""61.10551453"", ""59.75387192"", ""59.14097595"", ""58.38876343"", ""58.04450607"", ""57.90337372"", ""58.77472305"", ""57.22427368"", ""56.98769760"", ""56.79335022"", ""56.92412186"", ""57.24560165"", ""56.59219742"", ""57.41007233"", ""55.90584183"", ""56.66058731"", ""56.64702606"", ""56.39807510"", ""56.82425690"", ""57.48789215"", ""59.11971283"", ""56.27052307"", ""56.68948746"", ""56.81126022"", ""56.74999237""]",3,GenericAELG,0,none
resnet_skip_study_weather_r3,GAELG20_no_skip,genAELG_baseline,['GenericAELG'],Weather-96,144,96,480,20,1,True,1,43,45.127548,0.098216,0.270895,0.172135,nan,0.045639,0.009763,11162240,264.60,36,False,False,ReLU,EARLY_STOPPED,56.15551376,57.25333023,43.96723175,25,1.019550,False,"[""106.77589417"", ""81.69330597"", ""72.43157196"", ""69.12712097"", ""64.77443695"", ""63.55437088"", ""61.49690628"", ""62.79692841"", ""60.14363861"", ""59.25393677"", ""61.46979523"", ""58.37562561"", ""57.58798599"", ""57.68376160"", ""57.98773193"", ""57.73995972"", ""57.16285706"", ""56.66968155"", ""57.43236542"", ""56.80264282"", ""57.85803223"", ""56.54947662"", ""56.59824753"", ""57.00690460"", ""58.41562653"", ""56.15551376"", ""56.53786469"", ""56.84974670"", ""56.79465485"", ""56.38901520"", ""56.94035721"", ""56.87955093"", ""56.93484497"", ""56.72044754"", ""57.22665787"", ""57.25333023""]",3,GenericAELG,0,none
resnet_skip_study_weather_r3,GAELG20_no_skip,genAELG_baseline,['GenericAELG'],Weather-96,144,96,480,20,1,True,2,44,44.349907,0.100928,0.260449,0.161328,nan,0.042998,0.006984,11162240,223.83,30,False,False,ReLU,EARLY_STOPPED,56.51037598,57.81615829,44.89635086,19,1.023107,False,"[""109.27436066"", ""82.06460571"", ""74.89287567"", ""68.54323578"", ""65.02236938"", ""63.08631897"", ""62.20263290"", ""60.40802002"", ""59.10102081"", ""59.01707458"", ""58.42758560"", ""60.25666046"", ""57.64486694"", ""56.84636688"", ""57.05089569"", ""58.28774643"", ""57.94908905"", ""56.88829422"", ""57.22718048"", ""56.51037598"", ""57.45068359"", ""56.65529251"", ""56.60161972"", ""56.79239655"", ""57.25445175"", ""56.60884857"", ""57.41484070"", ""57.53806686"", ""57.24029541"", ""57.81615829""]",3,GenericAELG,0,none
resnet_skip_study_weather_r3,GAELG20_no_skip,genAELG_baseline,['GenericAELG'],Weather-96,144,96,480,20,1,True,3,45,49.369728,0.105235,0.299288,0.245861,nan,0.048167,0.010160,11162240,304.65,37,False,False,ReLU,EARLY_STOPPED,56.27869797,57.20810318,43.76927185,26,1.016514,False,"[""109.14511871"", ""79.95283508"", ""72.93206024"", ""68.88013458"", ""65.21587372"", ""62.83946609"", ""61.09520721"", ""61.53333664"", ""59.55793381"", ""59.16576385"", ""58.92430496"", ""58.41902924"", ""58.08914185"", ""58.15107727"", ""57.59474564"", ""57.44528198"", ""57.37303543"", ""56.89064789"", ""56.59344864"", ""56.71008682"", ""56.44947433"", ""57.10886002"", ""56.86295700"", ""56.47947311"", ""56.46060181"", ""57.98076248"", ""56.27869797"", ""57.03949356"", ""56.72889328"", ""57.39824295"", ""56.71394348"", ""56.78916168"", ""56.83061600"", ""57.09385681"", ""57.17691803"", ""57.30587387"", ""57.20810318""]",3,GenericAELG,0,none
resnet_skip_study_weather_r3,GAELG20_no_skip,genAELG_baseline,['GenericAELG'],Weather-96,144,96,480,20,1,True,4,46,45.214390,0.094428,0.243735,0.145541,nan,0.040884,0.007008,11162240,263.35,33,False,False,ReLU,EARLY_STOPPED,56.00849915,57.11994934,45.26480103,22,1.019844,False,"[""102.80072784"", ""79.24683380"", ""72.72032166"", ""67.73051453"", ""64.33659363"", ""62.45110703"", ""62.06895065"", ""60.08607101"", ""60.14075851"", ""59.06529236"", ""57.99793625"", ""59.17386246"", ""58.72011185"", ""57.73180771"", ""57.64126587"", ""58.45466995"", ""57.20751190"", ""58.14731598"", ""57.67164230"", ""57.98362350"", ""56.20389557"", ""56.92727661"", ""56.00849915"", ""56.92731094"", ""56.91603470"", ""57.61882782"", ""57.50825882"", ""56.97286224"", ""57.62253571"", ""57.18611908"", ""56.85794830"", ""58.20214844"", ""57.11994934""]",3,GenericAELG,0,none
resnet_skip_study_weather_r3,GAELG20_skip5_a01,genAELG_depth_x_skip,['GenericAELG'],Weather-96,144,96,480,20,1,True,0,42,47.770721,0.103815,0.286228,0.203590,nan,0.047366,0.009847,11162240,243.81,31,False,False,ReLU,EARLY_STOPPED,56.55629730,56.94742966,45.38032913,20,1.006916,False,"[""98.92553711"", ""79.26224518"", ""72.61449432"", ""67.95898438"", ""64.47049713"", ""62.20816422"", ""61.71611023"", ""60.11935425"", ""61.59982681"", ""59.45051193"", ""59.84694290"", ""57.70557404"", ""57.19258881"", ""57.05629730"", ""57.51674271"", ""59.40310287"", ""57.25108337"", ""57.73765945"", ""57.28302765"", ""57.22385025"", ""56.55629730"", ""57.14048767"", ""56.81521225"", ""56.92609406"", ""58.34862518"", ""57.64830017"", ""57.25222778"", ""57.14300156"", ""57.09738922"", ""56.88117599"", ""56.94742966""]",3,GenericAELG,5,0.1
resnet_skip_study_weather_r3,GAELG20_skip5_a01,genAELG_depth_x_skip,['GenericAELG'],Weather-96,144,96,480,20,1,True,1,43,46.161888,0.087199,0.274217,0.199029,nan,0.038524,0.005199,11162240,299.06,38,False,False,ReLU,EARLY_STOPPED,56.68744278,56.99374008,44.48531723,27,1.005403,False,"[""102.59829712"", ""80.58847809"", ""72.77553558"", ""67.77571869"", ""65.85732269"", ""62.63104630"", ""62.08561707"", ""60.10425568"", ""62.92599869"", ""58.59484100"", ""59.13590240"", ""59.10300064"", ""58.15322495"", ""58.64363861"", ""59.68458557"", ""58.23756409"", ""57.53973770"", ""57.50872421"", ""56.84505081"", ""58.56029510"", ""56.69256973"", ""56.83868408"", ""56.82104874"", ""57.17384338"", ""57.16208267"", ""57.11022186"", ""56.75399780"", ""56.68744278"", ""56.84749603"", ""56.95857239"", ""56.69174957"", ""56.70583344"", ""56.98651123"", ""57.08954239"", ""57.57124329"", ""57.35364532"", ""57.04208755"", ""56.99374008""]",3,GenericAELG,5,0.1
resnet_skip_study_weather_r3,GAELG20_skip5_a01,genAELG_depth_x_skip,['GenericAELG'],Weather-96,144,96,480,20,1,True,2,44,52.816254,0.117582,0.304192,0.206064,nan,0.051262,0.009552,11162240,264.99,33,False,False,ReLU,EARLY_STOPPED,56.94087219,57.36621094,44.78561401,22,1.007470,False,"[""100.99167633"", ""78.97773743"", ""72.69342804"", ""68.68614197"", ""65.07717133"", ""62.78095245"", ""60.45267105"", ""60.60347748"", ""60.47177887"", ""60.35660934"", ""59.23856354"", ""58.50857925"", ""58.88206482"", ""58.37826538"", ""58.39193344"", ""58.39111710"", ""57.90736008"", ""58.43225861"", ""57.91757202"", ""57.71728134"", ""58.22147751"", ""57.03199387"", ""56.94087219"", ""57.15244293"", ""57.88776779"", ""58.59217834"", ""58.91100693"", ""57.75090027"", ""57.67165375"", ""57.90359879"", ""58.44720078"", ""57.36435699"", ""57.36621094""]",3,GenericAELG,5,0.1
resnet_skip_study_weather_r3,GAELG20_skip5_a01,genAELG_depth_x_skip,['GenericAELG'],Weather-96,144,96,480,20,1,True,3,45,47.212654,0.097402,0.286841,0.221245,nan,0.044652,0.009831,11162240,278.02,35,False,False,ReLU,EARLY_STOPPED,56.88825226,57.20423508,43.31400299,24,1.005554,False,"[""106.16287231"", ""81.47322845"", ""72.64911652"", ""68.53339386"", ""66.08590698"", ""62.64629364"", ""61.56178284"", ""61.35781860"", ""60.36270905"", ""59.69870758"", ""58.67444229"", ""58.02474594"", ""57.38636398"", ""58.82806778"", ""60.26150513"", ""57.11356354"", ""57.47498703"", ""57.15094757"", ""57.61119843"", ""57.40764618"", ""56.91398239"", ""58.39316940"", ""57.39406204"", ""57.51286316"", ""56.88825226"", ""57.36674500"", ""58.29814529"", ""57.56614304"", ""57.15081787"", ""57.09842300"", ""56.89076614"", ""57.21689606"", ""56.99427032"", ""57.09260178"", ""57.20423508""]",3,GenericAELG,5,0.1
resnet_skip_study_weather_r3,GAELG20_skip5_a01,genAELG_depth_x_skip,['GenericAELG'],Weather-96,144,96,480,20,1,True,4,46,44.560562,0.106120,0.268607,0.161242,nan,0.045378,0.007903,11162240,261.84,33,False,False,ReLU,EARLY_STOPPED,56.02396011,56.99407578,45.13046265,22,1.017316,False,"[""104.32958984"", ""78.56517029"", ""72.27943420"", ""68.06230927"", ""64.64969635"", ""62.90543747"", ""60.41415787"", ""62.89723969"", ""61.76393509"", ""60.16986847"", ""58.54722977"", ""59.44362259"", ""58.41539383"", ""57.93268204"", ""57.27268982"", ""57.48273087"", ""57.40255737"", ""56.82955551"", ""56.80324936"", ""56.73169327"", ""56.89005280"", ""56.76783752"", ""56.02396011"", ""56.58376312"", ""56.41579056"", ""57.55826187"", ""56.36898804"", ""57.37528229"", ""56.71438599"", ""56.75557327"", ""56.70301437"", ""57.13661194"", ""56.99407578""]",3,GenericAELG,5,0.1
resnet_skip_study_weather_r3,GAELG20_skip5_learn,genAELG_depth_x_skip,['GenericAELG'],Weather-96,144,96,480,20,1,True,0,42,47.301003,0.103884,0.290189,0.224463,nan,0.047366,0.011525,11162241,257.01,32,False,False,ReLU,EARLY_STOPPED,56.72695541,56.98247528,45.39923859,21,1.004504,False,"[""108.31813812"", ""79.88477325"", ""73.21186829"", ""68.05310059"", ""65.08914948"", ""62.30680847"", ""60.50520706"", ""59.73008728"", ""59.63248062"", ""59.64090347"", ""58.54000473"", ""59.30208588"", ""58.27383423"", ""58.51727676"", ""57.52435303"", ""56.96541595"", ""57.71439743"", ""58.28327942"", ""56.94873428"", ""57.64188766"", ""56.78981400"", ""56.72695541"", ""57.68380737"", ""56.90692520"", ""56.78397369"", ""57.46046829"", ""56.89844513"", ""57.20929337"", ""56.97038269"", ""57.07538223"", ""56.92528534"", ""56.98247528""]",3,GenericAELG,5,learnable
resnet_skip_study_weather_r3,GAELG20_skip5_learn,genAELG_depth_x_skip,['GenericAELG'],Weather-96,144,96,480,20,1,True,1,43,42.358345,0.083834,0.233995,0.130175,nan,0.037080,0.005411,11162241,289.90,36,False,False,ReLU,EARLY_STOPPED,56.23190308,57.49301910,44.61893845,25,1.022427,False,"[""111.05274963"", ""80.71808624"", ""72.33781433"", ""69.00783539"", ""64.66720581"", ""63.36936951"", ""61.32714081"", ""60.75006104"", ""58.78997040"", ""58.51760101"", ""58.30606079"", ""59.18761444"", ""58.61442184"", ""58.03717804"", ""57.42690659"", ""56.90715790"", ""57.51553726"", ""56.37329865"", ""56.86434937"", ""56.30747604"", ""56.38389587"", ""56.93745422"", ""56.34081268"", ""56.72652817"", ""56.45760727"", ""56.23190308"", ""56.57384872"", ""56.76549530"", ""56.67610931"", ""56.23902512"", ""56.79674149"", ""56.39585114"", ""58.82083130"", ""56.56320953"", ""56.85010529"", ""57.49301910""]",3,GenericAELG,5,learnable
resnet_skip_study_weather_r3,GAELG20_skip5_learn,genAELG_depth_x_skip,['GenericAELG'],Weather-96,144,96,480,20,1,True,2,44,47.892303,0.105632,0.295741,0.232680,nan,0.049013,0.010675,11162241,289.08,36,False,False,ReLU,EARLY_STOPPED,55.85671616,57.33639526,44.52051163,25,1.026491,False,"[""107.16493225"", ""81.79114532"", ""73.39955902"", ""67.76873016"", ""64.91887665"", ""62.03852844"", ""62.08637238"", ""60.67306519"", ""63.36584091"", ""59.32058716"", ""58.82251358"", ""58.42072296"", ""57.86675262"", ""59.64872742"", ""57.92346191"", ""57.71213150"", ""56.35637665"", ""56.82551956"", ""57.72183609"", ""58.01589584"", ""57.50221634"", ""56.48831177"", ""56.71632385"", ""56.69302368"", ""57.31312561"", ""55.85671616"", ""56.87940216"", ""56.63451004"", ""57.06438446"", ""56.58033371"", ""56.66984177"", ""57.67980194"", ""57.06145096"", ""57.50395203"", ""56.87389374"", ""57.33639526""]",3,GenericAELG,5,learnable
resnet_skip_study_weather_r3,GAELG20_skip5_learn,genAELG_depth_x_skip,['GenericAELG'],Weather-96,144,96,480,20,1,True,3,45,43.657661,0.090726,0.252460,0.171514,nan,0.037656,0.004659,11162241,231.94,29,False,False,ReLU,EARLY_STOPPED,56.50260925,57.14725876,46.37895966,18,1.011409,False,"[""105.57539368"", ""79.83838654"", ""72.75138855"", ""68.04457092"", ""65.03826141"", ""62.86396408"", ""60.78856659"", ""61.94002151"", ""60.06194305"", ""58.95685577"", ""59.32104492"", ""58.58877945"", ""58.58412933"", ""57.66457367"", ""58.96529388"", ""57.36967468"", ""57.28226852"", ""56.78192520"", ""56.50260925"", ""56.54349518"", ""57.37320328"", ""58.03680420"", ""57.25191116"", ""57.07154083"", ""57.15357590"", ""57.07775497"", ""57.88389969"", ""57.27886963"", ""57.14725876""]",3,GenericAELG,5,learnable
resnet_skip_study_weather_r3,GAELG20_skip5_learn,genAELG_depth_x_skip,['GenericAELG'],Weather-96,144,96,480,20,1,True,4,46,51.674736,0.135550,0.322191,0.241115,nan,0.059708,0.014687,11162241,286.61,36,False,False,ReLU,EARLY_STOPPED,56.19793701,56.80549622,43.95722580,25,1.010811,False,"[""105.87898254"", ""79.69458771"", ""72.43625641"", ""67.70661926"", ""68.65554810"", ""62.79979324"", ""62.31446075"", ""61.53869629"", ""60.14652252"", ""60.20104980"", ""58.31177902"", ""59.74152756"", ""57.35477829"", ""57.93072128"", ""56.94792938"", ""57.85485458"", ""57.45889664"", ""57.62929916"", ""57.51136017"", ""58.06183624"", ""57.32137680"", ""56.88425827"", ""57.91768265"", ""57.42474365"", ""57.55617142"", ""56.19793701"", ""56.96735382"", ""57.50448608"", ""56.93577576"", ""59.12789154"", ""57.43103790"", ""57.61666107"", ""57.46411514"", ""56.62958145"", ""56.85549927"", ""56.80549622""]",3,GenericAELG,5,learnable
resnet_skip_study_weather_r3,GAELG30_skip5_learn,genAELG_depth_x_skip,['GenericAELG'],Weather-96,144,96,480,30,1,True,0,42,44.656670,0.100198,0.277442,0.195962,nan,0.045725,0.009519,16743361,266.35,31,False,False,ReLU,EARLY_STOPPED,56.01602936,58.44393539,43.73811722,20,1.043343,False,"[""104.83544159"", ""82.58724976"", ""74.24099731"", ""69.90106964"", ""67.06110382"", ""63.55934906"", ""61.49355316"", ""61.83372879"", ""59.76615143"", ""59.37991333"", ""58.00146484"", ""58.49210739"", ""57.43943405"", ""58.28272629"", ""57.21215439"", ""56.64562988"", ""56.69381714"", ""57.83041000"", ""57.85036850"", ""56.60412216"", ""56.01602936"", ""56.83857727"", ""57.13484955"", ""56.82399368"", ""57.09184265"", ""58.15231323"", ""58.23357010"", ""57.38003159"", ""57.07925415"", ""56.66050720"", ""58.44393539""]",3,GenericAELG,5,learnable
resnet_skip_study_weather_r3,GAELG30_skip5_learn,genAELG_depth_x_skip,['GenericAELG'],Weather-96,144,96,480,30,1,True,1,43,45.373341,0.096755,0.248085,0.140407,nan,0.040236,0.005935,16743361,255.09,30,False,False,ReLU,EARLY_STOPPED,57.01239014,58.89307785,44.96945190,19,1.032987,False,"[""103.43916321"", ""82.49327087"", ""74.54423523"", ""69.84169769"", ""64.34429932"", ""62.40159988"", ""60.69655991"", ""60.69523621"", ""59.61978531"", ""59.07539749"", ""58.97880936"", ""60.70794296"", ""58.47175217"", ""57.82090378"", ""58.51728821"", ""59.18661499"", ""58.26312256"", ""57.91174316"", ""58.03863525"", ""57.01239014"", ""57.69340897"", ""59.48168182"", ""57.38101196"", ""57.98929977"", ""57.47001648"", ""57.48537827"", ""58.79320526"", ""58.21219635"", ""57.46603012"", ""58.89307785""]",3,GenericAELG,5,learnable
resnet_skip_study_weather_r3,GAELG30_skip5_learn,genAELG_depth_x_skip,['GenericAELG'],Weather-96,144,96,480,30,1,True,2,44,48.025223,0.105450,0.284695,0.223907,nan,0.049326,0.011938,16743361,353.51,41,False,False,ReLU,EARLY_STOPPED,56.48005676,57.73402023,40.67498398,30,1.022202,False,"[""103.37246704"", ""84.28359985"", ""74.44483948"", ""69.02611542"", ""65.41855621"", ""64.05966187"", ""62.67145920"", ""61.33265686"", ""60.55057526"", ""58.61146927"", ""58.24563599"", ""58.44817352"", ""57.96048737"", ""57.69364166"", ""58.22505188"", ""58.30738068"", ""57.25082016"", ""57.16814423"", ""58.60280991"", ""59.06275558"", ""58.18407059"", ""58.09674835"", ""58.34040070"", ""58.20866394"", ""57.25927353"", ""56.90969086"", ""57.15948486"", ""56.92604828"", ""58.13206482"", ""57.68444061"", ""56.48005676"", ""56.89174652"", ""57.22995377"", ""57.14383698"", ""57.66949081"", ""58.26934433"", ""57.39138031"", ""57.76562119"", ""59.01759338"", ""57.27065277"", ""57.73402023""]",3,GenericAELG,5,learnable
resnet_skip_study_weather_r3,GAELG30_skip5_learn,genAELG_depth_x_skip,['GenericAELG'],Weather-96,144,96,480,30,1,True,3,45,46.760498,0.108616,0.283638,0.215085,nan,0.047237,0.009022,16743361,290.02,34,False,False,ReLU,EARLY_STOPPED,55.92842865,56.79532242,42.20955276,23,1.015500,False,"[""105.83627319"", ""83.25090027"", ""75.70708466"", ""70.06548309"", ""65.75583649"", ""65.85086823"", ""65.33855438"", ""62.42188263"", ""60.83897400"", ""59.88879395"", ""59.50216675"", ""58.96467590"", ""58.74533844"", ""58.97547531"", ""57.81194687"", ""56.48143768"", ""56.97419739"", ""56.85351562"", ""56.73918152"", ""56.08699799"", ""56.97871399"", ""57.49675751"", ""57.12961578"", ""55.92842865"", ""56.23238754"", ""56.50749207"", ""56.76534653"", ""56.81486893"", ""56.16156006"", ""56.70372772"", ""57.05205154"", ""56.63097000"", ""56.50424957"", ""56.79532242""]",3,GenericAELG,5,learnable
resnet_skip_study_weather_r3,GAELG30_skip5_learn,genAELG_depth_x_skip,['GenericAELG'],Weather-96,144,96,480,30,1,True,4,46,43.831142,0.098591,0.263356,0.182671,nan,0.043931,0.007601,16743361,300.47,35,False,False,ReLU,EARLY_STOPPED,56.34110641,59.53916168,42.99497986,24,1.056762,False,"[""105.17118073"", ""83.99762726"", ""75.79903412"", ""69.20732117"", ""65.54492950"", ""63.47451782"", ""61.59683990"", ""60.44641113"", ""59.02908325"", ""59.13998032"", ""58.59072113"", ""58.56423187"", ""57.42172623"", ""57.62205887"", ""60.47419739"", ""57.30726242"", ""57.41067505"", ""56.90945435"", ""57.02708817"", ""57.22872543"", ""57.57529068"", ""56.80724335"", ""56.88872910"", ""56.37653732"", ""56.34110641"", ""57.22625732"", ""58.16592026"", ""57.37351227"", ""57.51083374"", ""57.30385208"", ""57.40369415"", ""58.37086487"", ""57.46129227"", ""57.73724365"", ""59.53916168""]",3,GenericAELG,5,learnable
resnet_skip_study_weather_r3,GAELG30_skip10_learn,genAELG_distance_sweep,['GenericAELG'],Weather-96,144,96,480,30,1,True,0,42,45.423351,0.098469,0.280021,0.211726,nan,0.043346,0.007225,16743361,297.58,35,False,False,ReLU,EARLY_STOPPED,55.98580170,56.66505814,43.01913834,24,1.012133,False,"[""102.56101227"", ""81.68299866"", ""74.87196350"", ""68.74440765"", ""65.18479919"", ""62.75904083"", ""61.46832657"", ""60.83745193"", ""60.95799255"", ""59.33089828"", ""59.52155685"", ""62.56729889"", ""57.51658249"", ""58.66558456"", ""57.46168518"", ""57.49118423"", ""57.36057281"", ""57.45953369"", ""56.49481583"", ""56.83268356"", ""57.42440033"", ""57.29619980"", ""56.48401260"", ""56.61682510"", ""55.98580170"", ""56.57872391"", ""56.39373779"", ""56.84468079"", ""57.05836487"", ""56.90189743"", ""58.30754089"", ""57.33717728"", ""56.89674759"", ""57.34479904"", ""56.66505814""]",3,GenericAELG,10,learnable
resnet_skip_study_weather_r3,GAELG30_skip10_learn,genAELG_distance_sweep,['GenericAELG'],Weather-96,144,96,480,30,1,True,1,43,44.536194,0.102512,0.262483,0.152758,nan,0.043761,0.006934,16743361,252.49,29,False,False,ReLU,EARLY_STOPPED,57.18107986,57.26548004,45.78530502,18,1.001476,False,"[""103.48055267"", ""82.04415131"", ""74.47309113"", ""69.62375641"", ""65.14170837"", ""63.10151291"", ""61.47698593"", ""60.30171585"", ""58.62358093"", ""61.39226532"", ""60.88040924"", ""57.99528885"", ""58.03896713"", ""57.49629593"", ""57.96883774"", ""58.02468491"", ""58.18424988"", ""58.01734161"", ""57.18107986"", ""58.31134415"", ""57.77139664"", ""58.11366272"", ""57.53914261"", ""57.46654892"", ""57.83387375"", ""57.18855286"", ""57.73120117"", ""58.01090622"", ""57.26548004""]",3,GenericAELG,10,learnable
resnet_skip_study_weather_r3,GAELG30_skip10_learn,genAELG_distance_sweep,['GenericAELG'],Weather-96,144,96,480,30,1,True,2,44,46.844055,0.091601,0.266424,0.193543,nan,0.042373,0.008057,16743361,287.08,33,False,False,ReLU,EARLY_STOPPED,56.57851791,56.82065582,43.45012665,22,1.004280,False,"[""103.59715271"", ""83.39283752"", ""74.30191040"", ""69.62434387"", ""66.07089996"", ""63.28674698"", ""62.32175064"", ""61.30963135"", ""59.87786484"", ""59.98009872"", ""58.34504318"", ""58.96172333"", ""58.36610031"", ""58.06010437"", ""57.32048035"", ""60.02759171"", ""57.06673813"", ""57.17653656"", ""59.01572800"", ""58.10492706"", ""57.10276794"", ""57.67935944"", ""56.57851791"", ""56.91115952"", ""57.19085312"", ""58.45564651"", ""57.47396469"", ""57.96191788"", ""57.00263977"", ""57.49859619"", ""57.24197006"", ""57.27910233"", ""56.82065582""]",3,GenericAELG,10,learnable
resnet_skip_study_weather_r3,GAELG30_skip10_learn,genAELG_distance_sweep,['GenericAELG'],Weather-96,144,96,480,30,1,True,3,45,47.974602,0.096984,0.294724,0.258951,nan,0.045901,0.010217,16743361,345.50,39,False,False,ReLU,EARLY_STOPPED,56.15575790,57.59194946,42.05336761,28,1.025575,False,"[""104.22727966"", ""81.93598175"", ""74.80193329"", ""70.04553223"", ""66.11029816"", ""62.68106079"", ""62.64370728"", ""61.10532761"", ""62.95689392"", ""59.85396576"", ""59.37939453"", ""59.01553726"", ""58.19190598"", ""58.30656815"", ""58.77714920"", ""57.79237747"", ""56.68767548"", ""57.22453690"", ""56.88244629"", ""57.08879852"", ""56.37025833"", ""57.37345123"", ""57.13824081"", ""57.02148819"", ""57.23294067"", ""56.39597321"", ""57.18156052"", ""58.02565384"", ""56.15575790"", ""56.69163895"", ""56.36809921"", ""57.52060318"", ""56.31139374"", ""56.71052933"", ""58.05908966"", ""57.21014023"", ""57.17461777"", ""57.51730347"", ""57.59194946""]",3,GenericAELG,10,learnable
resnet_skip_study_weather_r3,GAELG30_skip10_learn,genAELG_distance_sweep,['GenericAELG'],Weather-96,144,96,480,30,1,True,4,46,48.932816,0.109943,0.290664,0.203052,nan,0.049913,0.011302,16743361,272.37,31,False,False,ReLU,EARLY_STOPPED,56.20350647,58.09913254,46.00432205,20,1.033728,False,"[""106.14037323"", ""83.41931915"", ""75.19467926"", ""69.96263123"", ""67.24184418"", ""63.24740601"", ""61.82465363"", ""61.00937271"", ""58.94167328"", ""59.90920639"", ""58.75141525"", ""57.15840912"", ""58.33564377"", ""57.10816956"", ""57.97631836"", ""56.90703583"", ""57.90097046"", ""57.25364685"", ""56.56039047"", ""56.35246658"", ""56.20350647"", ""56.40037155"", ""57.10033798"", ""56.78116226"", ""56.39433289"", ""56.69885254"", ""57.08133698"", ""56.75407028"", ""56.66378021"", ""56.77740097"", ""58.09913254""]",3,GenericAELG,10,learnable
resnet_skip_study_weather_r3,G30_skip10_learn,generic_legacy,['Generic'],Weather-96,144,96,480,30,1,True,0,42,45.794380,0.084558,0.243767,0.142276,nan,0.035834,0.004433,39874561,229.73,24,False,False,ReLU,EARLY_STOPPED,56.45692444,57.71065903,41.68959427,13,1.022207,False,"[""102.28839874"", ""80.90383148"", ""68.82377625"", ""65.23159027"", ""63.43842697"", ""61.26739883"", ""59.91037369"", ""59.93207550"", ""57.33801651"", ""57.89023209"", ""59.21757126"", ""56.62847137"", ""56.87104034"", ""56.45692444"", ""56.79252243"", ""57.27134323"", ""56.62087631"", ""56.94561005"", ""56.52601242"", ""58.90388489"", ""56.69416809"", ""57.21002960"", ""56.99631119"", ""57.71065903""]",3,Generic,10,learnable
resnet_skip_study_weather_r3,G30_skip10_learn,generic_legacy,['Generic'],Weather-96,144,96,480,30,1,True,1,43,45.219593,0.107439,0.272612,0.170206,nan,0.043104,0.006419,39874561,297.30,33,False,False,ReLU,EARLY_STOPPED,56.31089020,59.49162292,34.11539078,22,1.056485,False,"[""99.68884277"", ""78.13386536"", ""69.45396423"", ""64.33452606"", ""64.35373688"", ""61.02331161"", ""58.86586761"", ""58.40966034"", ""59.17903900"", ""58.28691101"", ""57.55499649"", ""56.83245087"", ""57.96592712"", ""57.40899277"", ""56.97864151"", ""56.60242462"", ""56.68407059"", ""56.47392273"", ""56.95651627"", ""56.42591858"", ""56.73451996"", ""57.09863281"", ""56.31089020"", ""57.30109406"", ""56.37451553"", ""56.73582077"", ""57.82061386"", ""59.59948730"", ""57.09571838"", ""57.77632141"", ""57.48103714"", ""59.49605179"", ""59.49162292""]",3,Generic,10,learnable
resnet_skip_study_weather_r3,G30_skip10_learn,generic_legacy,['Generic'],Weather-96,144,96,480,30,1,True,2,44,45.819283,0.092665,0.267341,0.190227,nan,0.039098,0.005149,39874561,233.79,26,False,False,ReLU,EARLY_STOPPED,56.04956818,57.59953308,40.81824875,15,1.027653,False,"[""99.72104645"", ""75.88793945"", ""68.72525787"", ""64.69679260"", ""62.17551422"", ""62.31261444"", ""60.36683273"", ""60.68970108"", ""57.94577026"", ""59.19213867"", ""56.90829849"", ""58.59366608"", ""56.53142166"", ""56.85010529"", ""59.12585449"", ""56.04956818"", ""58.31410980"", ""57.05578232"", ""57.49264526"", ""58.22153091"", ""57.05045319"", ""57.19059753"", ""57.49100876"", ""57.39249039"", ""57.24167633"", ""57.59953308""]",3,Generic,10,learnable
resnet_skip_study_weather_r3,G30_skip10_learn,generic_legacy,['Generic'],Weather-96,144,96,480,30,1,True,3,45,45.996628,0.103515,0.282389,0.223436,nan,0.044470,0.007651,39874561,269.89,30,False,False,ReLU,EARLY_STOPPED,56.25704575,60.33358002,36.57297516,19,1.072463,False,"[""104.28865051"", ""78.34765625"", ""70.34278870"", ""67.19371796"", ""64.08183289"", ""61.80996704"", ""62.54149628"", ""59.41146088"", ""57.90828323"", ""58.94972610"", ""58.47247314"", ""58.85060501"", ""58.05119705"", ""57.61657333"", ""57.93929291"", ""56.69739151"", ""57.91210938"", ""59.56511688"", ""57.43191910"", ""56.25704575"", ""57.48143768"", ""57.81441498"", ""57.66895294"", ""57.53807449"", ""58.01107407"", ""57.88629150"", ""57.32349014"", ""58.65092850"", ""58.06803131"", ""60.33358002""]",3,Generic,10,learnable
resnet_skip_study_weather_r3,G30_skip10_learn,generic_legacy,['Generic'],Weather-96,144,96,480,30,1,True,4,46,41.051319,0.076174,0.235139,0.157409,nan,0.031956,0.003444,39874561,226.85,25,False,False,ReLU,EARLY_STOPPED,55.80456924,56.66050720,42.34705734,14,1.015338,False,"[""104.88809204"", ""76.71745300"", ""67.93530273"", ""64.96605682"", ""62.04517365"", ""62.44568634"", ""61.46033859"", ""60.96599197"", ""58.12735748"", ""58.19104385"", ""58.30272293"", ""58.91653442"", ""59.25869751"", ""56.36027908"", ""55.80456924"", ""56.69985962"", ""56.93589020"", ""56.95535660"", ""57.23730469"", ""58.52063370"", ""57.30625534"", ""58.11881256"", ""58.43545151"", ""57.14820480"", ""56.66050720""]",3,Generic,10,learnable
