experiment,config_name,category,stack_types,period,frequency,forecast_length,backcast_length,n_stacks,n_blocks_per_stack,share_weights,run,seed,smape,mase,mae,mse,owa,norm_mae,norm_mse,n_params,t_width,training_time_seconds,epochs_trained,active_g,sum_losses,activation,stopping_reason,best_val_loss,final_val_loss,final_train_loss,best_epoch,loss_ratio,diverged,val_loss_curve,search_round,architecture,skip_distance_cfg,skip_alpha_cfg,meta_predicted_best,meta_convergence_score
resnet_skip_study_r1,GAELG10_no_skip,genAELG_baseline,['GenericAELG'],Weather-96,144,96,192,10,1,True,0,42,66.939316,1.076933,17.122231,2717.345215,nan,0.418418,0.435530,3369280,256,72.10,10,False,False,ReLU,MAX_EPOCHS,43.03499985,43.44993591,53.65807343,8,1.009642,False,"[""74.42537689"", ""62.06768036"", ""48.53389740"", ""46.34028625"", ""44.19617081"", ""43.56894302"", ""43.58938217"", ""43.73468781"", ""43.03499985"", ""43.44993591""]",1,GenericAELG,0,none,37.51987050,0.50412738
resnet_skip_study_r1,GAELG10_no_skip,genAELG_baseline,['GenericAELG'],Weather-96,144,96,192,10,1,True,1,43,66.393776,1.149159,17.906189,3016.887451,nan,0.447259,0.539056,3369280,256,70.95,10,False,False,ReLU,MAX_EPOCHS,43.26087570,43.26087570,54.69364548,9,1.000000,False,"[""65.83093262"", ""59.02693939"", ""48.80685043"", ""45.99712753"", ""44.53207397"", ""43.72531891"", ""44.27606583"", ""44.04519653"", ""43.36838150"", ""43.26087570""]",1,GenericAELG,0,none,36.80269026,0.55904859
resnet_skip_study_r1,GAELG10_no_skip,genAELG_baseline,['GenericAELG'],Weather-96,144,96,192,10,1,True,2,44,66.942513,1.192442,16.669783,2661.975830,nan,0.453640,0.531554,3369280,256,70.34,10,False,False,ReLU,MAX_EPOCHS,43.26203156,44.23178101,53.78501892,6,1.022416,False,"[""80.00854492"", ""68.98361206"", ""51.10663605"", ""46.24886322"", ""44.83005524"", ""44.30604553"", ""43.26203156"", ""43.31629944"", ""44.25660706"", ""44.23178101""]",1,GenericAELG,0,none,38.04783430,0.47554713
resnet_skip_study_r1,GAELG20_no_skip,genAELG_baseline,['GenericAELG'],Weather-96,144,96,192,20,1,True,0,42,65.118980,1.127664,16.632372,2506.330811,nan,0.431081,0.509821,6738560,256,74.73,10,False,False,ReLU,MAX_EPOCHS,43.01187134,44.10832977,53.75234604,7,1.025492,False,"[""63.90299225"", ""58.01422882"", ""45.85557556"", ""44.37829971"", ""44.19480133"", ""43.95415115"", ""44.49722290"", ""43.01187134"", ""44.05127335"", ""44.10832977""]",1,GenericAELG,0,none,38.49082830,0.60233217
resnet_skip_study_r1,GAELG20_no_skip,genAELG_baseline,['GenericAELG'],Weather-96,144,96,192,20,1,True,1,43,67.800995,1.310908,17.219538,2600.867676,nan,0.492085,0.779734,6738560,256,74.03,10,False,False,ReLU,MAX_EPOCHS,43.37024307,44.32716751,54.05151367,5,1.022064,False,"[""60.27424240"", ""52.83415985"", ""45.86660385"", ""43.82726288"", ""44.14860153"", ""43.37024307"", ""43.75650024"", ""43.86131668"", ""44.16187286"", ""44.32716751""]",1,GenericAELG,0,none,40.29102136,0.66846168
resnet_skip_study_r1,GAELG20_no_skip,genAELG_baseline,['GenericAELG'],Weather-96,144,96,192,20,1,True,2,44,66.676842,1.257194,18.396620,2889.030273,nan,0.483678,0.693704,6738560,256,75.01,10,False,False,ReLU,MAX_EPOCHS,43.30086517,43.54333496,53.58106613,6,1.005600,False,"[""69.89550781"", ""63.17276764"", ""46.86861801"", ""46.16150665"", ""44.20029068"", ""43.65637589"", ""43.30086517"", ""43.71038818"", ""43.71121216"", ""43.54333496""]",1,GenericAELG,0,none,37.54052015,0.53709489
resnet_skip_study_r1,GAELG30_no_skip,genAELG_baseline,['GenericAELG'],Weather-96,144,96,192,30,1,True,0,42,65.562782,1.159783,15.830867,2394.617432,nan,0.425252,0.434671,10107840,256,78.58,10,False,False,ReLU,MAX_EPOCHS,43.84397125,44.03096771,53.91761017,7,1.004265,False,"[""66.02536774"", ""50.31818771"", ""45.80151749"", ""44.66617203"", ""44.06439972"", ""44.29528809"", ""44.48397446"", ""43.84397125"", ""44.56256485"", ""44.03096771""]",1,GenericAELG,0,none,41.97075521,0.63567621
resnet_skip_study_r1,GAELG30_no_skip,genAELG_baseline,['GenericAELG'],Weather-96,144,96,192,30,1,True,1,43,67.373657,1.277156,18.102489,2698.006592,nan,0.469791,0.512615,10107840,256,80.82,10,False,False,ReLU,MAX_EPOCHS,43.62901306,43.62901306,53.36138535,9,1.000000,False,"[""61.82946014"", ""51.39491653"", ""44.23666763"", ""44.78271103"", ""44.47798157"", ""44.91936874"", ""43.91035843"", ""44.16934967"", ""44.54510498"", ""43.62901306""]",1,GenericAELG,0,none,42.55051833,0.68819165
resnet_skip_study_r1,GAELG30_no_skip,genAELG_baseline,['GenericAELG'],Weather-96,144,96,192,30,1,True,2,44,66.289696,1.327091,18.126154,2651.531494,nan,0.493220,0.716418,10107840,256,77.25,10,False,False,ReLU,MAX_EPOCHS,43.80836868,44.33405685,54.28147888,4,1.012000,False,"[""59.29578781"", ""52.52190399"", ""45.81497192"", ""44.42613220"", ""43.80836868"", ""43.92959595"", ""44.18165207"", ""43.86953735"", ""44.23780823"", ""44.33405685""]",1,GenericAELG,0,none,41.21934071,0.69514787
resnet_skip_study_r1,GAELG10_skip5_learn,genAELG_control,['GenericAELG'],Weather-96,144,96,192,10,1,True,0,42,66.431358,1.181975,16.778725,2662.371094,nan,0.450592,0.555393,3369281,256,73.77,10,False,False,ReLU,MAX_EPOCHS,42.68319702,43.16215897,53.59309387,6,1.011221,False,"[""70.12670898"", ""59.76386642"", ""48.49448776"", ""45.64630127"", ""44.45711517"", ""43.08207321"", ""42.68319702"", ""43.41306686"", ""43.26326752"", ""43.16215897""]",1,GenericAELG,5,learnable,37.27339788,0.53151500
resnet_skip_study_r1,GAELG10_skip5_learn,genAELG_control,['GenericAELG'],Weather-96,144,96,192,10,1,True,1,43,66.638153,1.261998,18.138472,2948.071045,nan,0.499001,0.723058,3369281,256,71.42,10,False,False,ReLU,MAX_EPOCHS,43.25785065,44.32041168,54.43085480,7,1.024563,False,"[""65.23888397"", ""58.37765503"", ""48.47307968"", ""45.72593689"", ""44.60872269"", ""44.19413757"", ""43.84331512"", ""43.25785065"", ""43.29531479"", ""44.32041168""]",1,GenericAELG,5,learnable,37.50736073,0.57492340
resnet_skip_study_r1,GAELG10_skip5_learn,genAELG_control,['GenericAELG'],Weather-96,144,96,192,10,1,True,2,44,66.338989,1.205297,16.547405,2467.946533,nan,0.477427,0.625215,3369281,256,70.79,10,False,False,ReLU,MAX_EPOCHS,43.17102051,43.85354614,53.88633728,6,1.015810,False,"[""77.95632172"", ""67.94849396"", ""51.17656708"", ""45.54112244"", ""45.17803574"", ""44.71477509"", ""43.17102051"", ""43.43763733"", ""44.09740448"", ""43.85354614""]",1,GenericAELG,5,learnable,38.35098693,0.49195480
resnet_skip_study_r1,GAELG20_skip5_a01,genAELG_depth_x_skip,['GenericAELG'],Weather-96,144,96,192,20,1,True,0,42,65.218086,1.189155,17.243238,2539.526855,nan,0.461739,0.579790,6738560,256,76.66,10,False,False,ReLU,MAX_EPOCHS,43.16354370,43.87121582,53.71163559,8,1.016395,False,"[""63.62458038"", ""57.66087723"", ""45.56819534"", ""44.59735870"", ""43.74417114"", ""44.46836853"", ""43.44781494"", ""43.90171051"", ""43.16354370"", ""43.87121582""]",1,GenericAELG,5,0.1,39.24825708,0.61687255
resnet_skip_study_r1,GAELG20_skip5_a01,genAELG_depth_x_skip,['GenericAELG'],Weather-96,144,96,192,20,1,True,1,43,67.668129,1.446525,17.341070,2630.282959,nan,0.541751,0.973049,6738560,256,76.62,10,False,False,ReLU,MAX_EPOCHS,43.56351471,44.28786469,53.83334732,4,1.016627,False,"[""64.81829834"", ""54.41405106"", ""46.08071518"", ""43.64353561"", ""43.56351471"", ""44.20811462"", ""43.76008987"", ""44.69673157"", ""44.01639175"", ""44.28786469""]",1,GenericAELG,5,0.1,39.23639037,0.60532892
resnet_skip_study_r1,GAELG20_skip5_a01,genAELG_depth_x_skip,['GenericAELG'],Weather-96,144,96,192,20,1,True,2,44,66.061386,1.186371,17.547663,2718.564209,nan,0.451083,0.536986,6738560,256,77.36,10,False,False,ReLU,MAX_EPOCHS,42.96412659,43.59090424,53.74624634,7,1.014588,False,"[""67.08335876"", ""60.12102509"", ""46.20077896"", ""44.80678177"", ""44.02482605"", ""43.50555420"", ""43.29304123"", ""42.96412659"", ""43.74533844"", ""43.59090424""]",1,GenericAELG,5,0.1,37.34927972,0.55675924
resnet_skip_study_r1,GAELG20_skip5_learn,genAELG_depth_x_skip,['GenericAELG'],Weather-96,144,96,192,20,1,True,0,42,67.772522,1.450018,19.921753,3266.031006,nan,0.576613,1.278421,6738561,256,76.70,10,False,False,ReLU,MAX_EPOCHS,43.50789642,43.64000320,53.64001465,6,1.003036,False,"[""64.22790527"", ""59.92919159"", ""46.47719574"", ""45.13824463"", ""45.37832260"", ""44.44331741"", ""43.50789642"", ""44.49449921"", ""43.80812836"", ""43.64000320""]",1,GenericAELG,5,learnable,39.32712403,0.61230588
resnet_skip_study_r1,GAELG20_skip5_learn,genAELG_depth_x_skip,['GenericAELG'],Weather-96,144,96,192,20,1,True,1,43,67.112961,1.315091,18.236774,2784.731445,nan,0.483388,0.632426,6738561,256,76.11,10,False,False,ReLU,MAX_EPOCHS,43.77875519,44.28053665,55.30443192,7,1.011462,False,"[""62.30521393"", ""54.06945801"", ""46.64422989"", ""45.36528015"", ""44.84867477"", ""44.83820343"", ""45.45888519"", ""43.77875519"", ""45.06277084"", ""44.28053665""]",1,GenericAELG,5,learnable,41.55423511,0.66694635
resnet_skip_study_r1,GAELG20_skip5_learn,genAELG_depth_x_skip,['GenericAELG'],Weather-96,144,96,192,20,1,True,2,44,66.049881,1.363157,16.454393,2502.688965,nan,0.509086,0.978835,6738561,256,75.48,10,False,False,ReLU,MAX_EPOCHS,43.71429062,44.80832291,54.66450500,5,1.025027,False,"[""68.64388275"", ""62.47902679"", ""47.08517075"", ""46.13005447"", ""44.30144119"", ""43.71429062"", ""44.03545761"", ""45.96014786"", ""46.33834457"", ""44.80832291""]",1,GenericAELG,5,learnable,37.63584305,0.54827672
resnet_skip_study_r1,GAELG30_skip5_a01,genAELG_depth_x_skip,['GenericAELG'],Weather-96,144,96,192,30,1,True,0,42,67.816597,1.595862,16.640709,2630.488770,nan,0.555822,1.119678,10107840,256,79.20,10,False,False,ReLU,MAX_EPOCHS,43.44481659,44.06254196,53.96567154,6,1.014219,False,"[""59.86850739"", ""46.67353058"", ""45.74298477"", ""44.58681488"", ""44.15660095"", ""44.15389252"", ""43.44481659"", ""44.06800842"", ""43.59318161"", ""44.06254196""]",1,GenericAELG,5,0.1,43.03359423,0.71880186
resnet_skip_study_r1,GAELG30_skip5_a01,genAELG_depth_x_skip,['GenericAELG'],Weather-96,144,96,192,30,1,True,1,43,66.969986,1.639544,17.296211,2656.206787,nan,0.577336,1.476415,10107840,256,79.23,10,False,False,ReLU,MAX_EPOCHS,43.67869949,44.43239594,53.40879059,4,1.017255,False,"[""57.75261688"", ""49.76677704"", ""46.26543045"", ""44.98723984"", ""43.67869949"", ""44.77985382"", ""44.60298920"", ""43.96572876"", ""44.77722168"", ""44.43239594""]",1,GenericAELG,5,0.1,42.95119419,0.74370992
resnet_skip_study_r1,GAELG30_skip5_a01,genAELG_depth_x_skip,['GenericAELG'],Weather-96,144,96,192,30,1,True,2,44,66.150574,1.203342,17.573505,2666.479004,nan,0.473398,0.658503,10107840,256,79.26,10,False,False,ReLU,MAX_EPOCHS,43.49891663,43.98138046,53.61119461,6,1.011091,False,"[""58.43494415"", ""53.63251495"", ""46.55985641"", ""45.92915344"", ""44.49727249"", ""44.64099884"", ""43.49891663"", ""43.93201447"", ""44.44493484"", ""43.98138046""]",1,GenericAELG,5,0.1,42.34584855,0.72466654
resnet_skip_study_r1,GAELG30_skip5_learn,genAELG_depth_x_skip,['GenericAELG'],Weather-96,144,96,192,30,1,True,0,42,66.219025,1.225852,16.324385,2532.520508,nan,0.467895,0.665628,10107841,256,78.91,10,False,False,ReLU,MAX_EPOCHS,43.26268005,44.98060226,54.57895279,6,1.039709,False,"[""67.79529572"", ""56.37607574"", ""47.22136688"", ""45.19478226"", ""46.90948486"", ""46.14142609"", ""43.26268005"", ""44.18598938"", ""46.14739609"", ""44.98060226""]",1,GenericAELG,5,learnable,41.49148394,0.61201125
resnet_skip_study_r1,GAELG30_skip5_learn,genAELG_depth_x_skip,['GenericAELG'],Weather-96,144,96,192,30,1,True,1,43,66.869408,1.770174,19.717520,2939.622559,nan,0.662782,1.778692,10107841,256,76.26,10,False,False,ReLU,MAX_EPOCHS,44.56882858,45.81454849,54.57337952,4,1.027950,False,"[""65.78261566"", ""57.70328522"", ""47.54950714"", ""45.17742920"", ""44.56882858"", ""44.58262634"", ""44.80992889"", ""44.89283752"", ""46.78741455"", ""45.81454849""]",1,GenericAELG,5,learnable,39.05190359,0.59365082
resnet_skip_study_r1,GAELG30_skip5_learn,genAELG_depth_x_skip,['GenericAELG'],Weather-96,144,96,192,30,1,True,2,44,66.797653,1.503289,15.620026,2236.529785,nan,0.532304,0.975628,10107841,256,80.06,10,False,False,ReLU,MAX_EPOCHS,43.83523941,45.99710083,57.44667816,7,1.049318,False,"[""66.48000336"", ""53.10229492"", ""49.71543884"", ""49.20205307"", ""46.63149643"", ""46.29349136"", ""45.23034286"", ""43.83523941"", ""43.93812180"", ""45.99710083""]",1,GenericAELG,5,learnable,44.17349742,0.66446292
resnet_skip_study_r1,GAELG30_skip10_learn,genAELG_distance_sweep,['GenericAELG'],Weather-96,144,96,192,30,1,True,0,42,67.917976,1.262290,16.167034,2675.659424,nan,0.467553,0.539556,10107841,256,79.08,10,False,False,ReLU,MAX_EPOCHS,43.87532043,44.56920242,54.24245453,5,1.015815,False,"[""66.30127716"", ""54.32337570"", ""45.37067032"", ""44.21880722"", ""44.08622742"", ""43.87532043"", ""44.09460449"", ""44.35890579"", ""44.69459534"", ""44.56920242""]",1,GenericAELG,10,learnable,39.24627036,0.59193838
resnet_skip_study_r1,GAELG30_skip10_learn,genAELG_distance_sweep,['GenericAELG'],Weather-96,144,96,192,30,1,True,1,43,65.889664,0.992761,17.043770,2782.877686,nan,0.382118,0.333955,10107841,256,79.50,10,False,False,ReLU,MAX_EPOCHS,43.72106934,44.27816010,53.51399231,6,1.012742,False,"[""61.04366302"", ""50.34394836"", ""45.95420074"", ""44.62985992"", ""44.27561188"", ""44.18439865"", ""43.72106934"", ""43.84662247"", ""44.44296646"", ""44.27816010""]",1,GenericAELG,10,learnable,42.30476958,0.69302475
resnet_skip_study_r1,GAELG30_skip10_learn,genAELG_distance_sweep,['GenericAELG'],Weather-96,144,96,192,30,1,True,2,44,67.586723,1.660974,17.581736,2722.999023,nan,0.579380,1.156335,10107841,256,79.23,10,False,False,ReLU,MAX_EPOCHS,43.96194077,48.28426743,54.83971786,4,1.098320,False,"[""58.91193771"", ""51.54286957"", ""46.54231262"", ""44.43743515"", ""43.96194077"", ""44.89741898"", ""45.63681030"", ""44.10997009"", ""44.37692261"", ""48.28426743""]",1,GenericAELG,10,learnable,42.49826556,0.72138631
resnet_skip_study_r1,TW8_no_skip,trendwav_baseline,"['TrendAELG', 'WaveletV3AELG']",Weather-96,144,96,192,8,1,True,0,42,66.176102,1.011161,15.852254,2722.825928,nan,0.377656,0.278417,1008780,256,67.88,10,False,False,ReLU,MAX_EPOCHS,46.53027344,46.53027344,55.21453476,9,1.000000,False,"[""54.41776276"", ""50.82411194"", ""49.71419144"", ""47.65464401"", ""47.18193436"", ""47.30043030"", ""47.17247009"", ""46.81059647"", ""46.58926010"", ""46.53027344""]",1,TrendAELG_WaveletV3AELG,0,none,46.83671058,0.86068791
resnet_skip_study_r1,TW8_no_skip,trendwav_baseline,"['TrendAELG', 'WaveletV3AELG']",Weather-96,144,96,192,8,1,True,1,43,66.140915,0.975199,15.928418,2564.726074,nan,0.343905,0.241558,1008780,256,70.63,10,False,False,ReLU,MAX_EPOCHS,45.90169907,46.41880417,55.16955948,8,1.011265,False,"[""53.10786819"", ""49.92651367"", ""48.02996063"", ""47.64280319"", ""48.12163925"", ""47.76404953"", ""47.16085052"", ""46.52817535"", ""45.90169907"", ""46.41880417""]",1,TrendAELG_WaveletV3AELG,0,none,47.64280319,0.89709500
resnet_skip_study_r1,TW8_no_skip,trendwav_baseline,"['TrendAELG', 'WaveletV3AELG']",Weather-96,144,96,192,8,1,True,2,44,65.900780,0.950624,16.740528,2748.370850,nan,0.339886,0.213806,1008780,256,71.43,10,False,False,ReLU,MAX_EPOCHS,46.04302216,46.53039551,55.43794632,8,1.010585,False,"[""54.21623611"", ""51.02571869"", ""47.84096909"", ""47.53786469"", ""47.07307434"", ""46.75566483"", ""46.81591797"", ""46.34960175"", ""46.04302216"", ""46.53039551""]",1,TrendAELG_WaveletV3AELG,0,none,46.46013738,0.85694140
resnet_skip_study_r1,TW16_no_skip,trendwav_baseline,"['TrendAELG', 'WaveletV3AELG']",Weather-96,144,96,192,16,1,True,0,42,66.035965,1.214773,16.429920,2591.468506,nan,0.414365,0.380407,2017560,256,73.12,10,False,False,ReLU,MAX_EPOCHS,46.41562271,46.71546936,54.83883667,5,1.006460,False,"[""51.18111801"", ""48.94919968"", ""47.90745163"", ""47.94131088"", ""47.04075241"", ""46.41562271"", ""47.68197632"", ""46.79263687"", ""46.74481964"", ""46.71546936""]",1,TrendAELG_WaveletV3AELG,0,none,46.41562271,0.90688958
resnet_skip_study_r1,TW16_no_skip,trendwav_baseline,"['TrendAELG', 'WaveletV3AELG']",Weather-96,144,96,192,16,1,True,1,43,66.133324,0.978228,15.529801,2668.827393,nan,0.356431,0.236086,2017560,256,71.87,10,False,False,ReLU,MAX_EPOCHS,45.89205933,46.11316299,54.59832001,7,1.004818,False,"[""50.45405579"", ""50.11336136"", ""47.03093338"", ""46.67102432"", ""47.12253189"", ""46.33298492"", ""46.14707565"", ""45.89205933"", ""46.37980652"", ""46.11316299""]",1,TrendAELG_WaveletV3AELG,0,none,46.33298492,0.91832033
resnet_skip_study_r1,TW16_no_skip,trendwav_baseline,"['TrendAELG', 'WaveletV3AELG']",Weather-96,144,96,192,16,1,True,2,44,65.728378,1.010549,16.774214,2798.631348,nan,0.365135,0.248271,2017560,256,72.41,10,False,False,ReLU,MAX_EPOCHS,46.52186203,46.98827362,54.47583008,8,1.010026,False,"[""51.69269562"", ""48.52146530"", ""48.25386810"", ""47.66573334"", ""46.62273407"", ""46.59368896"", ""46.74366379"", ""46.85101318"", ""46.52186203"", ""46.98827362""]",1,TrendAELG_WaveletV3AELG,0,none,46.59368896,0.90135924
resnet_skip_study_r1,TW24_no_skip,trendwav_baseline,"['TrendAELG', 'WaveletV3AELG']",Weather-96,144,96,192,24,1,True,0,42,64.629532,0.960233,16.978441,2534.760498,nan,0.344382,0.235652,3026340,256,74.69,10,False,False,ReLU,MAX_EPOCHS,46.00029373,46.15344238,55.09098053,8,1.003329,False,"[""50.26033020"", ""48.19499969"", ""47.35760498"", ""47.10632706"", ""47.06719208"", ""47.12088013"", ""46.49356461"", ""46.39014816"", ""46.00029373"", ""46.15344238""]",1,TrendAELG_WaveletV3AELG,0,none,47.06719208,0.93646802
resnet_skip_study_r1,TW24_no_skip,trendwav_baseline,"['TrendAELG', 'WaveletV3AELG']",Weather-96,144,96,192,24,1,True,1,43,65.347977,1.048268,15.389469,2449.709717,nan,0.358518,0.274987,3026340,256,75.06,10,False,False,ReLU,MAX_EPOCHS,46.04681015,46.58401871,54.57069397,6,1.011667,False,"[""50.41863251"", ""48.15819168"", ""46.42071533"", ""46.38538742"", ""46.20564270"", ""46.77683258"", ""46.04681015"", ""46.53894424"", ""46.88540268"", ""46.58401871""]",1,TrendAELG_WaveletV3AELG,0,none,46.20564270,0.91643982
resnet_skip_study_r1,TW24_no_skip,trendwav_baseline,"['TrendAELG', 'WaveletV3AELG']",Weather-96,144,96,192,24,1,True,2,44,66.727516,1.015913,17.515730,2754.029785,nan,0.363406,0.236114,3026340,256,74.17,10,False,False,ReLU,MAX_EPOCHS,45.63634491,46.24514771,54.82891846,6,1.013340,False,"[""51.00030899"", ""48.18181229"", ""46.51512527"", ""46.74322891"", ""45.71098328"", ""45.96533966"", ""45.63634491"", ""46.05129242"", ""46.23932648"", ""46.24514771""]",1,TrendAELG_WaveletV3AELG,0,none,45.71098328,0.89628836
resnet_skip_study_r1,TW8_skip4_learn,trendwav_control,"['TrendAELG', 'WaveletV3AELG']",Weather-96,144,96,192,8,1,True,0,42,65.544632,0.963568,15.575551,2509.558594,nan,0.349092,0.224342,1008781,256,70.92,10,False,False,ReLU,MAX_EPOCHS,46.81554413,46.87074280,54.99863434,8,1.001179,False,"[""53.93430710"", ""50.78988647"", ""49.59765244"", ""47.81673431"", ""48.55270004"", ""47.31842422"", ""47.15517044"", ""46.99828720"", ""46.81554413"", ""46.87074280""]",1,TrendAELG_WaveletV3AELG,4,learnable,47.31842422,0.87733442
resnet_skip_study_r1,TW8_skip4_learn,trendwav_control,"['TrendAELG', 'WaveletV3AELG']",Weather-96,144,96,192,8,1,True,1,43,67.383926,1.104775,16.697437,2492.489258,nan,0.417327,0.380865,1008781,256,70.91,10,False,False,ReLU,MAX_EPOCHS,46.95619202,46.95619202,55.18610001,9,1.000000,False,"[""53.68635178"", ""50.20360947"", ""48.33101273"", ""47.60243988"", ""47.87699127"", ""47.13625336"", ""47.16691971"", ""47.05239868"", ""47.09068298"", ""46.95619202""]",1,TrendAELG_WaveletV3AELG,4,learnable,47.13625336,0.87799323
resnet_skip_study_r1,TW8_skip4_learn,trendwav_control,"['TrendAELG', 'WaveletV3AELG']",Weather-96,144,96,192,8,1,True,2,44,66.374138,1.009326,15.648396,2315.045654,nan,0.374431,0.254768,1008781,256,71.47,10,False,False,ReLU,MAX_EPOCHS,46.21818161,46.21818161,55.50581741,9,1.000000,False,"[""54.26200104"", ""51.25549316"", ""48.83461761"", ""48.22126770"", ""47.56872940"", ""46.87104797"", ""47.20569992"", ""47.21212769"", ""46.43271637"", ""46.21818161""]",1,TrendAELG_WaveletV3AELG,4,learnable,46.83824177,0.86318678
resnet_skip_study_r1,TW16_skip4_a01,trendwav_depth_x_skip,"['TrendAELG', 'WaveletV3AELG']",Weather-96,144,96,192,16,1,True,0,42,65.664543,0.874187,16.553968,2845.221680,nan,0.324956,0.197463,2017560,256,73.01,10,False,False,ReLU,MAX_EPOCHS,46.07889938,47.25078583,55.23520279,7,1.025432,False,"[""52.55715179"", ""49.55538940"", ""48.16945648"", ""47.44474411"", ""46.99003601"", ""46.54431915"", ""46.32812881"", ""46.07889938"", ""47.27739716"", ""47.25078583""]",1,TrendAELG_WaveletV3AELG,4,0.1,46.54431915,0.88559440
resnet_skip_study_r1,TW16_skip4_a01,trendwav_depth_x_skip,"['TrendAELG', 'WaveletV3AELG']",Weather-96,144,96,192,16,1,True,1,43,64.974884,1.044736,15.890638,2317.731445,nan,0.378921,0.282787,2017560,256,72.26,10,False,False,ReLU,MAX_EPOCHS,45.90318298,45.90318298,54.87042618,9,1.000000,False,"[""52.22150803"", ""48.99664688"", ""48.22581482"", ""47.32713318"", ""46.75363922"", ""46.66910934"", ""46.58642578"", ""45.95558929"", ""46.08518600"", ""45.90318298""]",1,TrendAELG_WaveletV3AELG,4,0.1,46.66910934,0.89367602
resnet_skip_study_r1,TW16_skip4_a01,trendwav_depth_x_skip,"['TrendAELG', 'WaveletV3AELG']",Weather-96,144,96,192,16,1,True,2,44,65.353790,0.926813,16.665709,2563.309082,nan,0.343230,0.215127,2017560,256,73.91,10,False,False,ReLU,MAX_EPOCHS,45.95851135,46.63587189,55.04156876,7,1.014739,False,"[""52.85622406"", ""48.83055878"", ""47.52294159"", ""47.37438583"", ""47.14777756"", ""46.79936600"", ""46.66440582"", ""45.95851135"", ""46.78921509"", ""46.63587189""]",1,TrendAELG_WaveletV3AELG,4,0.1,46.74825988,0.88444191
resnet_skip_study_r1,TW16_skip4_learn,trendwav_depth_x_skip,"['TrendAELG', 'WaveletV3AELG']",Weather-96,144,96,192,16,1,True,0,42,65.297150,0.856570,15.689425,2618.525879,nan,0.325472,0.197787,2017561,256,75.43,10,False,False,ReLU,MAX_EPOCHS,46.32435608,46.95171738,54.94393158,6,1.013543,False,"[""52.20413971"", ""50.15777969"", ""47.70734787"", ""46.93302536"", ""47.27700806"", ""46.75076294"", ""46.32435608"", ""46.34715652"", ""46.84119415"", ""46.95171738""]",1,TrendAELG_WaveletV3AELG,4,learnable,46.75076294,0.89553747
resnet_skip_study_r1,TW16_skip4_learn,trendwav_depth_x_skip,"['TrendAELG', 'WaveletV3AELG']",Weather-96,144,96,192,16,1,True,1,43,65.863487,1.155912,16.394707,2995.290039,nan,0.415842,0.394863,2017561,256,74.42,10,False,False,ReLU,MAX_EPOCHS,45.80176163,46.51948929,54.89078140,8,1.015670,False,"[""51.72579193"", ""48.66349411"", ""47.83135986"", ""46.70492935"", ""46.59099960"", ""46.25686264"", ""46.62887955"", ""46.96203613"", ""45.80176163"", ""46.51948929""]",1,TrendAELG_WaveletV3AELG,4,learnable,46.25686264,0.89427075
resnet_skip_study_r1,TW16_skip4_learn,trendwav_depth_x_skip,"['TrendAELG', 'WaveletV3AELG']",Weather-96,144,96,192,16,1,True,2,44,65.730835,0.993939,17.303221,2506.296387,nan,0.345580,0.232675,2017561,256,75.33,10,False,False,ReLU,MAX_EPOCHS,46.08279800,47.10510254,54.64942551,5,1.022184,False,"[""52.71022797"", ""48.75036621"", ""47.93708420"", ""47.43913651"", ""46.85253143"", ""46.08279800"", ""46.36107254"", ""46.95566177"", ""46.77635574"", ""47.10510254""]",1,TrendAELG_WaveletV3AELG,4,learnable,46.08279800,0.87426672
resnet_skip_study_r1,TW16_skip8_learn,trendwav_distance_sweep,"['TrendAELG', 'WaveletV3AELG']",Weather-96,144,96,192,16,1,True,0,42,66.134315,1.069476,15.631034,2363.346436,nan,0.387029,0.289846,2017561,256,76.66,10,False,False,ReLU,MAX_EPOCHS,45.81744766,46.71023560,54.79452133,7,1.019486,False,"[""51.24641037"", ""48.39646149"", ""47.58730698"", ""46.81705093"", ""46.59580994"", ""46.51458740"", ""46.53028107"", ""45.81744766"", ""46.78102112"", ""46.71023560""]",1,TrendAELG_WaveletV3AELG,8,learnable,46.51458740,0.90766528
resnet_skip_study_r1,TW16_skip8_learn,trendwav_distance_sweep,"['TrendAELG', 'WaveletV3AELG']",Weather-96,144,96,192,16,1,True,1,43,66.094498,0.917626,15.633817,2533.458740,nan,0.328267,0.195463,2017561,256,77.21,10,False,False,ReLU,MAX_EPOCHS,45.73752213,46.17565155,54.41426086,7,1.009579,False,"[""50.68780899"", ""48.02064133"", ""47.39779663"", ""47.23886871"", ""46.58670807"", ""46.41142273"", ""45.86458588"", ""45.73752213"", ""45.74352646"", ""46.17565155""]",1,TrendAELG_WaveletV3AELG,8,learnable,46.41142273,0.91563284
resnet_skip_study_r1,TW16_skip8_learn,trendwav_distance_sweep,"['TrendAELG', 'WaveletV3AELG']",Weather-96,144,96,192,16,1,True,2,44,66.002960,0.977171,16.580145,2877.472656,nan,0.345701,0.221639,2017561,256,78.65,10,False,False,ReLU,MAX_EPOCHS,46.24033356,47.04280472,54.92424393,5,1.017354,False,"[""51.76237106"", ""48.94921494"", ""48.30245590"", ""47.78873444"", ""47.14188385"", ""46.24033356"", ""46.61827469"", ""46.70121765"", ""46.75755692"", ""47.04280472""]",1,TrendAELG_WaveletV3AELG,8,learnable,46.24033356,0.89331946
resnet_skip_study_r1,TW24_skip4_a01,trendwav_depth_x_skip,"['TrendAELG', 'WaveletV3AELG']",Weather-96,144,96,192,24,1,True,0,42,66.169968,1.227881,18.774595,2833.476807,nan,0.458451,0.486599,3026340,256,82.43,10,False,False,ReLU,MAX_EPOCHS,46.72352219,47.05911255,56.04312515,5,1.007182,False,"[""49.91169739"", ""48.01583862"", ""48.14035416"", ""47.80679321"", ""46.78838348"", ""46.72352219"", ""47.24504089"", ""47.02212524"", ""46.73234558"", ""47.05911255""]",1,TrendAELG_WaveletV3AELG,4,0.1,46.72352219,0.93612369
resnet_skip_study_r1,TW24_skip4_a01,trendwav_depth_x_skip,"['TrendAELG', 'WaveletV3AELG']",Weather-96,144,96,192,24,1,True,1,43,66.621872,1.315120,18.342522,2762.362549,nan,0.502581,0.713690,3026340,256,78.09,10,False,False,ReLU,MAX_EPOCHS,46.40532303,46.52998734,54.80527115,6,1.002686,False,"[""53.04195404"", ""49.08185196"", ""47.32305145"", ""47.63041687"", ""47.51859283"", ""47.18349075"", ""46.40532303"", ""46.71688843"", ""46.69982910"", ""46.52998734""]",1,TrendAELG_WaveletV3AELG,4,0.1,47.07374718,0.88748139
resnet_skip_study_r1,TW24_skip4_a01,trendwav_depth_x_skip,"['TrendAELG', 'WaveletV3AELG']",Weather-96,144,96,192,24,1,True,2,44,66.442146,1.339151,17.308838,2344.137695,nan,0.522552,0.712325,3026340,256,78.69,10,False,False,ReLU,MAX_EPOCHS,46.29859543,47.01393509,55.00310516,7,1.015451,False,"[""52.32119751"", ""47.60817719"", ""47.48418808"", ""47.85578156"", ""48.51156235"", ""46.67478180"", ""46.48233032"", ""46.29859543"", ""46.89554596"", ""47.01393509""]",1,TrendAELG_WaveletV3AELG,4,0.1,46.67478180,0.89208168
resnet_skip_study_r1,TW24_skip4_learn,trendwav_depth_x_skip,"['TrendAELG', 'WaveletV3AELG']",Weather-96,144,96,192,24,1,True,0,42,66.891914,0.997500,16.621063,3295.984375,nan,0.363014,0.262809,3026341,256,76.56,10,False,False,ReLU,MAX_EPOCHS,46.00019073,46.00019073,55.58683777,9,1.000000,False,"[""52.70154953"", ""48.42565155"", ""47.37409210"", ""46.94643402"", ""46.42733002"", ""46.98388290"", ""46.05070496"", ""46.85473633"", ""47.61305618"", ""46.00019073""]",1,TrendAELG_WaveletV3AELG,4,learnable,46.42733002,0.88094810
resnet_skip_study_r1,TW24_skip4_learn,trendwav_depth_x_skip,"['TrendAELG', 'WaveletV3AELG']",Weather-96,144,96,192,24,1,True,1,43,65.670036,0.973491,16.210203,2876.157715,nan,0.349662,0.231004,3026341,256,77.98,10,False,False,ReLU,MAX_EPOCHS,46.06554031,47.40327835,55.80490112,7,1.029040,False,"[""51.91041183"", ""47.78441620"", ""47.94959641"", ""47.44084167"", ""46.83330536"", ""46.26074600"", ""46.21540833"", ""46.06554031"", ""46.26204681"", ""47.40327835""]",1,TrendAELG_WaveletV3AELG,4,learnable,46.26074600,0.89116507
resnet_skip_study_r1,TW24_skip4_learn,trendwav_depth_x_skip,"['TrendAELG', 'WaveletV3AELG']",Weather-96,144,96,192,24,1,True,2,44,65.469589,0.983821,17.467274,2541.214600,nan,0.340947,0.230732,3026341,256,78.00,10,False,False,ReLU,MAX_EPOCHS,46.07364655,46.29623413,55.44577789,7,1.004831,False,"[""51.98490143"", ""48.26547241"", ""46.90438080"", ""46.33020782"", ""46.16815186"", ""46.47438049"", ""46.39889526"", ""46.07364655"", ""46.21545792"", ""46.29623413""]",1,TrendAELG_WaveletV3AELG,4,learnable,46.04231078,0.88568622
resnet_skip_study_r1,TW24_skip8_learn,trendwav_distance_sweep,"['TrendAELG', 'WaveletV3AELG']",Weather-96,144,96,192,24,1,True,0,42,65.764771,0.931716,17.015415,2659.749268,nan,0.335353,0.209051,3026341,256,75.26,10,False,False,ReLU,MAX_EPOCHS,46.29185104,46.59014130,54.97274399,8,1.006444,False,"[""50.64762115"", ""47.96204376"", ""47.31621552"", ""47.28734970"", ""46.60546112"", ""47.97285080"", ""47.27887344"", ""46.35517883"", ""46.29185104"", ""46.59014130""]",1,TrendAELG_WaveletV3AELG,8,learnable,46.60546112,0.92019053
resnet_skip_study_r1,TW24_skip8_learn,trendwav_distance_sweep,"['TrendAELG', 'WaveletV3AELG']",Weather-96,144,96,192,24,1,True,1,43,65.063187,0.962376,16.271498,2496.449951,nan,0.348332,0.229234,3026341,256,79.66,10,False,False,ReLU,MAX_EPOCHS,46.35350800,47.42374802,54.48209000,5,1.023089,False,"[""50.66733551"", ""48.44464874"", ""47.39037704"", ""47.68901443"", ""46.84424973"", ""46.35350800"", ""46.68585205"", ""46.72772217"", ""47.40448380"", ""47.42374802""]",1,TrendAELG_WaveletV3AELG,8,learnable,46.35350800,0.91485979
resnet_skip_study_r1,TW24_skip8_learn,trendwav_distance_sweep,"['TrendAELG', 'WaveletV3AELG']",Weather-96,144,96,192,24,1,True,2,44,66.702911,1.119886,16.567841,2766.503174,nan,0.389437,0.335499,3026341,256,78.54,10,False,False,ReLU,MAX_EPOCHS,46.12842178,47.00578308,54.80627441,3,1.019020,False,"[""51.06694031"", ""48.38350296"", ""46.67687225"", ""46.12842178"", ""47.08399200"", ""46.17285919"", ""46.18045807"", ""46.35352707"", ""46.65262222"", ""47.00578308""]",1,TrendAELG_WaveletV3AELG,8,learnable,46.12842178,0.90329324
resnet_skip_study_r1,G30_no_skip,generic_legacy,['Generic'],Weather-96,144,96,192,30,1,True,0,42,65.670898,1.297712,17.622438,2296.732910,nan,0.505388,0.768796,31027200,256,91.00,10,False,False,ReLU,MAX_EPOCHS,43.30518341,45.80299377,53.27888107,8,1.057679,False,"[""72.24980164"", ""58.82670212"", ""47.52075958"", ""44.35500717"", ""44.27138138"", ""44.78398514"", ""43.83808899"", ""44.64455414"", ""43.30518341"", ""45.80299377""]",1,Generic,0,none,38.43365642,0.53195518
resnet_skip_study_r1,G30_no_skip,generic_legacy,['Generic'],Weather-96,144,96,192,30,1,True,1,43,65.953568,1.353642,16.547031,2519.468506,nan,0.518948,2.598240,31027200,256,89.63,10,False,False,ReLU,MAX_EPOCHS,43.99948120,45.21246719,53.59841156,7,1.027568,False,"[""69.82570648"", ""62.08132172"", ""52.22408295"", ""47.50253677"", ""47.55399704"", ""46.32875061"", ""45.08926010"", ""43.99948120"", ""44.66928101"", ""45.21246719""]",1,Generic,0,none,39.07038634,0.55954158
resnet_skip_study_r1,G30_no_skip,generic_legacy,['Generic'],Weather-96,144,96,192,30,1,True,2,44,66.391014,1.372609,18.511377,2875.647461,nan,0.522598,1.045441,31027200,256,89.42,10,False,False,ReLU,MAX_EPOCHS,43.79712296,44.41266632,53.92731857,6,1.014054,False,"[""79.88856506"", ""70.70428467"", ""62.42019653"", ""57.15480804"", ""51.32754517"", ""46.39350510"", ""43.79712296"", ""44.69729233"", ""43.90328979"", ""44.41266632""]",1,Generic,0,none,38.19265175,0.47807407
resnet_skip_study_r1,G30_skip5_a01,generic_legacy,['Generic'],Weather-96,144,96,192,30,1,True,0,42,66.594223,1.233459,14.768036,1956.275757,nan,0.480012,0.613827,31027200,256,88.21,10,False,False,ReLU,MAX_EPOCHS,43.34614944,43.34614944,53.03277206,9,1.000000,False,"[""66.84707642"", ""59.10942459"", ""56.50152588"", ""48.86579132"", ""46.83956146"", ""46.83990097"", ""44.75852966"", ""45.16567993"", ""44.02762604"", ""43.34614944""]",1,Generic,5,0.1,35.38405640,0.52932841
resnet_skip_study_r1,G30_skip5_a01,generic_legacy,['Generic'],Weather-96,144,96,192,30,1,True,1,43,65.535492,1.119253,15.439933,2193.537354,nan,0.415857,0.427952,31027200,256,95.18,10,False,False,ReLU,MAX_EPOCHS,43.68589401,44.47715759,53.73628235,8,1.018113,False,"[""70.28878784"", ""64.82705688"", ""60.34075165"", ""55.57225800"", ""47.99902344"", ""46.84156418"", ""44.76644516"", ""44.56454849"", ""43.68589401"", ""44.47715759""]",1,Generic,5,0.1,29.08766229,0.41383076
resnet_skip_study_r1,G30_skip5_a01,generic_legacy,['Generic'],Weather-96,144,96,192,30,1,True,2,44,65.392754,1.198110,15.941674,2189.535645,nan,0.466624,0.676396,31027200,256,93.87,10,False,False,ReLU,MAX_EPOCHS,43.83732224,43.88671112,53.20609665,8,1.001127,False,"[""73.15595245"", ""62.13385773"", ""61.37713623"", ""59.14714813"", ""46.33876801"", ""45.28813171"", ""44.29066467"", ""44.44412994"", ""43.83732224"", ""43.88671112""]",1,Generic,5,0.1,36.80883071,0.50315565
resnet_skip_study_r1,G30_skip5_learn,generic_legacy,['Generic'],Weather-96,144,96,192,30,1,True,0,42,66.920319,1.788856,18.206503,3265.587402,nan,0.717918,7.720876,31027201,256,92.03,10,False,False,ReLU,MAX_EPOCHS,44.93445587,44.93445587,55.49168396,9,1.000000,False,"[""69.69562531"", ""67.08126831"", ""64.60421753"", ""58.63068771"", ""52.52259445"", ""49.96506119"", ""48.14385986"", ""46.37744522"", ""45.44357300"", ""44.93445587""]",1,Generic,5,learnable,21.46477774,0.30797884
resnet_skip_study_r1,G30_skip5_learn,generic_legacy,['Generic'],Weather-96,144,96,192,30,1,True,1,43,66.469368,1.292710,16.727566,2358.490967,nan,0.491822,0.749924,31027201,256,91.69,10,False,False,ReLU,MAX_EPOCHS,44.09597397,44.09597397,54.43800735,9,1.000000,False,"[""68.89596558"", ""66.02781677"", ""59.44133377"", ""60.44744110"", ""58.17904663"", ""52.65275192"", ""46.09232330"", ""45.79354095"", ""45.73084641"", ""44.09597397""]",1,Generic,5,learnable,38.43540096,0.55787593
resnet_skip_study_r1,G30_skip5_learn,generic_legacy,['Generic'],Weather-96,144,96,192,30,1,True,2,44,67.095810,1.501325,18.108307,3241.238525,nan,0.589062,4.047272,31027201,256,91.81,10,False,False,ReLU,MAX_EPOCHS,44.05622864,45.06634903,54.74625778,7,1.022928,False,"[""82.79618073"", ""74.39311218"", ""69.86545563"", ""61.39478302"", ""50.20718384"", ""47.58801651"", ""45.02915573"", ""44.05622864"", ""44.57403564"", ""45.06634903""]",1,Generic,5,learnable,38.45081968,0.46440330
resnet_skip_study_r1,G30_skip10_a01,generic_legacy,['Generic'],Weather-96,144,96,192,30,1,True,0,42,66.403580,1.431150,15.748672,1928.619995,nan,0.538671,0.827526,31027200,256,88.91,10,False,False,ReLU,MAX_EPOCHS,43.91717148,43.91717148,53.25000381,9,1.000000,False,"[""70.26398468"", ""61.76555252"", ""57.52729034"", ""56.93947220"", ""46.82160950"", ""44.03097153"", ""44.10982513"", ""44.73268127"", ""44.18712234"", ""43.91717148""]",1,Generic,10,0.1,35.85544199,0.51029617
resnet_skip_study_r1,G30_skip10_a01,generic_legacy,['Generic'],Weather-96,144,96,192,30,1,True,1,43,66.782738,1.111420,16.231686,2506.354004,nan,0.410022,0.412885,31027200,256,90.24,10,False,False,ReLU,MAX_EPOCHS,43.78723907,44.08417511,53.76645279,6,1.006781,False,"[""69.74501801"", ""63.45566940"", ""50.17229462"", ""46.14641190"", ""44.98229218"", ""45.41650391"", ""43.78723907"", ""44.73282242"", ""44.25759125"", ""44.08417511""]",1,Generic,10,0.1,38.53187411,0.55246776
resnet_skip_study_r1,G30_skip10_a01,generic_legacy,['Generic'],Weather-96,144,96,192,30,1,True,2,44,65.826073,1.291592,17.044153,2177.748779,nan,0.489937,0.680344,31027200,256,93.29,10,False,False,ReLU,MAX_EPOCHS,44.48545456,44.48545456,53.11032104,9,1.000000,False,"[""79.43325806"", ""65.91439056"", ""61.85018921"", ""57.72215652"", ""50.15370941"", ""48.20103455"", ""45.79224014"", ""45.38228607"", ""44.69112015"", ""44.48545456""]",1,Generic,10,0.1,40.30900213,0.50745749
resnet_skip_study_r1,G30_skip10_learn,generic_legacy,['Generic'],Weather-96,144,96,192,30,1,True,0,42,65.915092,1.144278,16.019550,2506.626709,nan,0.431195,0.574488,31027201,256,90.98,10,False,False,ReLU,MAX_EPOCHS,43.66523743,44.45558929,54.14922333,7,1.018100,False,"[""71.08689880"", ""65.00458527"", ""60.47011566"", ""58.83727264"", ""46.94063187"", ""45.14702988"", ""44.23150253"", ""43.66523743"", ""43.86170197"", ""44.45558929""]",1,Generic,10,learnable,38.31747642,0.53902304
resnet_skip_study_r1,G30_skip10_learn,generic_legacy,['Generic'],Weather-96,144,96,192,30,1,True,1,43,65.592407,1.452523,17.990002,3004.099121,nan,0.567369,3.991090,31027201,256,97.76,10,False,False,ReLU,MAX_EPOCHS,44.06493759,45.02392578,53.92486572,7,1.021763,False,"[""69.72476196"", ""62.21495819"", ""59.43321991"", ""58.46143341"", ""50.25603867"", ""47.91624832"", ""46.16391754"", ""44.06493759"", ""44.24673462"", ""45.02392578""]",1,Generic,10,learnable,38.04265279,0.54561180
resnet_skip_study_r1,G30_skip10_learn,generic_legacy,['Generic'],Weather-96,144,96,192,30,1,True,2,44,65.391365,1.114843,15.950658,2293.193115,nan,0.427775,0.825258,31027201,256,91.52,10,False,False,ReLU,MAX_EPOCHS,44.18240738,44.18240738,53.45906448,9,1.000000,False,"[""80.21956635"", ""71.20159912"", ""60.32061768"", ""52.93190765"", ""51.52561188"", ""50.52253723"", ""50.11672974"", ""44.66143036"", ""44.67432022"", ""44.18240738""]",1,Generic,10,learnable,42.47840787,0.52952677
resnet_skip_study_r2,GAELG10_no_skip,genAELG_baseline,['GenericAELG'],Weather-96,144,96,192,10,1,True,0,42,66.939316,1.076933,17.122231,2717.345215,nan,0.418418,0.435530,3369280,256,140.38,19,False,False,ReLU,EARLY_STOPPED,43.03499985,44.63592148,52.56205750,8,1.037200,False,"[""74.42537689"", ""62.06768036"", ""48.53389740"", ""46.34028625"", ""44.19617081"", ""43.56894302"", ""43.58938217"", ""43.73468781"", ""43.03499985"", ""43.44993591"", ""43.79904175"", ""44.49145889"", ""43.78775787"", ""44.32490921"", ""43.40921402"", ""43.92567444"", ""44.51282120"", ""43.70388412"", ""44.63592148""]",2,GenericAELG,0,none,,
resnet_skip_study_r2,GAELG10_no_skip,genAELG_baseline,['GenericAELG'],Weather-96,144,96,192,10,1,True,1,43,64.497101,0.888302,13.979673,2128.305176,nan,0.323222,0.201608,3369280,256,184.72,25,False,False,ReLU,MAX_EPOCHS,42.56287766,42.62625504,51.31568146,23,1.001489,False,"[""65.83093262"", ""59.02693939"", ""48.80685043"", ""45.99712753"", ""44.53207397"", ""43.72531891"", ""44.27606583"", ""44.04519653"", ""43.36838150"", ""43.26087570"", ""44.31236267"", ""43.51576233"", ""43.69727707"", ""43.67926025"", ""43.87332916"", ""43.97296143"", ""43.48495102"", ""43.55163574"", ""44.06876373"", ""42.89525223"", ""43.11577606"", ""42.67866135"", ""43.19363022"", ""42.56287766"", ""42.62625504""]",2,GenericAELG,0,none,,
resnet_skip_study_r2,GAELG10_no_skip,genAELG_baseline,['GenericAELG'],Weather-96,144,96,192,10,1,True,2,44,66.942513,1.192442,16.669783,2661.975830,nan,0.453640,0.531554,3369280,256,124.93,17,False,False,ReLU,EARLY_STOPPED,43.26203156,44.24197006,52.99578857,6,1.022651,False,"[""80.00854492"", ""68.98361206"", ""51.10663605"", ""46.24886322"", ""44.83005524"", ""44.30604553"", ""43.26203156"", ""43.31629944"", ""44.25660706"", ""44.23178101"", ""43.62561035"", ""44.05879211"", ""44.70607758"", ""44.53697205"", ""44.70434570"", ""44.35498810"", ""44.24197006""]",2,GenericAELG,0,none,,
resnet_skip_study_r2,GAELG20_no_skip,genAELG_baseline,['GenericAELG'],Weather-96,144,96,192,20,1,True,0,42,65.118980,1.127664,16.632372,2506.330811,nan,0.431081,0.509821,6738560,256,140.95,18,False,False,ReLU,EARLY_STOPPED,43.01187134,43.63299179,53.14139175,7,1.014441,False,"[""63.90299225"", ""58.01422882"", ""45.85557556"", ""44.37829971"", ""44.19480133"", ""43.95415115"", ""44.49722290"", ""43.01187134"", ""44.05127335"", ""44.10832977"", ""43.29421234"", ""44.39205551"", ""43.89004517"", ""43.65910339"", ""45.37076569"", ""43.13123703"", ""43.72841263"", ""43.63299179""]",2,GenericAELG,0,none,,
resnet_skip_study_r2,GAELG20_no_skip,genAELG_baseline,['GenericAELG'],Weather-96,144,96,192,20,1,True,1,43,67.800995,1.310908,17.219538,2600.867676,nan,0.492085,0.779734,6738560,256,120.87,16,False,False,ReLU,EARLY_STOPPED,43.37024307,44.20563889,52.36925507,5,1.019262,False,"[""60.27424240"", ""52.83415985"", ""45.86660385"", ""43.82726288"", ""44.14860153"", ""43.37024307"", ""43.75650024"", ""43.86131668"", ""44.16187286"", ""44.32716751"", ""43.68723679"", ""44.84074020"", ""44.65684128"", ""43.44056320"", ""44.66863251"", ""44.20563889""]",2,GenericAELG,0,none,,
resnet_skip_study_r2,GAELG20_no_skip,genAELG_baseline,['GenericAELG'],Weather-96,144,96,192,20,1,True,2,44,66.676842,1.257194,18.396620,2889.030273,nan,0.483678,0.693704,6738560,256,131.20,17,False,False,ReLU,EARLY_STOPPED,43.30086517,44.12875748,52.69238281,6,1.019120,False,"[""69.89550781"", ""63.17276764"", ""46.86861801"", ""46.16150665"", ""44.20029068"", ""43.65637589"", ""43.30086517"", ""43.71038818"", ""43.71121216"", ""43.54333496"", ""43.39725113"", ""43.52523804"", ""43.52695084"", ""44.43475723"", ""44.13082504"", ""43.96676254"", ""44.12875748""]",2,GenericAELG,0,none,,
resnet_skip_study_r2,GAELG10_skip5_learn,genAELG_control,['GenericAELG'],Weather-96,144,96,192,10,1,True,0,42,66.431358,1.181975,16.778725,2662.371094,nan,0.450592,0.555393,3369281,256,127.46,17,False,False,ReLU,EARLY_STOPPED,42.68319702,43.98286819,53.30536270,6,1.030449,False,"[""70.12670898"", ""59.76386642"", ""48.49448776"", ""45.64630127"", ""44.45711517"", ""43.08207321"", ""42.68319702"", ""43.41306686"", ""43.26326752"", ""43.16215897"", ""43.24413681"", ""43.58486557"", ""43.48158264"", ""44.23507309"", ""43.92417145"", ""43.97481918"", ""43.98286819""]",2,GenericAELG,5,learnable,,
resnet_skip_study_r2,GAELG10_skip5_learn,genAELG_control,['GenericAELG'],Weather-96,144,96,192,10,1,True,1,43,64.577652,0.949334,13.903146,2076.584473,nan,0.344441,0.226285,3369281,256,184.95,25,False,False,ReLU,MAX_EPOCHS,42.42420959,42.42420959,51.51018524,24,1.000000,False,"[""65.23888397"", ""58.37765503"", ""48.47307968"", ""45.72593689"", ""44.60872269"", ""44.19413757"", ""43.84331512"", ""43.25785065"", ""43.29531479"", ""44.32041168"", ""43.39531326"", ""43.52372742"", ""43.45824814"", ""44.31237411"", ""44.48724365"", ""43.85583496"", ""43.56192398"", ""42.95007324"", ""42.99543381"", ""43.71288300"", ""42.91584396"", ""42.76826859"", ""42.70911407"", ""42.47957230"", ""42.42420959""]",2,GenericAELG,5,learnable,,
resnet_skip_study_r2,GAELG10_skip5_learn,genAELG_control,['GenericAELG'],Weather-96,144,96,192,10,1,True,2,44,66.338989,1.205297,16.547405,2467.946533,nan,0.477427,0.625215,3369281,256,126.09,17,False,False,ReLU,EARLY_STOPPED,43.17102051,44.66450500,53.28089142,6,1.034595,False,"[""77.95632172"", ""67.94849396"", ""51.17656708"", ""45.54112244"", ""45.17803574"", ""44.71477509"", ""43.17102051"", ""43.43763733"", ""44.09740448"", ""43.85354614"", ""43.95882416"", ""43.64290619"", ""44.22503281"", ""45.08922195"", ""44.00558853"", ""44.81647110"", ""44.66450500""]",2,GenericAELG,5,learnable,,
resnet_skip_study_r2,GAELG20_skip5_a01,genAELG_depth_x_skip,['GenericAELG'],Weather-96,144,96,192,20,1,True,0,42,64.652023,1.100388,12.982411,1574.677979,nan,0.394641,0.349983,6738560,256,192.21,25,False,False,ReLU,MAX_EPOCHS,42.57508087,42.70711517,50.88520050,18,1.003101,False,"[""63.62458038"", ""57.66087723"", ""45.56819534"", ""44.59735870"", ""43.74417114"", ""44.46836853"", ""43.44781494"", ""43.90171051"", ""43.16354370"", ""43.87121582"", ""44.68457794"", ""44.93442154"", ""44.31705093"", ""43.93047714"", ""43.66122055"", ""43.45094681"", ""43.75198364"", ""43.18939590"", ""42.57508087"", ""43.47029877"", ""43.13430786"", ""42.96825790"", ""42.63911057"", ""42.72191238"", ""42.70711517""]",2,GenericAELG,5,0.1,,
resnet_skip_study_r2,GAELG20_skip5_a01,genAELG_depth_x_skip,['GenericAELG'],Weather-96,144,96,192,20,1,True,1,43,64.483360,0.947008,12.973791,1415.606934,nan,0.354206,0.242377,6738560,256,194.74,25,False,False,ReLU,MAX_EPOCHS,42.83896255,43.17446518,51.40329742,22,1.007832,False,"[""64.81829834"", ""54.41405106"", ""46.08071518"", ""43.64353561"", ""43.56351471"", ""44.20811462"", ""43.76008987"", ""44.69673157"", ""44.01639175"", ""44.28786469"", ""44.21005249"", ""44.75793839"", ""44.21751785"", ""44.02782440"", ""43.54659653"", ""43.99067307"", ""44.01192474"", ""43.92654419"", ""43.52252579"", ""43.40682983"", ""44.03809738"", ""43.63685226"", ""42.83896255"", ""43.07500839"", ""43.17446518""]",2,GenericAELG,5,0.1,,
resnet_skip_study_r2,GAELG20_skip5_a01,genAELG_depth_x_skip,['GenericAELG'],Weather-96,144,96,192,20,1,True,2,44,65.038177,1.076110,14.018284,1827.427002,nan,0.396720,0.328238,6738560,256,193.67,25,False,False,ReLU,MAX_EPOCHS,42.89895630,43.44705200,51.11682892,17,1.012776,False,"[""67.08335876"", ""60.12102509"", ""46.20077896"", ""44.80678177"", ""44.02482605"", ""43.50555420"", ""43.29304123"", ""42.96412659"", ""43.74533844"", ""43.59090424"", ""43.31570053"", ""43.72711945"", ""43.92519379"", ""43.40810394"", ""45.04963303"", ""43.25609589"", ""43.71507263"", ""42.89895630"", ""44.13423920"", ""43.72230911"", ""42.96575928"", ""43.63620377"", ""43.09423447"", ""43.56887817"", ""43.44705200""]",2,GenericAELG,5,0.1,,
resnet_skip_study_r2,GAELG20_skip5_learn,genAELG_depth_x_skip,['GenericAELG'],Weather-96,144,96,192,20,1,True,0,42,65.124222,0.954242,13.409633,1942.065063,nan,0.345551,0.233639,6738561,256,196.22,25,False,False,ReLU,MAX_EPOCHS,42.55135345,42.55135345,51.48584366,24,1.000000,False,"[""64.22790527"", ""59.92919159"", ""46.47719574"", ""45.13824463"", ""45.37832260"", ""44.44331741"", ""43.50789642"", ""44.49449921"", ""43.80812836"", ""43.64000320"", ""43.78693008"", ""43.27345657"", ""44.01913452"", ""44.18341446"", ""43.23390579"", ""48.75818634"", ""43.92781830"", ""44.02203751"", ""44.02597427"", ""44.73994446"", ""42.85245514"", ""43.23467636"", ""43.03036499"", ""42.64846802"", ""42.55135345""]",2,GenericAELG,5,learnable,,
resnet_skip_study_r2,GAELG20_skip5_learn,genAELG_depth_x_skip,['GenericAELG'],Weather-96,144,96,192,20,1,True,1,43,67.112961,1.315091,18.236774,2784.731445,nan,0.483388,0.632426,6738561,256,143.29,18,False,False,ReLU,EARLY_STOPPED,43.77875519,43.88357925,53.50125885,7,1.002394,False,"[""62.30521393"", ""54.06945801"", ""46.64422989"", ""45.36528015"", ""44.84867477"", ""44.83820343"", ""45.45888519"", ""43.77875519"", ""45.06277084"", ""44.28053665"", ""44.12818146"", ""44.19235992"", ""46.50675201"", ""45.50133896"", ""43.99275970"", ""44.67592239"", ""43.83139801"", ""43.88357925""]",2,GenericAELG,5,learnable,,
resnet_skip_study_r2,GAELG20_skip5_learn,genAELG_depth_x_skip,['GenericAELG'],Weather-96,144,96,192,20,1,True,2,44,66.611389,1.343073,16.428829,2568.294678,nan,0.500635,0.878626,6738561,256,162.58,21,False,False,ReLU,EARLY_STOPPED,43.59262466,44.05398560,53.21400070,10,1.010583,False,"[""68.64388275"", ""62.47902679"", ""47.08517075"", ""46.13005447"", ""44.30144119"", ""43.71429062"", ""44.03545761"", ""45.96014786"", ""46.33834457"", ""44.80832291"", ""43.59262466"", ""45.17425919"", ""44.64325333"", ""45.08109283"", ""45.11623001"", ""46.88391113"", ""43.77589798"", ""44.62761307"", ""44.18370056"", ""44.50524902"", ""44.05398560""]",2,GenericAELG,5,learnable,,
resnet_skip_study_r2,GAELG30_skip5_learn,genAELG_depth_x_skip,['GenericAELG'],Weather-96,144,96,192,30,1,True,0,42,66.219025,1.225852,16.324385,2532.520508,nan,0.467895,0.665628,10107841,256,138.92,17,False,False,ReLU,EARLY_STOPPED,43.26268005,43.91278458,53.04188538,6,1.015027,False,"[""67.79529572"", ""56.37607574"", ""47.22136688"", ""45.19478226"", ""46.90948486"", ""46.14142609"", ""43.26268005"", ""44.18598938"", ""46.14739609"", ""44.98060226"", ""45.62030029"", ""46.77025223"", ""45.44518280"", ""44.48229599"", ""45.11787033"", ""44.73997498"", ""43.91278458""]",2,GenericAELG,5,learnable,,
resnet_skip_study_r2,GAELG30_skip5_learn,genAELG_depth_x_skip,['GenericAELG'],Weather-96,144,96,192,30,1,True,1,43,68.052315,1.456593,18.856340,3195.853271,nan,0.533146,0.824951,10107841,256,177.51,22,False,False,ReLU,EARLY_STOPPED,44.17435074,44.40661240,53.29726410,11,1.005258,False,"[""65.78261566"", ""57.70328522"", ""47.54950714"", ""45.17742920"", ""44.56882858"", ""44.58262634"", ""44.80992889"", ""44.89283752"", ""46.78741455"", ""45.81454849"", ""44.60001755"", ""44.17435074"", ""44.92221069"", ""46.24613953"", ""44.91804504"", ""44.22245789"", ""45.76046371"", ""45.33306503"", ""44.38290024"", ""44.92907715"", ""44.34658813"", ""44.40661240""]",2,GenericAELG,5,learnable,,
resnet_skip_study_r2,GAELG30_skip5_learn,genAELG_depth_x_skip,['GenericAELG'],Weather-96,144,96,192,30,1,True,2,44,66.797653,1.503289,15.620026,2236.529785,nan,0.532304,0.975628,10107841,256,151.90,18,False,False,ReLU,EARLY_STOPPED,43.83523941,44.63319397,54.00180054,7,1.018203,False,"[""66.48000336"", ""53.10229492"", ""49.71543884"", ""49.20205307"", ""46.63149643"", ""46.29349136"", ""45.23034286"", ""43.83523941"", ""43.93812180"", ""45.99710083"", ""46.22365952"", ""47.35970688"", ""44.42362213"", ""44.72367096"", ""45.07083511"", ""47.14316559"", ""45.25614548"", ""44.63319397""]",2,GenericAELG,5,learnable,,
resnet_skip_study_r2,GAELG30_skip10_learn,genAELG_distance_sweep,['GenericAELG'],Weather-96,144,96,192,30,1,True,0,42,67.917976,1.262290,16.167034,2675.659424,nan,0.467553,0.539556,10107841,256,133.99,16,False,False,ReLU,EARLY_STOPPED,43.87532043,44.64225006,53.17518234,5,1.017480,False,"[""66.30127716"", ""54.32337570"", ""45.37067032"", ""44.21880722"", ""44.08622742"", ""43.87532043"", ""44.09460449"", ""44.35890579"", ""44.69459534"", ""44.56920242"", ""44.58985138"", ""44.64932251"", ""44.18782425"", ""45.35639572"", ""44.17224503"", ""44.64225006""]",2,GenericAELG,10,learnable,,
resnet_skip_study_r2,GAELG30_skip10_learn,genAELG_distance_sweep,['GenericAELG'],Weather-96,144,96,192,30,1,True,1,43,63.917454,0.975784,16.798740,2412.355225,nan,0.360529,0.266832,10107841,256,205.85,25,False,False,ReLU,MAX_EPOCHS,43.53857803,43.55489731,51.57157135,22,1.000375,False,"[""61.04366302"", ""50.34394836"", ""45.95420074"", ""44.62985992"", ""44.27561188"", ""44.18439865"", ""43.72106934"", ""43.84662247"", ""44.44296646"", ""44.27816010"", ""45.91285324"", ""43.96157074"", ""45.09067917"", ""45.47029877"", ""44.02062225"", ""43.91773224"", ""43.57732391"", ""43.83027649"", ""44.53052521"", ""44.28934479"", ""44.22608566"", ""43.77257538"", ""43.53857803"", ""43.60657501"", ""43.55489731""]",2,GenericAELG,10,learnable,,
resnet_skip_study_r2,GAELG30_skip10_learn,genAELG_distance_sweep,['GenericAELG'],Weather-96,144,96,192,30,1,True,2,44,64.301697,1.027578,15.341506,1965.887817,nan,0.379706,0.315780,10107841,256,209.61,25,False,False,ReLU,EARLY_STOPPED,43.77880859,43.88114166,51.56893158,14,1.002338,False,"[""58.91193771"", ""51.54286957"", ""46.54231262"", ""44.43743515"", ""43.96194077"", ""44.89741898"", ""45.63681030"", ""44.10997009"", ""44.37692261"", ""48.28426743"", ""44.75522614"", ""45.07963562"", ""44.92547989"", ""44.80459976"", ""43.77880859"", ""43.93192673"", ""44.60110855"", ""46.85237885"", ""44.48114395"", ""44.75996780"", ""44.00810242"", ""43.90100861"", ""43.88467407"", ""43.93857574"", ""43.88114166""]",2,GenericAELG,10,learnable,,
resnet_skip_study_r2,G30_no_skip,generic_legacy,['Generic'],Weather-96,144,96,192,30,1,True,0,42,65.670898,1.297712,17.622438,2296.732910,nan,0.505388,0.768796,31027200,256,169.97,19,False,False,ReLU,EARLY_STOPPED,43.30518341,45.95525742,52.18640137,8,1.061195,False,"[""72.24980164"", ""58.82670212"", ""47.52075958"", ""44.35500717"", ""44.27138138"", ""44.78398514"", ""43.83808899"", ""44.64455414"", ""43.30518341"", ""45.80299377"", ""46.03875732"", ""43.39321518"", ""44.15716553"", ""43.98801422"", ""44.91571045"", ""44.90641785"", ""43.53285980"", ""43.93383408"", ""45.95525742""]",2,Generic,0,none,,
resnet_skip_study_r2,G30_no_skip,generic_legacy,['Generic'],Weather-96,144,96,192,30,1,True,1,43,64.023651,0.977724,13.802907,1694.005127,nan,0.366701,0.310010,31027200,256,202.02,23,False,False,ReLU,EARLY_STOPPED,43.47001648,44.62168503,49.17077255,12,1.026493,False,"[""69.82570648"", ""62.08132172"", ""52.22408295"", ""47.50253677"", ""47.55399704"", ""46.32875061"", ""45.08926010"", ""43.99948120"", ""44.66928101"", ""45.21246719"", ""43.63438416"", ""44.65312958"", ""43.47001648"", ""44.05168152"", ""44.78713989"", ""43.64944839"", ""44.02003860"", ""44.73793030"", ""45.42044830"", ""44.99850464"", ""44.02721405"", ""43.90283585"", ""44.62168503""]",2,Generic,0,none,,
resnet_skip_study_r2,G30_no_skip,generic_legacy,['Generic'],Weather-96,144,96,192,30,1,True,2,44,64.778481,1.089185,16.193243,1788.986816,nan,0.416948,0.428558,31027200,256,218.28,25,False,False,ReLU,MAX_EPOCHS,43.11481476,44.93152618,48.12520981,15,1.042137,False,"[""79.88856506"", ""70.70428467"", ""62.42019653"", ""57.15480804"", ""51.32754517"", ""46.39350510"", ""43.79712296"", ""44.69729233"", ""43.90328979"", ""44.41266632"", ""44.70723724"", ""44.58170319"", ""43.37084961"", ""43.87158585"", ""44.00159836"", ""43.11481476"", ""43.25945282"", ""44.78211975"", ""45.21401215"", ""43.49184799"", ""43.42699814"", ""43.93070221"", ""44.89342499"", ""44.84980392"", ""44.93152618""]",2,Generic,0,none,,
resnet_skip_study_r2,G30_skip5_a01,generic_legacy,['Generic'],Weather-96,144,96,192,30,1,True,0,42,66.594223,1.233459,14.768036,1956.275757,nan,0.480012,0.613827,31027200,256,176.89,20,False,False,ReLU,EARLY_STOPPED,43.34614944,44.88227844,50.30274963,9,1.035439,False,"[""66.84707642"", ""59.10942459"", ""56.50152588"", ""48.86579132"", ""46.83956146"", ""46.83990097"", ""44.75852966"", ""45.16567993"", ""44.02762604"", ""43.34614944"", ""44.02948761"", ""44.56436157"", ""43.84259415"", ""44.28158188"", ""43.54130173"", ""43.74070740"", ""43.93744659"", ""45.25314713"", ""46.05398941"", ""44.88227844""]",2,Generic,5,0.1,,
resnet_skip_study_r2,G30_skip5_a01,generic_legacy,['Generic'],Weather-96,144,96,192,30,1,True,1,43,65.224167,1.208385,13.775831,1647.260986,nan,0.460167,0.572009,31027200,256,183.34,21,False,False,ReLU,EARLY_STOPPED,43.23370361,46.97788620,49.78639603,10,1.086603,False,"[""70.28878784"", ""64.82705688"", ""60.34075165"", ""55.57225800"", ""47.99902344"", ""46.84156418"", ""44.76644516"", ""44.56454849"", ""43.68589401"", ""44.47715759"", ""43.23370361"", ""44.76131058"", ""43.60536194"", ""43.85626602"", ""43.83604050"", ""46.58758163"", ""45.47539139"", ""44.97797775"", ""46.03877258"", ""45.22354126"", ""46.97788620""]",2,Generic,5,0.1,,
resnet_skip_study_r2,G30_skip5_a01,generic_legacy,['Generic'],Weather-96,144,96,192,30,1,True,2,44,66.591019,1.506104,22.891548,4276.535645,nan,0.595322,0.951714,31027200,256,227.70,25,False,False,ReLU,MAX_EPOCHS,43.36159515,45.35738373,47.66120148,17,1.046027,False,"[""73.15595245"", ""62.13385773"", ""61.37713623"", ""59.14714813"", ""46.33876801"", ""45.28813171"", ""44.29066467"", ""44.44412994"", ""43.83732224"", ""43.88671112"", ""43.76700974"", ""44.85372925"", ""43.41589355"", ""43.69364548"", ""43.86865616"", ""44.35134125"", ""45.88706589"", ""43.36159515"", ""44.39469528"", ""43.55602646"", ""44.10382080"", ""44.71885300"", ""45.23472214"", ""45.75860214"", ""45.35738373""]",2,Generic,5,0.1,,
resnet_skip_study_r2,G30_skip5_learn,generic_legacy,['Generic'],Weather-96,144,96,192,30,1,True,0,42,64.781174,1.084874,12.767245,1389.793579,nan,0.405374,0.336937,31027201,256,223.06,25,False,False,ReLU,MAX_EPOCHS,43.18603134,43.31981659,51.91103745,22,1.003098,False,"[""69.69562531"", ""67.08126831"", ""64.60421753"", ""58.63068771"", ""52.52259445"", ""49.96506119"", ""48.14385986"", ""46.37744522"", ""45.44357300"", ""44.93445587"", ""43.78061676"", ""44.31894302"", ""44.05658340"", ""46.06861115"", ""44.55500412"", ""44.35200119"", ""44.73229980"", ""45.58589554"", ""44.39827728"", ""43.77004242"", ""43.44991302"", ""43.84507751"", ""43.18603134"", ""43.76269150"", ""43.31981659""]",2,Generic,5,learnable,,
resnet_skip_study_r2,G30_skip5_learn,generic_legacy,['Generic'],Weather-96,144,96,192,30,1,True,1,43,64.458832,0.962217,14.124784,1844.864136,nan,0.352786,0.246078,31027201,256,219.42,25,False,False,ReLU,MAX_EPOCHS,43.59265900,43.67182541,51.55705261,22,1.001816,False,"[""68.89596558"", ""66.02781677"", ""59.44133377"", ""60.44744110"", ""58.17904663"", ""52.65275192"", ""46.09232330"", ""45.79354095"", ""45.73084641"", ""44.09597397"", ""44.78820419"", ""44.67575836"", ""44.32358170"", ""45.57411194"", ""44.70574570"", ""45.25941849"", ""45.17863083"", ""43.69915009"", ""45.80279922"", ""45.05460739"", ""45.02045822"", ""45.34331894"", ""43.59265900"", ""43.60981369"", ""43.67182541""]",2,Generic,5,learnable,,
resnet_skip_study_r2,G30_skip5_learn,generic_legacy,['Generic'],Weather-96,144,96,192,30,1,True,2,44,65.039703,1.125609,15.539336,1977.126587,nan,0.422348,0.419506,31027201,256,215.23,25,False,False,ReLU,MAX_EPOCHS,43.52173233,43.88196182,51.11203766,16,1.008277,False,"[""82.79618073"", ""74.39311218"", ""69.86545563"", ""61.39478302"", ""50.20718384"", ""47.58801651"", ""45.02915573"", ""44.05622864"", ""44.57403564"", ""45.06634903"", ""45.87429047"", ""44.59895325"", ""44.72218323"", ""44.33835602"", ""44.59263229"", ""44.94099426"", ""43.52173233"", ""43.88901520"", ""45.25640488"", ""43.82821274"", ""44.17912292"", ""44.41211700"", ""43.66468811"", ""43.85242081"", ""43.88196182""]",2,Generic,5,learnable,,
resnet_skip_study_r2,G30_skip10_a01,generic_legacy,['Generic'],Weather-96,144,96,192,30,1,True,0,42,64.894791,1.165830,13.279968,1417.364746,nan,0.424802,0.408397,31027200,256,211.19,24,False,False,ReLU,EARLY_STOPPED,43.32464600,45.24811935,48.20705795,13,1.044397,False,"[""70.26398468"", ""61.76555252"", ""57.52729034"", ""56.93947220"", ""46.82160950"", ""44.03097153"", ""44.10982513"", ""44.73268127"", ""44.18712234"", ""43.91717148"", ""44.04581070"", ""43.87151718"", ""44.81238556"", ""43.32464600"", ""44.03954315"", ""44.11380768"", ""43.83190155"", ""43.61646271"", ""43.93709183"", ""45.16426468"", ""43.81973267"", ""44.54214859"", ""45.38931274"", ""45.24811935""]",2,Generic,10,0.1,,
resnet_skip_study_r2,G30_skip10_a01,generic_legacy,['Generic'],Weather-96,144,96,192,30,1,True,1,43,65.045433,1.224557,15.579236,1799.402588,nan,0.432095,0.445821,31027200,256,206.60,24,False,False,ReLU,EARLY_STOPPED,43.25288391,45.82727051,47.90157318,13,1.059519,False,"[""69.74501801"", ""63.45566940"", ""50.17229462"", ""46.14641190"", ""44.98229218"", ""45.41650391"", ""43.78723907"", ""44.73282242"", ""44.25759125"", ""44.08417511"", ""44.07232666"", ""43.85365677"", ""44.57249069"", ""43.25288391"", ""45.12686539"", ""43.55244446"", ""43.92253494"", ""45.45749283"", ""44.82219696"", ""44.77466202"", ""44.34132385"", ""45.31528473"", ""45.59957886"", ""45.82727051""]",2,Generic,10,0.1,,
resnet_skip_study_r2,G30_skip10_a01,generic_legacy,['Generic'],Weather-96,144,96,192,30,1,True,2,44,65.674965,1.436336,30.518454,9289.732422,nan,0.553877,0.969233,31027200,256,220.44,25,False,False,ReLU,MAX_EPOCHS,43.07309723,44.77354813,48.49302673,15,1.039478,False,"[""79.43325806"", ""65.91439056"", ""61.85018921"", ""57.72215652"", ""50.15370941"", ""48.20103455"", ""45.79224014"", ""45.38228607"", ""44.69112015"", ""44.48545456"", ""43.88352203"", ""44.47093964"", ""44.16739655"", ""43.57707977"", ""43.91489792"", ""43.07309723"", ""43.43431473"", ""49.25885010"", ""44.88956833"", ""45.99961472"", ""44.17050934"", ""43.95028687"", ""44.28793335"", ""44.77257156"", ""44.77354813""]",2,Generic,10,0.1,,
resnet_skip_study_r2,G30_skip10_learn,generic_legacy,['Generic'],Weather-96,144,96,192,30,1,True,0,42,64.355225,0.986043,13.301787,1724.516479,nan,0.360457,0.305523,31027201,256,213.86,24,False,False,ReLU,EARLY_STOPPED,43.11998367,43.52673340,49.34634399,13,1.009433,False,"[""71.08689880"", ""65.00458527"", ""60.47011566"", ""58.83727264"", ""46.94063187"", ""45.14702988"", ""44.23150253"", ""43.66523743"", ""43.86170197"", ""44.45558929"", ""43.18537140"", ""44.98650742"", ""44.55932236"", ""43.11998367"", ""43.26465607"", ""45.89794159"", ""43.91976166"", ""44.37059021"", ""44.09115601"", ""44.08178711"", ""43.47882843"", ""43.80752945"", ""43.38018036"", ""43.52673340""]",2,Generic,10,learnable,,
resnet_skip_study_r2,G30_skip10_learn,generic_legacy,['Generic'],Weather-96,144,96,192,30,1,True,1,43,63.911308,1.012487,13.683355,1773.585205,nan,0.366445,0.301799,31027201,256,192.17,22,False,False,ReLU,EARLY_STOPPED,43.15677643,43.89977264,51.54621506,11,1.017216,False,"[""69.72476196"", ""62.21495819"", ""59.43321991"", ""58.46143341"", ""50.25603867"", ""47.91624832"", ""46.16391754"", ""44.06493759"", ""44.24673462"", ""45.02392578"", ""44.53881454"", ""43.15677643"", ""43.43730164"", ""43.76905060"", ""46.13940811"", ""44.13740921"", ""45.00054932"", ""44.23963928"", ""44.61179733"", ""44.37880707"", ""43.98971939"", ""43.89977264""]",2,Generic,10,learnable,,
resnet_skip_study_r2,G30_skip10_learn,generic_legacy,['Generic'],Weather-96,144,96,192,30,1,True,2,44,65.272423,1.199486,14.762140,1842.675659,nan,0.447493,0.529623,31027201,256,193.30,22,False,False,ReLU,EARLY_STOPPED,43.40430069,44.87966919,50.36523438,11,1.033991,False,"[""80.21956635"", ""71.20159912"", ""60.32061768"", ""52.93190765"", ""51.52561188"", ""50.52253723"", ""50.11672974"", ""44.66143036"", ""44.67432022"", ""44.18240738"", ""43.96343994"", ""43.40430069"", ""44.37215805"", ""45.41585159"", ""45.10808563"", ""43.46385193"", ""43.95235062"", ""43.90803909"", ""43.80680466"", ""45.27121353"", ""45.25888443"", ""44.87966919""]",2,Generic,10,learnable,,
resnet_skip_study_r3,GAELG10_no_skip,genAELG_baseline,['GenericAELG'],Weather-96,144,96,192,10,1,True,0,42,66.939316,1.076933,17.122231,2717.345215,nan,0.418418,0.435530,3369280,256,135.93,19,False,False,ReLU,EARLY_STOPPED,43.03499985,43.66106415,52.39935684,8,1.014548,False,"[""74.42537689"", ""62.06768036"", ""48.53389740"", ""46.34028625"", ""44.19617081"", ""43.56894302"", ""43.58938217"", ""43.73468781"", ""43.03499985"", ""43.44993591"", ""43.79904175"", ""44.49145889"", ""43.78775787"", ""44.32490921"", ""43.40921402"", ""43.92567444"", ""44.26144791"", ""44.38208771"", ""43.66106415""]",3,GenericAELG,0,none,,
resnet_skip_study_r3,GAELG10_no_skip,genAELG_baseline,['GenericAELG'],Weather-96,144,96,192,10,1,True,1,43,66.720734,1.093155,16.408541,2546.225098,nan,0.402970,0.317474,3369280,256,213.17,30,False,False,ReLU,EARLY_STOPPED,42.91647720,42.93407822,52.09470367,19,1.000410,False,"[""65.83093262"", ""59.02693939"", ""48.80685043"", ""45.99712753"", ""44.53207397"", ""43.72531891"", ""44.27606583"", ""44.04519653"", ""43.36838150"", ""43.26087570"", ""44.31236267"", ""43.51576233"", ""43.69727707"", ""43.67926025"", ""43.87332916"", ""43.97296143"", ""44.26325989"", ""42.96567917"", ""43.02956390"", ""42.91647720"", ""43.63997650"", ""43.29236603"", ""42.99164581"", ""43.22604752"", ""43.24253464"", ""42.93290710"", ""42.99607086"", ""43.00026703"", ""43.28023911"", ""42.93407822""]",3,GenericAELG,0,none,,
resnet_skip_study_r3,GAELG10_no_skip,genAELG_baseline,['GenericAELG'],Weather-96,144,96,192,10,1,True,2,44,66.942513,1.192442,16.669783,2661.975830,nan,0.453640,0.531554,3369280,256,123.40,17,False,False,ReLU,EARLY_STOPPED,43.26203156,44.53757858,53.00201797,6,1.029484,False,"[""80.00854492"", ""68.98361206"", ""51.10663605"", ""46.24886322"", ""44.83005524"", ""44.30604553"", ""43.26203156"", ""43.31629944"", ""44.25660706"", ""44.23178101"", ""43.62561035"", ""44.05879211"", ""44.70607758"", ""44.53697205"", ""44.70434570"", ""44.35498810"", ""44.53757858""]",3,GenericAELG,0,none,,
resnet_skip_study_r3,GAELG10_no_skip,genAELG_baseline,['GenericAELG'],Weather-96,144,96,192,10,1,True,3,45,66.026138,1.101288,17.164112,2719.968506,nan,0.423351,0.458307,3369280,256,144.28,20,False,False,ReLU,EARLY_STOPPED,42.90063477,43.88089371,52.67568207,9,1.022850,False,"[""72.98767853"", ""64.40567780"", ""49.54465866"", ""45.15167236"", ""43.58016586"", ""44.34794617"", ""44.14481735"", ""43.47568893"", ""43.46402359"", ""42.90063477"", ""43.39597702"", ""43.46559906"", ""43.52680969"", ""43.03362274"", ""43.80516815"", ""43.76068497"", ""43.46658707"", ""43.76761246"", ""44.28189850"", ""43.88089371""]",3,GenericAELG,0,none,,
resnet_skip_study_r3,GAELG10_no_skip,genAELG_baseline,['GenericAELG'],Weather-96,144,96,192,10,1,True,4,46,66.495590,1.217876,17.752869,2897.855957,nan,0.443290,0.529611,3369280,256,128.82,18,False,False,ReLU,EARLY_STOPPED,43.17043304,44.51342392,53.06077576,7,1.031109,False,"[""73.62921906"", ""65.65653992"", ""50.22277832"", ""44.87583160"", ""44.95597076"", ""43.97270966"", ""43.54602432"", ""43.17043304"", ""44.12604523"", ""43.94594574"", ""43.49627686"", ""43.19264984"", ""43.94422913"", ""43.98778152"", ""44.33678818"", ""43.94090652"", ""43.79578018"", ""44.51342392""]",3,GenericAELG,0,none,,
resnet_skip_study_r3,GAELG20_no_skip,genAELG_baseline,['GenericAELG'],Weather-96,144,96,192,20,1,True,0,42,65.118980,1.127664,16.632372,2506.330811,nan,0.431081,0.509821,6738560,256,133.91,18,False,False,ReLU,EARLY_STOPPED,43.01187134,43.17013168,53.11564636,7,1.003679,False,"[""63.90299225"", ""58.01422882"", ""45.85557556"", ""44.37829971"", ""44.19480133"", ""43.95415115"", ""44.49722290"", ""43.01187134"", ""44.05127335"", ""44.10832977"", ""43.29421234"", ""44.39205551"", ""43.89004517"", ""43.65910339"", ""45.37076569"", ""43.13123703"", ""43.34915543"", ""43.17013168""]",3,GenericAELG,0,none,,
resnet_skip_study_r3,GAELG20_no_skip,genAELG_baseline,['GenericAELG'],Weather-96,144,96,192,20,1,True,1,43,67.800995,1.310908,17.219538,2600.867676,nan,0.492085,0.779734,6738560,256,123.86,16,False,False,ReLU,EARLY_STOPPED,43.37024307,44.20563889,52.36925507,5,1.019262,False,"[""60.27424240"", ""52.83415985"", ""45.86660385"", ""43.82726288"", ""44.14860153"", ""43.37024307"", ""43.75650024"", ""43.86131668"", ""44.16187286"", ""44.32716751"", ""43.68723679"", ""44.84074020"", ""44.65684128"", ""43.44056320"", ""44.66863251"", ""44.20563889""]",3,GenericAELG,0,none,,
resnet_skip_study_r3,GAELG20_no_skip,genAELG_baseline,['GenericAELG'],Weather-96,144,96,192,20,1,True,2,44,66.676842,1.257194,18.396620,2889.030273,nan,0.483678,0.693704,6738560,256,130.16,17,False,False,ReLU,EARLY_STOPPED,43.30086517,43.91718674,52.67988968,6,1.014233,False,"[""69.89550781"", ""63.17276764"", ""46.86861801"", ""46.16150665"", ""44.20029068"", ""43.65637589"", ""43.30086517"", ""43.71038818"", ""43.71121216"", ""43.54333496"", ""43.39725113"", ""43.52523804"", ""43.52695084"", ""44.43475723"", ""44.13082504"", ""43.96676254"", ""43.91718674""]",3,GenericAELG,0,none,,
resnet_skip_study_r3,GAELG20_no_skip,genAELG_baseline,['GenericAELG'],Weather-96,144,96,192,20,1,True,3,45,64.697548,1.130510,14.302817,1722.182373,nan,0.431782,0.459403,6738560,256,278.59,38,False,False,ReLU,EARLY_STOPPED,42.91138840,42.97621918,50.56331635,27,1.001511,False,"[""69.49514008"", ""61.84554291"", ""46.67323685"", ""44.63680267"", ""44.07828903"", ""45.62891006"", ""44.23708725"", ""43.91972733"", ""44.32571411"", ""43.92615891"", ""44.52951431"", ""43.88198090"", ""45.71577454"", ""44.35090256"", ""44.61956406"", ""43.89059448"", ""43.75923157"", ""43.99790573"", ""43.82762146"", ""44.12553787"", ""44.94624329"", ""44.11217499"", ""43.65706635"", ""43.68961334"", ""44.01221466"", ""43.01288605"", ""44.44506454"", ""42.91138840"", ""44.47447586"", ""43.53854752"", ""43.33835220"", ""43.37837219"", ""43.97854614"", ""43.13499069"", ""42.94173050"", ""45.88916779"", ""43.73912048"", ""42.97621918""]",3,GenericAELG,0,none,,
resnet_skip_study_r3,GAELG20_no_skip,genAELG_baseline,['GenericAELG'],Weather-96,144,96,192,20,1,True,4,46,65.754044,1.207683,17.409172,2586.416260,nan,0.473581,0.688967,6738560,256,117.94,16,False,False,ReLU,EARLY_STOPPED,42.95353699,44.10656357,53.14831543,5,1.026844,False,"[""67.17646790"", ""62.13959885"", ""46.65379333"", ""45.88858414"", ""43.68178177"", ""42.95353699"", ""43.73667526"", ""44.65716171"", ""44.42975616"", ""43.60637665"", ""43.85191727"", ""44.19815063"", ""44.39963913"", ""43.89781189"", ""44.58214569"", ""44.10656357""]",3,GenericAELG,0,none,,
resnet_skip_study_r3,GAELG10_skip5_learn,genAELG_control,['GenericAELG'],Weather-96,144,96,192,10,1,True,0,42,66.431358,1.181975,16.778725,2662.371094,nan,0.450592,0.555393,3369281,256,120.91,17,False,False,ReLU,EARLY_STOPPED,42.68319702,44.00700760,53.28184509,6,1.031015,False,"[""70.12670898"", ""59.76386642"", ""48.49448776"", ""45.64630127"", ""44.45711517"", ""43.08207321"", ""42.68319702"", ""43.41306686"", ""43.26326752"", ""43.16215897"", ""43.24413681"", ""43.58486557"", ""43.48158264"", ""44.23507309"", ""43.92417145"", ""43.97481918"", ""44.00700760""]",3,GenericAELG,5,learnable,,
resnet_skip_study_r3,GAELG10_skip5_learn,genAELG_control,['GenericAELG'],Weather-96,144,96,192,10,1,True,1,43,63.785423,1.022520,12.147181,1371.052002,nan,0.376591,0.285837,3369281,256,453.70,64,False,False,ReLU,EARLY_STOPPED,42.29163742,43.05233765,49.80525589,53,1.017987,False,"[""65.23888397"", ""58.37765503"", ""48.47307968"", ""45.72593689"", ""44.60872269"", ""44.19413757"", ""43.84331512"", ""43.25785065"", ""43.29531479"", ""44.32041168"", ""43.39531326"", ""43.52372742"", ""43.45824814"", ""44.31237411"", ""44.48724365"", ""43.85583496"", ""43.10615158"", ""43.16357803"", ""43.27767944"", ""43.54035568"", ""43.14262772"", ""42.97560120"", ""43.24597168"", ""42.78424072"", ""44.22406769"", ""43.27629471"", ""42.86331940"", ""43.69195557"", ""43.07090378"", ""43.01958466"", ""42.75943756"", ""43.35490799"", ""43.03862381"", ""43.13982010"", ""43.79000854"", ""43.35213089"", ""43.05863190"", ""43.43386459"", ""42.52010727"", ""42.67162704"", ""42.69530869"", ""43.21665955"", ""43.13739395"", ""42.39374924"", ""42.66928482"", ""42.49901581"", ""42.88165283"", ""42.44780350"", ""43.02458191"", ""42.79321289"", ""42.95945740"", ""43.11628342"", ""42.96249008"", ""42.29163742"", ""43.36965561"", ""42.67631912"", ""42.79007339"", ""42.72004318"", ""42.49166107"", ""43.36697006"", ""42.79170990"", ""43.22877121"", ""42.80250168"", ""43.05233765""]",3,GenericAELG,5,learnable,,
resnet_skip_study_r3,GAELG10_skip5_learn,genAELG_control,['GenericAELG'],Weather-96,144,96,192,10,1,True,2,44,66.338989,1.205297,16.547405,2467.946533,nan,0.477427,0.625215,3369281,256,123.65,17,False,False,ReLU,EARLY_STOPPED,43.17102051,44.47377014,53.25745773,6,1.030176,False,"[""77.95632172"", ""67.94849396"", ""51.17656708"", ""45.54112244"", ""45.17803574"", ""44.71477509"", ""43.17102051"", ""43.43763733"", ""44.09740448"", ""43.85354614"", ""43.95882416"", ""43.64290619"", ""44.22503281"", ""45.08922195"", ""44.00558853"", ""44.81647110"", ""44.47377014""]",3,GenericAELG,5,learnable,,
resnet_skip_study_r3,GAELG10_skip5_learn,genAELG_control,['GenericAELG'],Weather-96,144,96,192,10,1,True,3,45,66.164856,1.176116,17.557117,2683.779785,nan,0.455968,0.593719,3369281,256,128.74,18,False,False,ReLU,EARLY_STOPPED,42.67580795,44.04698563,53.12386703,7,1.032130,False,"[""73.68475342"", ""65.62818146"", ""50.36607361"", ""45.95396042"", ""45.54113388"", ""43.93487549"", ""42.96193314"", ""42.67580795"", ""43.55776596"", ""43.64323044"", ""42.98641205"", ""43.50897217"", ""43.68407059"", ""43.08393478"", ""43.72112274"", ""43.53874207"", ""44.35644913"", ""44.04698563""]",3,GenericAELG,5,learnable,,
resnet_skip_study_r3,GAELG10_skip5_learn,genAELG_control,['GenericAELG'],Weather-96,144,96,192,10,1,True,4,46,66.246384,1.233327,16.441345,2556.210693,nan,0.451589,0.542818,3369281,256,118.79,17,False,False,ReLU,EARLY_STOPPED,43.46653366,44.13011169,52.66632462,6,1.015266,False,"[""78.42285156"", ""71.54324341"", ""51.24067307"", ""45.64281845"", ""44.84125137"", ""43.52620697"", ""43.46653366"", ""44.14152527"", ""43.75119019"", ""43.48435974"", ""44.37549210"", ""45.00317764"", ""44.04634857"", ""43.91243744"", ""44.20632553"", ""44.56962204"", ""44.13011169""]",3,GenericAELG,5,learnable,,
resnet_skip_study_r3,GAELG20_skip5_a01,genAELG_depth_x_skip,['GenericAELG'],Weather-96,144,96,192,20,1,True,0,42,65.304062,1.174775,13.903078,1655.692749,nan,0.432978,0.449466,6738560,256,214.20,29,False,False,ReLU,EARLY_STOPPED,42.51714325,42.92292786,51.20877075,18,1.009544,False,"[""63.62458038"", ""57.66087723"", ""45.56819534"", ""44.59735870"", ""43.74417114"", ""44.46836853"", ""43.44781494"", ""43.90171051"", ""43.16354370"", ""43.87121582"", ""44.68457794"", ""44.93442154"", ""44.31705093"", ""43.93047714"", ""43.66122055"", ""43.45094681"", ""44.11403275"", ""43.41127777"", ""42.51714325"", ""43.34654236"", ""43.99771881"", ""43.15581894"", ""42.66302109"", ""42.91435623"", ""43.29119492"", ""42.78643799"", ""43.23092270"", ""43.80391693"", ""42.92292786""]",3,GenericAELG,5,0.1,,
resnet_skip_study_r3,GAELG20_skip5_a01,genAELG_depth_x_skip,['GenericAELG'],Weather-96,144,96,192,20,1,True,1,43,64.431740,1.054741,14.580957,1575.140991,nan,0.393710,0.352380,6738560,256,230.12,31,False,False,ReLU,EARLY_STOPPED,42.77099991,43.34996796,50.68299866,20,1.013536,False,"[""64.81829834"", ""54.41405106"", ""46.08071518"", ""43.64353561"", ""43.56351471"", ""44.20811462"", ""43.76008987"", ""44.69673157"", ""44.01639175"", ""44.28786469"", ""44.21005249"", ""44.75793839"", ""44.21751785"", ""44.02782440"", ""43.54659653"", ""43.99067307"", ""43.76984024"", ""43.73684692"", ""43.55895615"", ""43.67662430"", ""42.77099991"", ""42.95026398"", ""43.53687286"", ""44.24147034"", ""43.23402405"", ""43.14857101"", ""43.78270721"", ""43.65159988"", ""43.60985184"", ""43.58875275"", ""43.34996796""]",3,GenericAELG,5,0.1,,
resnet_skip_study_r3,GAELG20_skip5_a01,genAELG_depth_x_skip,['GenericAELG'],Weather-96,144,96,192,20,1,True,2,44,66.061386,1.186371,17.547663,2718.564209,nan,0.451083,0.536986,6738560,256,135.04,18,False,False,ReLU,EARLY_STOPPED,42.96412659,44.70729446,53.03174973,7,1.040573,False,"[""67.08335876"", ""60.12102509"", ""46.20077896"", ""44.80678177"", ""44.02482605"", ""43.50555420"", ""43.29304123"", ""42.96412659"", ""43.74533844"", ""43.59090424"", ""43.31570053"", ""43.72711945"", ""43.92519379"", ""43.40810394"", ""45.04963303"", ""43.25609589"", ""44.04079819"", ""44.70729446""]",3,GenericAELG,5,0.1,,
resnet_skip_study_r3,GAELG20_skip5_a01,genAELG_depth_x_skip,['GenericAELG'],Weather-96,144,96,192,20,1,True,3,45,66.090927,1.465655,18.290373,2471.318848,nan,0.546296,1.046704,6738560,256,105.53,14,False,False,ReLU,EARLY_STOPPED,43.53730011,43.87374115,52.90910721,3,1.007728,False,"[""71.24065399"", ""53.96903229"", ""45.89447021"", ""43.53730011"", ""44.73884201"", ""44.21388626"", ""44.52877808"", ""44.74038696"", ""44.55939484"", ""43.59930801"", ""44.25323105"", ""43.89960098"", ""44.04319382"", ""43.87374115""]",3,GenericAELG,5,0.1,,
resnet_skip_study_r3,GAELG20_skip5_a01,genAELG_depth_x_skip,['GenericAELG'],Weather-96,144,96,192,20,1,True,4,46,66.042480,1.137810,17.299212,2681.462646,nan,0.445413,0.541902,6738560,256,130.16,17,False,False,ReLU,EARLY_STOPPED,43.07381439,44.78629684,52.78531265,6,1.039757,False,"[""67.72113800"", ""56.70774078"", ""45.17605972"", ""45.08979416"", ""44.32442474"", ""43.12320328"", ""43.07381439"", ""43.35088730"", ""44.45768738"", ""43.68177795"", ""44.02589417"", ""43.80920029"", ""43.67436218"", ""43.60584641"", ""43.86382294"", ""43.47209549"", ""44.78629684""]",3,GenericAELG,5,0.1,,
resnet_skip_study_r3,G30_skip10_a01,generic_legacy,['Generic'],Weather-96,144,96,192,30,1,True,0,42,64.894791,1.165830,13.279968,1417.364746,nan,0.424802,0.408397,31027200,256,215.20,24,False,False,ReLU,EARLY_STOPPED,43.32464600,45.38279343,49.97898865,13,1.047505,False,"[""70.26398468"", ""61.76555252"", ""57.52729034"", ""56.93947220"", ""46.82160950"", ""44.03097153"", ""44.10982513"", ""44.73268127"", ""44.18712234"", ""43.91717148"", ""44.04581070"", ""43.87151718"", ""44.81238556"", ""43.32464600"", ""44.03954315"", ""44.11380768"", ""43.52371979"", ""44.05519485"", ""44.97526169"", ""45.29069519"", ""44.75832367"", ""45.23191833"", ""44.67207336"", ""45.38279343""]",3,Generic,10,0.1,,
resnet_skip_study_r3,G30_skip10_a01,generic_legacy,['Generic'],Weather-96,144,96,192,30,1,True,1,43,65.045433,1.224557,15.579236,1799.402588,nan,0.432095,0.445821,31027200,256,204.44,24,False,False,ReLU,EARLY_STOPPED,43.25288391,45.81741714,48.97938156,13,1.059292,False,"[""69.74501801"", ""63.45566940"", ""50.17229462"", ""46.14641190"", ""44.98229218"", ""45.41650391"", ""43.78723907"", ""44.73282242"", ""44.25759125"", ""44.08417511"", ""44.07232666"", ""43.85365677"", ""44.57249069"", ""43.25288391"", ""45.12686539"", ""43.55244446"", ""43.94588470"", ""44.44962311"", ""45.16237259"", ""44.19599915"", ""44.11537933"", ""46.82926941"", ""44.95203781"", ""45.81741714""]",3,Generic,10,0.1,,
resnet_skip_study_r3,G30_skip10_a01,generic_legacy,['Generic'],Weather-96,144,96,192,30,1,True,2,44,63.234627,1.296855,26.636108,6845.186035,nan,0.500180,0.785260,31027200,256,266.58,31,False,False,ReLU,EARLY_STOPPED,42.83835220,46.94430923,47.58648682,20,1.095848,False,"[""79.43325806"", ""65.91439056"", ""61.85018921"", ""57.72215652"", ""50.15370941"", ""48.20103455"", ""45.79224014"", ""45.38228607"", ""44.69112015"", ""44.48545456"", ""43.88352203"", ""44.47093964"", ""44.16739655"", ""43.57707977"", ""43.91489792"", ""43.07309723"", ""43.33851242"", ""45.19132233"", ""44.10109711"", ""44.56428909"", ""42.83835220"", ""44.34297562"", ""46.26959991"", ""46.32286453"", ""44.11070633"", ""44.43796539"", ""45.13182068"", ""44.96918488"", ""45.24098206"", ""46.98259354"", ""46.94430923""]",3,Generic,10,0.1,,
resnet_skip_study_r3,G30_skip10_a01,generic_legacy,['Generic'],Weather-96,144,96,192,30,1,True,3,45,64.364395,1.130503,16.574947,2136.409424,nan,0.417249,0.396232,31027200,256,186.73,22,False,False,ReLU,EARLY_STOPPED,43.56681824,45.95275116,50.86787415,11,1.054765,False,"[""67.97521973"", ""57.50863647"", ""54.69894409"", ""53.21511078"", ""45.86198807"", ""44.90849686"", ""45.04660797"", ""44.02944565"", ""44.32580948"", ""44.49375534"", ""43.68061829"", ""43.56681824"", ""44.92182541"", ""45.05220795"", ""44.02407837"", ""43.87376404"", ""43.58127213"", ""44.67916870"", ""46.53958511"", ""45.15530014"", ""46.28726959"", ""45.95275116""]",3,Generic,10,0.1,,
resnet_skip_study_r3,G30_skip10_a01,generic_legacy,['Generic'],Weather-96,144,96,192,30,1,True,4,46,64.897766,1.418790,24.134884,4772.868164,nan,0.533814,0.727142,31027200,256,277.88,33,False,False,ReLU,EARLY_STOPPED,43.54172134,46.73353577,47.54064941,22,1.073305,False,"[""74.73265839"", ""70.51707458"", ""61.22510529"", ""57.24512482"", ""45.34628677"", ""44.66823959"", ""43.96420288"", ""44.76922607"", ""44.00743103"", ""44.30597305"", ""44.12685776"", ""44.36352539"", ""45.27658463"", ""44.27922821"", ""44.85489655"", ""44.92766190"", ""43.85808563"", ""45.16268921"", ""45.94890594"", ""45.29616928"", ""44.69215393"", ""44.36271667"", ""43.54172134"", ""43.74842072"", ""45.55974579"", ""44.52885056"", ""44.46228027"", ""45.43531418"", ""46.13274002"", ""44.58767319"", ""45.24002457"", ""45.42147446"", ""46.73353577""]",3,Generic,10,0.1,,
resnet_skip_study_r3,G30_skip10_learn,generic_legacy,['Generic'],Weather-96,144,96,192,30,1,True,0,42,64.355225,0.986043,13.301787,1724.516479,nan,0.360457,0.305523,31027201,256,205.40,24,False,False,ReLU,EARLY_STOPPED,43.11998367,43.57435608,51.32809830,13,1.010537,False,"[""71.08689880"", ""65.00458527"", ""60.47011566"", ""58.83727264"", ""46.94063187"", ""45.14702988"", ""44.23150253"", ""43.66523743"", ""43.86170197"", ""44.45558929"", ""43.18537140"", ""44.98650742"", ""44.55932236"", ""43.11998367"", ""43.26465607"", ""45.89794159"", ""43.98216248"", ""45.84216690"", ""44.49173355"", ""44.65086746"", ""45.49698639"", ""45.40043640"", ""45.62832642"", ""43.57435608""]",3,Generic,10,learnable,,
resnet_skip_study_r3,G30_skip10_learn,generic_legacy,['Generic'],Weather-96,144,96,192,30,1,True,1,43,63.911308,1.012487,13.683355,1773.585205,nan,0.366445,0.301799,31027201,256,188.24,22,False,False,ReLU,EARLY_STOPPED,43.15677643,44.78975296,52.18189240,11,1.037838,False,"[""69.72476196"", ""62.21495819"", ""59.43321991"", ""58.46143341"", ""50.25603867"", ""47.91624832"", ""46.16391754"", ""44.06493759"", ""44.24673462"", ""45.02392578"", ""44.53881454"", ""43.15677643"", ""43.43730164"", ""43.76905060"", ""46.13940811"", ""44.13740921"", ""45.51935959"", ""44.19369507"", ""45.01705170"", ""44.54527664"", ""44.52339172"", ""44.78975296""]",3,Generic,10,learnable,,
resnet_skip_study_r3,G30_skip10_learn,generic_legacy,['Generic'],Weather-96,144,96,192,30,1,True,2,44,65.272423,1.199486,14.762140,1842.675659,nan,0.447493,0.529623,31027201,256,189.37,22,False,False,ReLU,EARLY_STOPPED,43.40430069,45.41968536,50.99369812,11,1.046433,False,"[""80.21956635"", ""71.20159912"", ""60.32061768"", ""52.93190765"", ""51.52561188"", ""50.52253723"", ""50.11672974"", ""44.66143036"", ""44.67432022"", ""44.18240738"", ""43.96343994"", ""43.40430069"", ""44.37215805"", ""45.41585159"", ""45.10808563"", ""43.46385193"", ""44.58841705"", ""43.69466782"", ""45.92877197"", ""45.07382965"", ""44.25342178"", ""45.41968536""]",3,Generic,10,learnable,,
resnet_skip_study_r3,G30_skip10_learn,generic_legacy,['Generic'],Weather-96,144,96,192,30,1,True,3,45,65.433189,1.167659,17.229366,2433.355713,nan,0.438248,0.481857,31027201,256,195.18,23,False,False,ReLU,EARLY_STOPPED,42.90699768,45.61064529,51.33282089,12,1.063012,False,"[""64.09129333"", ""60.68269730"", ""57.96095657"", ""52.44464111"", ""47.63713837"", ""48.75058746"", ""46.19180298"", ""44.52188873"", ""43.72183609"", ""43.49468231"", ""44.11264420"", ""43.70340729"", ""42.90699768"", ""44.82521057"", ""43.04495239"", ""44.81952667"", ""44.12888718"", ""44.04431915"", ""43.83581161"", ""43.96501923"", ""45.46852875"", ""43.22115326"", ""45.61064529""]",3,Generic,10,learnable,,
resnet_skip_study_r3,G30_skip10_learn,generic_legacy,['Generic'],Weather-96,144,96,192,30,1,True,4,46,66.011292,1.473089,17.883314,2060.375244,nan,0.576690,0.880687,31027201,256,262.30,31,False,False,ReLU,EARLY_STOPPED,43.31212616,45.67331696,49.27444839,20,1.054516,False,"[""76.27101898"", ""68.88365936"", ""49.45003510"", ""46.88419342"", ""44.92987823"", ""44.22418594"", ""44.81277847"", ""44.99628830"", ""44.49114609"", ""44.75937653"", ""43.93188477"", ""45.14572144"", ""45.04554367"", ""44.33222580"", ""44.53754807"", ""45.29782486"", ""44.60688019"", ""44.47687149"", ""44.72138214"", ""43.61880112"", ""43.31212616"", ""44.22296906"", ""44.10205460"", ""46.83317566"", ""44.88304138"", ""43.51879120"", ""45.49486542"", ""45.60829544"", ""45.21339417"", ""44.47504044"", ""45.67331696""]",3,Generic,10,learnable,,
