experiment,config_name,category,stack_types,period,frequency,forecast_length,backcast_length,n_stacks,n_blocks_per_stack,share_weights,run,seed,smape,mase,mae,mse,owa,norm_mae,norm_mse,n_params,t_width,training_time_seconds,epochs_trained,active_g,sum_losses,activation,stopping_reason,best_val_loss,final_val_loss,final_train_loss,best_epoch,loss_ratio,diverged,val_loss_curve
Weather-AsymWavelet-Diagnostic,AELG-coif2-coif2,wavelet_asymmetric_diagnostic,"['TrendAELG', 'WaveletV3AELG']",Weather-96,144,96,480,8,1,True,0,1,74.693718,4.963483,15.122839,2741.167480,nan,1.212204,15.575353,1807436,256,238.54,34,False,False,ReLU,EARLY_STOPPED,987.56915283,1062.53747559,9422.09082031,23,1.075912,False,"[""2053.52612305"", ""2401.99951172"", ""1373.32031250"", ""1276.60913086"", ""1191.49462891"", ""1272.30834961"", ""1174.05688477"", ""1277.34753418"", ""1216.15026855"", ""1257.58947754"", ""1165.68359375"", ""1204.81958008"", ""1073.52172852"", ""1108.82714844"", ""1235.02172852"", ""1128.83447266"", ""1078.27563477"", ""1036.17089844"", ""1040.20935059"", ""1112.04199219"", ""1084.02233887"", ""1012.40966797"", ""1059.02539062"", ""987.56915283"", ""1174.80810547"", ""1087.83325195"", ""1201.04516602"", ""1170.84594727"", ""1158.11181641"", ""1288.29846191"", ""1168.20690918"", ""1142.03295898"", ""1097.87866211"", ""1062.53747559""]"
Weather-AsymWavelet-Diagnostic,AELG-coif2-coif2,wavelet_asymmetric_diagnostic,"['TrendAELG', 'WaveletV3AELG']",Weather-96,144,96,480,8,1,True,1,2,70.264053,3.846314,13.635926,2020.818481,nan,0.965210,8.532210,1807436,256,284.46,40,False,False,ReLU,EARLY_STOPPED,948.60754395,1024.08715820,8301.67285156,29,1.079569,False,"[""2650.59130859"", ""1582.62158203"", ""1541.40588379"", ""1545.77087402"", ""1460.14147949"", ""1363.04821777"", ""1315.89428711"", ""1337.45642090"", ""1305.08691406"", ""1183.99401855"", ""1115.89392090"", ""1193.72021484"", ""1112.80737305"", ""1114.02062988"", ""1084.40979004"", ""1057.30944824"", ""1106.11938477"", ""1035.12060547"", ""1105.17712402"", ""1020.30334473"", ""1276.81188965"", ""1009.97937012"", ""1116.04272461"", ""1013.06726074"", ""1233.08105469"", ""1099.93212891"", ""1197.93493652"", ""1489.53894043"", ""990.89569092"", ""948.60754395"", ""1094.12109375"", ""1053.70397949"", ""1163.58935547"", ""1138.50573730"", ""1068.39489746"", ""1202.78869629"", ""1255.89904785"", ""1240.59191895"", ""1365.23303223"", ""1024.08715820""]"
Weather-AsymWavelet-Diagnostic,AELG-coif2-coif2,wavelet_asymmetric_diagnostic,"['TrendAELG', 'WaveletV3AELG']",Weather-96,144,96,480,8,1,True,2,3,69.371704,4.011958,13.565735,2490.401855,nan,1.000181,9.458467,1807436,256,236.04,34,False,False,ReLU,EARLY_STOPPED,896.96990967,1182.28576660,9449.70605469,23,1.318089,False,"[""2467.09033203"", ""1496.23156738"", ""1347.41955566"", ""1279.15209961"", ""1414.57617188"", ""1443.43371582"", ""1241.61376953"", ""1243.09655762"", ""1241.48352051"", ""1191.79748535"", ""1198.85034180"", ""1217.32165527"", ""1094.02197266"", ""1042.88012695"", ""1054.17114258"", ""1008.71807861"", ""1195.95556641"", ""1198.65356445"", ""1121.40466309"", ""1196.28308105"", ""1020.70104980"", ""975.12048340"", ""1021.13342285"", ""896.96990967"", ""946.74328613"", ""1181.65661621"", ""1051.31054688"", ""1198.52563477"", ""1463.98364258"", ""943.30535889"", ""1096.18237305"", ""1186.32739258"", ""1220.23925781"", ""1182.28576660""]"
Weather-AsymWavelet-Diagnostic,AELG-coif2-coif2,wavelet_asymmetric_diagnostic,"['TrendAELG', 'WaveletV3AELG']",Weather-96,144,96,480,8,1,True,3,4,73.278519,2.606995,12.683904,1507.361572,nan,0.729845,2.811234,1807436,256,139.36,20,False,False,ReLU,EARLY_STOPPED,954.44549561,1466.32543945,10257.47949219,9,1.536311,False,"[""1855.01916504"", ""1704.88305664"", ""1376.91638184"", ""1423.42529297"", ""1300.86853027"", ""1186.34167480"", ""1229.74877930"", ""1123.41259766"", ""1189.33386230"", ""954.44549561"", ""1012.57824707"", ""1170.48193359"", ""1008.15686035"", ""1039.78820801"", ""1103.60205078"", ""995.09362793"", ""1342.01574707"", ""957.84924316"", ""1085.43554688"", ""1466.32543945""]"
Weather-AsymWavelet-Diagnostic,AELG-coif2-coif2,wavelet_asymmetric_diagnostic,"['TrendAELG', 'WaveletV3AELG']",Weather-96,144,96,480,8,1,True,4,5,69.874260,3.960380,12.639281,1897.945679,nan,0.987824,9.070322,1807436,256,197.01,28,False,False,ReLU,EARLY_STOPPED,814.19158936,1327.31274414,9064.48730469,17,1.630222,False,"[""1813.35974121"", ""1999.73278809"", ""1510.29748535"", ""1488.02258301"", ""1458.73828125"", ""1189.69250488"", ""1157.61425781"", ""1123.16198730"", ""1017.71081543"", ""1008.26971436"", ""984.63806152"", ""1028.90795898"", ""1055.31555176"", ""894.49548340"", ""947.76385498"", ""877.02966309"", ""1221.82397461"", ""814.19158936"", ""1207.90966797"", ""1147.89233398"", ""924.00506592"", ""961.78320312"", ""1560.46020508"", ""1504.23181152"", ""1429.80249023"", ""1076.15734863"", ""1058.84594727"", ""1327.31274414""]"
Weather-AsymWavelet-Diagnostic,AELG-sym3-sym3,wavelet_asymmetric_diagnostic,"['TrendAELG', 'WaveletV3AELG']",Weather-96,144,96,480,8,1,True,0,1,72.434883,4.285562,13.056318,2218.163818,nan,1.050255,10.738092,1807436,256,237.85,34,False,False,ReLU,EARLY_STOPPED,928.85430908,1051.74255371,8935.68261719,23,1.132301,False,"[""2066.41162109"", ""1398.81054688"", ""1352.90954590"", ""1590.15234375"", ""1343.74816895"", ""1347.89306641"", ""1381.41906738"", ""1284.28100586"", ""1162.83264160"", ""1107.57373047"", ""1278.26818848"", ""1277.37597656"", ""1102.76818848"", ""951.84338379"", ""1028.51293945"", ""998.74743652"", ""1044.58947754"", ""1033.88928223"", ""1239.96496582"", ""1052.61401367"", ""1025.41772461"", ""1123.25134277"", ""1069.07006836"", ""928.85430908"", ""1047.66040039"", ""1152.09460449"", ""1127.30615234"", ""1072.21508789"", ""1193.00866699"", ""1168.15087891"", ""1059.90979004"", ""1119.31384277"", ""1146.87158203"", ""1051.74255371""]"
Weather-AsymWavelet-Diagnostic,AELG-sym3-sym3,wavelet_asymmetric_diagnostic,"['TrendAELG', 'WaveletV3AELG']",Weather-96,144,96,480,8,1,True,1,2,67.488121,0.997793,15.412624,2242.159668,nan,0.392686,0.283866,1807436,256,90.59,13,False,False,ReLU,EARLY_STOPPED,1361.67224121,1440.60876465,10931.82226562,2,1.057970,False,"[""31076.53125000"", ""1841.16723633"", ""1361.67224121"", ""1494.88989258"", ""1535.19592285"", ""1506.42053223"", ""1513.58081055"", ""1389.89514160"", ""1718.91235352"", ""1542.60559082"", ""1515.23425293"", ""1515.79638672"", ""1440.60876465""]"
Weather-AsymWavelet-Diagnostic,AELG-sym3-sym3,wavelet_asymmetric_diagnostic,"['TrendAELG', 'WaveletV3AELG']",Weather-96,144,96,480,8,1,True,2,3,67.438850,4.598216,12.490473,1444.276123,nan,1.097181,12.729288,1807436,256,216.97,31,False,False,ReLU,EARLY_STOPPED,786.48547363,967.47363281,9739.48046875,20,1.230123,False,"[""1787.19848633"", ""1435.91516113"", ""1348.47814941"", ""1743.17407227"", ""1378.38842773"", ""1378.31835938"", ""1305.00183105"", ""1320.40063477"", ""1233.72839355"", ""1127.73046875"", ""1075.54663086"", ""1321.12341309"", ""1185.53967285"", ""888.69824219"", ""983.77166748"", ""878.59197998"", ""841.67010498"", ""927.02746582"", ""816.50427246"", ""1000.37316895"", ""786.48547363"", ""946.36804199"", ""1112.58850098"", ""894.03039551"", ""1029.75354004"", ""880.23083496"", ""936.94934082"", ""944.32946777"", ""866.64562988"", ""943.97967529"", ""967.47363281""]"
Weather-AsymWavelet-Diagnostic,AELG-sym3-sym3,wavelet_asymmetric_diagnostic,"['TrendAELG', 'WaveletV3AELG']",Weather-96,144,96,480,8,1,True,3,4,73.608803,4.204852,13.708808,2160.482422,nan,1.061953,9.158946,1807436,256,204.13,29,False,False,ReLU,EARLY_STOPPED,1219.13964844,1505.31762695,9007.49707031,18,1.234738,False,"[""1834.83520508"", ""1701.76696777"", ""1576.83874512"", ""1461.14892578"", ""1728.59790039"", ""1972.84545898"", ""1594.09399414"", ""1497.95935059"", ""1499.19592285"", ""1383.29541016"", ""1555.12963867"", ""1503.64453125"", ""1494.22875977"", ""1565.50500488"", ""1366.38049316"", ""1583.84667969"", ""1535.83020020"", ""1690.49475098"", ""1219.13964844"", ""1572.65283203"", ""1418.84265137"", ""1308.62792969"", ""1288.41979980"", ""1281.73876953"", ""1737.21508789"", ""1430.80432129"", ""1309.10559082"", ""1675.80151367"", ""1505.31762695""]"
Weather-AsymWavelet-Diagnostic,AELG-sym3-sym3,wavelet_asymmetric_diagnostic,"['TrendAELG', 'WaveletV3AELG']",Weather-96,144,96,480,8,1,True,4,5,71.432320,3.120346,14.377418,2111.004150,nan,0.829040,6.857095,1807436,256,161.09,23,False,False,ReLU,EARLY_STOPPED,954.26446533,1375.62951660,9864.16699219,12,1.441560,False,"[""2992.13989258"", ""1721.66821289"", ""1436.91723633"", ""1235.79089355"", ""1227.58239746"", ""1203.32531738"", ""1213.37707520"", ""1071.67297363"", ""971.63006592"", ""961.04833984"", ""1067.88989258"", ""987.13964844"", ""954.26446533"", ""1089.46020508"", ""1274.84326172"", ""1303.27880859"", ""1115.43664551"", ""1265.11926270"", ""1152.58459473"", ""1531.58435059"", ""1484.45275879"", ""1215.34924316"", ""1375.62951660""]"
Weather-AsymWavelet-Diagnostic,AELG-sym20-sym3,wavelet_asymmetric_diagnostic,"['TrendAELG', 'WaveletV3AELG']",Weather-96,144,96,480,8,1,True,0,1,72.696823,4.286811,14.155935,2090.963867,nan,1.056973,10.499477,1807436,256,224.39,32,False,False,ReLU,EARLY_STOPPED,1071.28613281,1345.59350586,9980.19628906,21,1.256054,False,"[""2101.25415039"", ""1385.95471191"", ""1468.98413086"", ""1279.92944336"", ""1322.67407227"", ""1492.46875000"", ""1429.11206055"", ""1336.64086914"", ""1188.81542969"", ""1147.61376953"", ""1117.01953125"", ""1094.84606934"", ""1116.80651855"", ""1072.96655273"", ""1281.03259277"", ""1300.84094238"", ""1098.57080078"", ""1387.51013184"", ""1156.62170410"", ""1144.66137695"", ""1301.91088867"", ""1071.28613281"", ""1305.89233398"", ""1450.32690430"", ""1453.80920410"", ""1465.16174316"", ""1444.32653809"", ""1386.19824219"", ""1929.02416992"", ""1728.37731934"", ""1557.21936035"", ""1345.59350586""]"
Weather-AsymWavelet-Diagnostic,AELG-sym20-sym3,wavelet_asymmetric_diagnostic,"['TrendAELG', 'WaveletV3AELG']",Weather-96,144,96,480,8,1,True,1,2,66.636948,1.254591,15.964040,2236.748535,nan,0.464615,0.517151,1807436,256,111.47,16,False,False,ReLU,EARLY_STOPPED,1252.91625977,1455.03857422,10231.48632812,5,1.161321,False,"[""29736.73828125"", ""1693.89233398"", ""1539.47851562"", ""1540.50085449"", ""1362.37927246"", ""1252.91625977"", ""1448.09033203"", ""1387.41955566"", ""1444.21057129"", ""2284.37255859"", ""1912.13342285"", ""1485.66931152"", ""1414.65881348"", ""1308.21423340"", ""1400.38867188"", ""1455.03857422""]"
Weather-AsymWavelet-Diagnostic,AELG-sym20-sym3,wavelet_asymmetric_diagnostic,"['TrendAELG', 'WaveletV3AELG']",Weather-96,144,96,480,8,1,True,2,3,65.376389,2.039516,15.433496,2371.123779,nan,0.583220,1.702524,1807436,256,98.26,14,False,False,ReLU,EARLY_STOPPED,1169.36047363,1249.89892578,10529.57519531,3,1.068874,False,"[""1790.32910156"", ""1686.26989746"", ""1474.19152832"", ""1169.36047363"", ""1237.24328613"", ""1288.24438477"", ""1351.14331055"", ""1227.12292480"", ""1197.54138184"", ""1203.15783691"", ""1220.89978027"", ""1244.78845215"", ""1198.20959473"", ""1249.89892578""]"
Weather-AsymWavelet-Diagnostic,AELG-sym20-sym3,wavelet_asymmetric_diagnostic,"['TrendAELG', 'WaveletV3AELG']",Weather-96,144,96,480,8,1,True,3,4,72.471268,4.924288,15.583371,2203.881104,nan,1.239687,14.424826,1807436,256,146.76,21,False,False,ReLU,EARLY_STOPPED,1093.86669922,1349.85681152,10263.68945312,10,1.234023,False,"[""1690.72424316"", ""1407.59313965"", ""1322.55810547"", ""1428.32873535"", ""1562.21362305"", ""1401.46435547"", ""1669.32446289"", ""1582.95666504"", ""1475.27465820"", ""1444.23962402"", ""1093.86669922"", ""1284.84545898"", ""1295.08337402"", ""1303.59143066"", ""1175.99926758"", ""1258.68725586"", ""1474.48730469"", ""1378.54797363"", ""1446.56494141"", ""1197.67333984"", ""1349.85681152""]"
Weather-AsymWavelet-Diagnostic,AELG-sym20-sym3,wavelet_asymmetric_diagnostic,"['TrendAELG', 'WaveletV3AELG']",Weather-96,144,96,480,8,1,True,4,5,68.355186,3.659886,13.037243,1889.962891,nan,0.912366,7.815187,1807436,256,189.19,27,False,False,ReLU,EARLY_STOPPED,980.92266846,1627.56896973,10622.86230469,16,1.659223,False,"[""3546.53759766"", ""1384.53356934"", ""1343.93103027"", ""1772.89672852"", ""1387.98303223"", ""1258.03076172"", ""1283.30944824"", ""1236.93664551"", ""1287.40380859"", ""1130.63732910"", ""1111.11425781"", ""1055.28479004"", ""1082.86181641"", ""1106.48486328"", ""1079.92822266"", ""1014.00958252"", ""980.92266846"", ""998.95593262"", ""1179.19641113"", ""1201.01208496"", ""1139.80834961"", ""1236.49633789"", ""1349.20410156"", ""1182.32995605"", ""1184.16076660"", ""1314.15527344"", ""1627.56896973""]"
Weather-AsymWavelet-Diagnostic,AELG-sym20-coif2,wavelet_asymmetric_diagnostic,"['TrendAELG', 'WaveletV3AELG']",Weather-96,144,96,480,8,1,True,0,1,73.244339,5.351202,14.549856,2372.902588,nan,1.258740,21.963865,1807436,256,188.24,27,False,False,ReLU,EARLY_STOPPED,1053.68713379,1543.32458496,9612.79394531,16,1.464690,False,"[""1849.91870117"", ""1778.89721680"", ""1517.80651855"", ""1430.97277832"", ""1240.19982910"", ""1473.64160156"", ""1350.01806641"", ""1314.34350586"", ""1409.56604004"", ""1424.79150391"", ""1432.31774902"", ""1208.45056152"", ""1220.39855957"", ""1200.82165527"", ""1153.23974609"", ""1129.24731445"", ""1053.68713379"", ""1121.90649414"", ""1442.38000488"", ""1177.29125977"", ""1440.61694336"", ""1117.93627930"", ""1522.27563477"", ""1265.59643555"", ""1485.88208008"", ""1505.64184570"", ""1543.32458496""]"
Weather-AsymWavelet-Diagnostic,AELG-sym20-coif2,wavelet_asymmetric_diagnostic,"['TrendAELG', 'WaveletV3AELG']",Weather-96,144,96,480,8,1,True,1,2,67.969742,3.078596,11.388876,1303.852051,nan,0.776725,5.015992,1807436,256,299.09,43,False,False,ReLU,EARLY_STOPPED,906.86877441,1180.83459473,8745.69335938,32,1.302101,False,"[""2153.58300781"", ""1462.77172852"", ""1662.30346680"", ""1459.63500977"", ""1490.32324219"", ""1566.58520508"", ""1577.17602539"", ""1654.70605469"", ""1475.95239258"", ""1329.15637207"", ""1243.43725586"", ""1375.99450684"", ""1166.42712402"", ""1319.61877441"", ""1303.98840332"", ""1120.55920410"", ""1116.82922363"", ""1420.58544922"", ""1267.04907227"", ""1051.55700684"", ""1138.89172363"", ""1255.10473633"", ""973.14959717"", ""1083.72753906"", ""1172.98547363"", ""1180.18188477"", ""1263.81091309"", ""1444.23205566"", ""1046.10083008"", ""1140.48498535"", ""1248.96118164"", ""910.47100830"", ""906.86877441"", ""1163.31542969"", ""943.79510498"", ""1149.15014648"", ""1471.43518066"", ""1168.56152344"", ""1271.39489746"", ""1133.34411621"", ""1348.59802246"", ""1115.35253906"", ""1180.83459473""]"
Weather-AsymWavelet-Diagnostic,AELG-sym20-coif2,wavelet_asymmetric_diagnostic,"['TrendAELG', 'WaveletV3AELG']",Weather-96,144,96,480,8,1,True,2,3,68.287643,3.613090,13.121053,1826.908569,nan,0.895623,7.454692,1807436,256,215.36,31,False,False,ReLU,EARLY_STOPPED,979.21423340,1645.61206055,9928.33300781,20,1.680543,False,"[""2735.33227539"", ""1763.27172852"", ""1497.91308594"", ""1601.25817871"", ""1286.20202637"", ""1272.87792969"", ""1185.47668457"", ""1177.38549805"", ""1209.34643555"", ""1281.58032227"", ""1126.61901855"", ""1128.03173828"", ""1036.22045898"", ""1112.13574219"", ""1160.07373047"", ""1085.97058105"", ""1058.91113281"", ""1011.75524902"", ""982.24865723"", ""1043.25964355"", ""979.21423340"", ""1140.29284668"", ""1015.28039551"", ""1148.78259277"", ""1025.65429688"", ""1055.03833008"", ""1182.76098633"", ""1088.29821777"", ""1138.01428223"", ""1015.49841309"", ""1645.61206055""]"
Weather-AsymWavelet-Diagnostic,AELG-sym20-coif2,wavelet_asymmetric_diagnostic,"['TrendAELG', 'WaveletV3AELG']",Weather-96,144,96,480,8,1,True,3,4,72.551285,4.248788,13.545979,1877.809204,nan,1.061184,10.636701,1807436,256,146.06,21,False,False,ReLU,EARLY_STOPPED,1061.09716797,1240.86804199,10071.37500000,10,1.169420,False,"[""1992.70666504"", ""1490.37377930"", ""1479.37658691"", ""1428.83569336"", ""1351.97155762"", ""1406.66088867"", ""1249.16955566"", ""1283.41687012"", ""1138.20446777"", ""1132.53063965"", ""1061.09716797"", ""1218.34350586"", ""1304.87744141"", ""1074.66259766"", ""1146.76623535"", ""1066.50488281"", ""1245.30456543"", ""1382.97766113"", ""1101.85827637"", ""1236.83361816"", ""1240.86804199""]"
Weather-AsymWavelet-Diagnostic,AELG-sym20-coif2,wavelet_asymmetric_diagnostic,"['TrendAELG', 'WaveletV3AELG']",Weather-96,144,96,480,8,1,True,4,5,68.822784,2.458530,12.063191,1638.634033,nan,0.669403,3.545088,1807436,256,293.62,42,False,False,ReLU,EARLY_STOPPED,793.90704346,1069.33789062,9381.38867188,31,1.346931,False,"[""1966.86621094"", ""1553.07250977"", ""1830.79724121"", ""1348.73486328"", ""1387.60375977"", ""1300.17053223"", ""1275.54541016"", ""1187.02319336"", ""1174.35314941"", ""1229.63696289"", ""1185.69042969"", ""1156.12683105"", ""1119.88659668"", ""1048.22351074"", ""1015.27655029"", ""1044.85449219"", ""1088.54577637"", ""1059.61584473"", ""978.37194824"", ""1181.03942871"", ""1052.53808594"", ""963.06231689"", ""1152.74108887"", ""1307.15405273"", ""1200.87451172"", ""1212.30786133"", ""1174.23327637"", ""1098.61022949"", ""1075.94482422"", ""1057.38952637"", ""1152.73522949"", ""793.90704346"", ""1126.13195801"", ""890.23425293"", ""915.35754395"", ""891.95782471"", ""1065.68103027"", ""1219.66333008"", ""1022.63409424"", ""844.74011230"", ""1071.77941895"", ""1069.33789062""]"
Weather-AsymWavelet-Diagnostic,AELG-sym3-sym20,wavelet_asymmetric_diagnostic,"['TrendAELG', 'WaveletV3AELG']",Weather-96,144,96,480,8,1,True,0,1,67.194351,2.589563,15.195395,2181.404297,nan,0.718865,2.839392,1807436,256,91.06,13,False,False,ReLU,EARLY_STOPPED,1209.54504395,1422.55444336,10870.27734375,2,1.176107,False,"[""1998.95605469"", ""1417.13891602"", ""1209.54504395"", ""1285.99011230"", ""1374.78540039"", ""1301.83471680"", ""1321.35534668"", ""1339.66064453"", ""1264.90734863"", ""1424.32690430"", ""1372.35681152"", ""1465.30212402"", ""1422.55444336""]"
Weather-AsymWavelet-Diagnostic,AELG-sym3-sym20,wavelet_asymmetric_diagnostic,"['TrendAELG', 'WaveletV3AELG']",Weather-96,144,96,480,8,1,True,1,2,72.250854,2.344945,13.744083,2081.925537,nan,0.676305,2.206481,1807436,256,195.37,28,False,False,ReLU,EARLY_STOPPED,962.04016113,1219.24194336,9366.59082031,17,1.267350,False,"[""28976.54296875"", ""1755.14123535"", ""1468.34191895"", ""1256.03845215"", ""1228.48681641"", ""1208.28344727"", ""1232.04223633"", ""1189.41748047"", ""1238.53344727"", ""1255.32250977"", ""1122.13146973"", ""1208.59094238"", ""996.92102051"", ""1106.41931152"", ""1103.44189453"", ""1104.59252930"", ""1041.61010742"", ""962.04016113"", ""1121.05383301"", ""1179.60168457"", ""1129.30163574"", ""1146.31091309"", ""1045.34814453"", ""1093.88183594"", ""1136.94665527"", ""1087.92382812"", ""1146.80261230"", ""1219.24194336""]"
Weather-AsymWavelet-Diagnostic,AELG-sym3-sym20,wavelet_asymmetric_diagnostic,"['TrendAELG', 'WaveletV3AELG']",Weather-96,144,96,480,8,1,True,2,3,71.296295,3.905916,12.723834,1902.187378,nan,0.976014,8.338251,1807436,256,272.31,39,False,False,ReLU,EARLY_STOPPED,934.76721191,1051.94433594,8046.61621094,28,1.125354,False,"[""3584.15185547"", ""1657.07263184"", ""1495.14831543"", ""1417.03002930"", ""1287.00097656"", ""1254.98754883"", ""1210.83435059"", ""1133.54919434"", ""1083.75866699"", ""1327.47326660"", ""1134.20288086"", ""1293.66137695"", ""1157.56030273"", ""1105.03967285"", ""1003.97949219"", ""1030.76318359"", ""1118.18530273"", ""1080.23974609"", ""1038.72204590"", ""982.79211426"", ""1101.75183105"", ""1162.31311035"", ""1010.26580811"", ""1106.02038574"", ""1013.22839355"", ""980.89636230"", ""1047.19042969"", ""968.91046143"", ""934.76721191"", ""1031.12487793"", ""991.27478027"", ""1128.15100098"", ""944.63757324"", ""1099.87585449"", ""1011.47296143"", ""1088.63208008"", ""1058.08581543"", ""1113.89880371"", ""1051.94433594""]"
Weather-AsymWavelet-Diagnostic,AELG-sym3-sym20,wavelet_asymmetric_diagnostic,"['TrendAELG', 'WaveletV3AELG']",Weather-96,144,96,480,8,1,True,3,4,72.195526,4.299410,13.916538,2218.311279,nan,1.065817,10.606089,1807436,256,244.31,35,False,False,ReLU,EARLY_STOPPED,738.51159668,1292.76049805,8980.96289062,24,1.750495,False,"[""1552.27661133"", ""1432.78210449"", ""1261.81677246"", ""1449.88708496"", ""1400.38830566"", ""1330.99108887"", ""1418.89855957"", ""1280.98388672"", ""1267.19091797"", ""1216.31726074"", ""1230.86743164"", ""1142.57214355"", ""1075.54382324"", ""1151.66882324"", ""985.25817871"", ""893.12225342"", ""917.25604248"", ""937.65106201"", ""977.49548340"", ""791.37048340"", ""804.24755859"", ""908.14324951"", ""860.15838623"", ""766.54071045"", ""738.51159668"", ""1034.25036621"", ""806.43676758"", ""1003.07336426"", ""981.16094971"", ""878.76989746"", ""883.35705566"", ""793.27996826"", ""1003.02685547"", ""887.65155029"", ""1292.76049805""]"
Weather-AsymWavelet-Diagnostic,AELG-sym3-sym20,wavelet_asymmetric_diagnostic,"['TrendAELG', 'WaveletV3AELG']",Weather-96,144,96,480,8,1,True,4,5,68.688698,1.589912,14.693142,2215.289795,nan,0.507923,0.822552,1807436,256,118.38,17,False,False,ReLU,EARLY_STOPPED,940.45300293,1012.13555908,11087.67871094,6,1.076221,False,"[""3415.02856445"", ""1407.57666016"", ""1266.48803711"", ""1281.47583008"", ""1200.81958008"", ""1150.75183105"", ""940.45300293"", ""956.83972168"", ""947.72302246"", ""986.25061035"", ""1103.36206055"", ""1020.53546143"", ""1040.75915527"", ""1129.03967285"", ""1039.88598633"", ""1187.75891113"", ""1012.13555908""]"
Weather-AsymWavelet-Diagnostic,VAE-coif2-coif2,wavelet_asymmetric_diagnostic,"['TrendVAE', 'WaveletV3VAE']",Weather-96,144,96,480,8,1,True,0,1,67.007324,2.994506,12.373672,1794.632202,nan,0.760882,5.007342,2133580,256,161.29,23,False,False,ReLU,EARLY_STOPPED,1021.41589355,1149.08471680,9356.83203125,12,1.124992,False,"[""3978.75317383"", ""1433.47277832"", ""1236.78051758"", ""1255.71972656"", ""1246.27905273"", ""1224.94848633"", ""1220.82104492"", ""1389.89782715"", ""1179.92590332"", ""1185.32104492"", ""1213.12963867"", ""1069.46435547"", ""1021.41589355"", ""1283.18432617"", ""1307.18212891"", ""1141.20703125"", ""1572.18762207"", ""1200.68420410"", ""1820.91442871"", ""1877.75952148"", ""1432.72973633"", ""1370.55175781"", ""1149.08471680""]"
Weather-AsymWavelet-Diagnostic,VAE-coif2-coif2,wavelet_asymmetric_diagnostic,"['TrendVAE', 'WaveletV3VAE']",Weather-96,144,96,480,8,1,True,1,2,67.270851,2.079577,12.594504,1832.112915,nan,0.610665,1.883135,2133580,256,183.77,26,False,False,ReLU,EARLY_STOPPED,765.55834961,902.17395020,8743.15234375,15,1.178452,False,"[""2721.73120117"", ""1395.25219727"", ""1318.21337891"", ""1311.95019531"", ""1315.47119141"", ""1244.34643555"", ""1186.93847656"", ""1137.31958008"", ""1234.44067383"", ""1078.62426758"", ""1041.99829102"", ""974.26208496"", ""1002.46142578"", ""1274.92163086"", ""899.19787598"", ""765.55834961"", ""1066.42834473"", ""879.34143066"", ""983.08898926"", ""921.91516113"", ""919.91003418"", ""888.24639893"", ""989.19549561"", ""1079.47119141"", ""1052.70031738"", ""902.17395020""]"
Weather-AsymWavelet-Diagnostic,VAE-coif2-coif2,wavelet_asymmetric_diagnostic,"['TrendVAE', 'WaveletV3VAE']",Weather-96,144,96,480,8,1,True,2,3,69.026489,3.035531,11.660785,1711.907349,nan,0.792487,4.432808,2133580,256,162.23,23,False,False,ReLU,EARLY_STOPPED,983.60632324,1249.81152344,8841.17285156,12,1.270642,False,"[""2748.99145508"", ""1527.99145508"", ""1314.65600586"", ""1245.21911621"", ""1238.52038574"", ""1223.29455566"", ""1340.84204102"", ""1318.09155273"", ""1282.09680176"", ""1356.68286133"", ""1117.40808105"", ""1126.07519531"", ""983.60632324"", ""1348.44799805"", ""1102.67822266"", ""1032.07226562"", ""1103.68444824"", ""1059.62805176"", ""1115.23132324"", ""1231.83703613"", ""1187.43286133"", ""1141.83300781"", ""1249.81152344""]"
Weather-AsymWavelet-Diagnostic,VAE-coif2-coif2,wavelet_asymmetric_diagnostic,"['TrendVAE', 'WaveletV3VAE']",Weather-96,144,96,480,8,1,True,3,4,69.037888,1.752621,13.342976,2260.865723,nan,0.530134,1.118772,2133580,256,191.24,27,False,False,ReLU,EARLY_STOPPED,981.48425293,1165.84020996,9037.42773438,16,1.187834,False,"[""2092.86328125"", ""1324.42126465"", ""1247.70178223"", ""1197.58569336"", ""1342.16772461"", ""1137.72729492"", ""1125.36804199"", ""1083.21789551"", ""1105.76452637"", ""1104.04882812"", ""1142.23925781"", ""1095.70629883"", ""1189.12841797"", ""1209.44494629"", ""1336.70812988"", ""1412.27539062"", ""981.48425293"", ""1384.73535156"", ""1718.47924805"", ""1342.96704102"", ""2181.71679688"", ""1474.81494141"", ""1458.70642090"", ""1442.39257812"", ""1941.50415039"", ""1743.02124023"", ""1165.84020996""]"
Weather-AsymWavelet-Diagnostic,VAE-coif2-coif2,wavelet_asymmetric_diagnostic,"['TrendVAE', 'WaveletV3VAE']",Weather-96,144,96,480,8,1,True,4,5,69.868584,3.224162,13.706829,1640.270142,nan,0.853384,5.739738,2133580,256,227.97,32,False,False,ReLU,EARLY_STOPPED,912.27355957,1181.54370117,8151.98535156,21,1.295164,False,"[""4173.43750000"", ""1678.54077148"", ""1200.64624023"", ""1264.67236328"", ""1252.56286621"", ""1196.36987305"", ""1215.33337402"", ""1132.35290527"", ""1231.30480957"", ""1232.26098633"", ""1274.15869141"", ""1193.95886230"", ""1288.85729980"", ""1188.47033691"", ""1152.72961426"", ""1101.49060059"", ""1427.49694824"", ""958.07702637"", ""961.26629639"", ""966.47644043"", ""932.31164551"", ""912.27355957"", ""1060.31726074"", ""1014.11804199"", ""1077.01513672"", ""924.37634277"", ""1456.71606445"", ""998.83428955"", ""975.56231689"", ""1953.03967285"", ""950.00183105"", ""1181.54370117""]"
Weather-AsymWavelet-Diagnostic,VAE-sym3-sym3,wavelet_asymmetric_diagnostic,"['TrendVAE', 'WaveletV3VAE']",Weather-96,144,96,480,8,1,True,0,1,68.559608,2.237465,13.671561,2259.512939,nan,0.612036,2.235574,2133580,256,220.95,31,False,False,ReLU,EARLY_STOPPED,896.01330566,1061.12304688,9894.94042969,20,1.184272,False,"[""4416.96386719"", ""1668.92932129"", ""1203.85290527"", ""1182.79357910"", ""1210.73022461"", ""1161.75878906"", ""1220.96472168"", ""1175.77563477"", ""1196.20581055"", ""1120.96569824"", ""1102.57421875"", ""1071.62707520"", ""906.25378418"", ""960.22253418"", ""1073.38696289"", ""967.83581543"", ""1020.65545654"", ""1056.38415527"", ""955.05334473"", ""952.37921143"", ""896.01330566"", ""1037.44885254"", ""983.60949707"", ""900.22052002"", ""1038.49609375"", ""953.80468750"", ""914.31542969"", ""995.26678467"", ""930.18273926"", ""1006.43865967"", ""1061.12304688""]"
Weather-AsymWavelet-Diagnostic,VAE-sym3-sym3,wavelet_asymmetric_diagnostic,"['TrendVAE', 'WaveletV3VAE']",Weather-96,144,96,480,8,1,True,1,2,69.855194,1.351892,13.018674,2182.731445,nan,0.438617,0.610315,2133580,256,203.97,28,False,False,ReLU,EARLY_STOPPED,712.50769043,888.09863281,8136.96728516,17,1.246441,False,"[""2620.48559570"", ""1382.85375977"", ""1220.40393066"", ""1204.04040527"", ""1119.10571289"", ""1186.58728027"", ""1120.78881836"", ""1059.15222168"", ""983.17248535"", ""1009.37829590"", ""889.03973389"", ""953.65380859"", ""762.17260742"", ""796.06878662"", ""845.36389160"", ""773.19219971"", ""782.83728027"", ""712.50769043"", ""826.14636230"", ""891.24560547"", ""780.41802979"", ""721.41967773"", ""852.63806152"", ""855.74743652"", ""805.14251709"", ""903.84326172"", ""1068.30273438"", ""888.09863281""]"
Weather-AsymWavelet-Diagnostic,VAE-sym3-sym3,wavelet_asymmetric_diagnostic,"['TrendVAE', 'WaveletV3VAE']",Weather-96,144,96,480,8,1,True,2,3,69.533371,1.743446,13.830479,2183.844971,nan,0.546975,1.105818,2133580,256,187.47,26,False,False,ReLU,EARLY_STOPPED,937.85974121,1022.28845215,7944.29736328,15,1.090023,False,"[""3868.36791992"", ""1446.52319336"", ""1365.94494629"", ""1268.43383789"", ""1117.94226074"", ""991.99401855"", ""1158.11596680"", ""1197.83349609"", ""1231.68811035"", ""1378.60302734"", ""1259.42614746"", ""1197.37341309"", ""1101.18115234"", ""1196.01196289"", ""1205.21252441"", ""937.85974121"", ""1089.53796387"", ""1265.48022461"", ""1169.09143066"", ""1066.38671875"", ""1501.22509766"", ""1164.58813477"", ""996.67004395"", ""1039.47705078"", ""1125.53967285"", ""1022.28845215""]"
Weather-AsymWavelet-Diagnostic,VAE-sym3-sym3,wavelet_asymmetric_diagnostic,"['TrendVAE', 'WaveletV3VAE']",Weather-96,144,96,480,8,1,True,3,4,67.671013,1.591088,13.027380,2065.589111,nan,0.481847,1.108271,2133580,256,226.42,31,False,False,ReLU,EARLY_STOPPED,772.26574707,1022.69885254,9357.87988281,20,1.324284,False,"[""2921.72924805"", ""1516.27294922"", ""1200.42517090"", ""1224.47607422"", ""1303.23706055"", ""1344.31103516"", ""1270.04064941"", ""1207.16491699"", ""957.76354980"", ""1048.65979004"", ""1129.58898926"", ""1105.59069824"", ""1095.07678223"", ""872.41345215"", ""911.39746094"", ""1079.49291992"", ""1134.38842773"", ""946.21691895"", ""911.19091797"", ""977.33825684"", ""772.26574707"", ""1048.54980469"", ""806.31616211"", ""946.30175781"", ""797.15002441"", ""847.54315186"", ""898.50604248"", ""818.54028320"", ""828.06738281"", ""926.93640137"", ""1022.69885254""]"
Weather-AsymWavelet-Diagnostic,VAE-sym3-sym3,wavelet_asymmetric_diagnostic,"['TrendVAE', 'WaveletV3VAE']",Weather-96,144,96,480,8,1,True,4,5,65.881470,2.686347,13.450353,1932.989990,nan,0.697624,3.656731,2133580,256,124.03,17,False,False,ReLU,EARLY_STOPPED,1089.71264648,1252.10083008,9407.05957031,6,1.149019,False,"[""3380.80615234"", ""1435.60852051"", ""1309.34985352"", ""1206.29821777"", ""1231.41857910"", ""1188.57458496"", ""1089.71264648"", ""1207.33703613"", ""1169.70227051"", ""1167.10205078"", ""1311.24462891"", ""1221.86071777"", ""1186.10998535"", ""1251.76660156"", ""1240.42871094"", ""1354.35266113"", ""1252.10083008""]"
Weather-AsymWavelet-Diagnostic,VAE-sym20-sym3,wavelet_asymmetric_diagnostic,"['TrendVAE', 'WaveletV3VAE']",Weather-96,144,96,480,8,1,True,0,1,70.871063,4.817392,12.906648,2134.599854,nan,1.147093,14.532886,2133580,256,210.66,29,False,False,ReLU,EARLY_STOPPED,1010.19317627,1277.57287598,8296.03613281,18,1.264682,False,"[""4405.42431641"", ""1427.53601074"", ""1266.37561035"", ""1191.28942871"", ""1260.71630859"", ""1257.64331055"", ""1238.56982422"", ""1283.92797852"", ""1360.03674316"", ""1260.18054199"", ""1106.19067383"", ""1126.32080078"", ""1751.16760254"", ""1050.50866699"", ""1627.00427246"", ""1094.76098633"", ""1093.01635742"", ""1771.33105469"", ""1010.19317627"", ""1420.12512207"", ""1519.25744629"", ""1868.68164062"", ""1597.42138672"", ""1327.90307617"", ""1377.54882812"", ""1197.40295410"", ""1459.43041992"", ""1336.26770020"", ""1277.57287598""]"
Weather-AsymWavelet-Diagnostic,VAE-sym20-sym3,wavelet_asymmetric_diagnostic,"['TrendVAE', 'WaveletV3VAE']",Weather-96,144,96,480,8,1,True,1,2,67.763466,2.478801,13.456544,2205.466309,nan,0.680542,2.827963,2133580,256,166.42,23,False,False,ReLU,EARLY_STOPPED,913.34313965,1406.90161133,9396.46582031,12,1.540387,False,"[""2718.19458008"", ""1373.76770020"", ""1289.94494629"", ""1202.98730469"", ""1156.63439941"", ""1194.29772949"", ""1207.30346680"", ""1146.95288086"", ""1184.05505371"", ""1011.57647705"", ""1051.78112793"", ""998.10449219"", ""913.34313965"", ""1182.07580566"", ""982.25842285"", ""981.19592285"", ""1039.47827148"", ""1272.29724121"", ""977.77648926"", ""1417.67321777"", ""1135.58251953"", ""1099.93103027"", ""1406.90161133""]"
Weather-AsymWavelet-Diagnostic,VAE-sym20-sym3,wavelet_asymmetric_diagnostic,"['TrendVAE', 'WaveletV3VAE']",Weather-96,144,96,480,8,1,True,2,3,65.561424,2.026753,13.505343,2282.109863,nan,0.554825,2.188893,2133580,256,384.80,53,False,False,ReLU,EARLY_STOPPED,726.88360596,1031.62402344,7742.85156250,42,1.419242,False,"[""3892.22583008"", ""1450.16320801"", ""1339.68408203"", ""1173.31530762"", ""1090.85913086"", ""1049.97595215"", ""1006.94665527"", ""970.85418701"", ""1065.72827148"", ""1115.45397949"", ""1143.58166504"", ""950.32440186"", ""915.45684814"", ""869.15869141"", ""1050.05798340"", ""944.77343750"", ""960.51495361"", ""1197.17553711"", ""933.09509277"", ""948.19567871"", ""1435.65039062"", ""855.84863281"", ""1221.31372070"", ""1319.25878906"", ""963.06164551"", ""976.90380859"", ""823.49139404"", ""1314.67163086"", ""1030.06384277"", ""1528.36779785"", ""1153.94421387"", ""935.22521973"", ""1186.31213379"", ""1216.05053711"", ""996.36218262"", ""736.16259766"", ""1227.57800293"", ""837.53039551"", ""794.96942139"", ""913.13818359"", ""952.11413574"", ""836.16552734"", ""726.88360596"", ""1026.58972168"", ""844.57946777"", ""1111.79040527"", ""826.54168701"", ""833.73767090"", ""765.86199951"", ""1103.80126953"", ""882.17932129"", ""1015.86932373"", ""1031.62402344""]"
Weather-AsymWavelet-Diagnostic,VAE-sym20-sym3,wavelet_asymmetric_diagnostic,"['TrendVAE', 'WaveletV3VAE']",Weather-96,144,96,480,8,1,True,3,4,68.006416,2.468859,13.373499,2267.017822,nan,0.656691,3.230144,2133580,256,198.55,27,False,False,ReLU,EARLY_STOPPED,764.05053711,988.85632324,8964.26074219,16,1.294229,False,"[""2890.76611328"", ""1521.05944824"", ""1357.50842285"", ""1204.74499512"", ""1365.55969238"", ""1253.49487305"", ""1321.85791016"", ""1222.60961914"", ""1130.23498535"", ""1038.67431641"", ""928.34893799"", ""1062.68212891"", ""987.17108154"", ""1046.40124512"", ""808.96917725"", ""838.97351074"", ""764.05053711"", ""871.08056641"", ""887.93865967"", ""880.33319092"", ""818.44573975"", ""902.43811035"", ""802.06829834"", ""914.20886230"", ""979.09313965"", ""840.38903809"", ""988.85632324""]"
Weather-AsymWavelet-Diagnostic,VAE-sym20-sym3,wavelet_asymmetric_diagnostic,"['TrendVAE', 'WaveletV3VAE']",Weather-96,144,96,480,8,1,True,4,5,69.817947,3.410595,13.133641,1830.665771,nan,0.867154,7.248697,2133580,256,221.81,31,False,False,ReLU,EARLY_STOPPED,737.41082764,954.65515137,8161.83593750,20,1.294604,False,"[""3395.27880859"", ""1600.31311035"", ""1280.48559570"", ""1226.04406738"", ""1198.19360352"", ""1171.20715332"", ""1086.40429688"", ""1148.28906250"", ""1033.29321289"", ""1063.75073242"", ""992.06359863"", ""987.99792480"", ""824.02325439"", ""849.21191406"", ""876.94323730"", ""798.96508789"", ""890.85485840"", ""787.18872070"", ""798.29803467"", ""879.90173340"", ""737.41082764"", ""766.88012695"", ""861.61248779"", ""821.51171875"", ""975.93347168"", ""810.47387695"", ""1108.75341797"", ""792.83538818"", ""790.37243652"", ""853.23254395"", ""954.65515137""]"
Weather-AsymWavelet-Diagnostic,VAE-sym20-coif2,wavelet_asymmetric_diagnostic,"['TrendVAE', 'WaveletV3VAE']",Weather-96,144,96,480,8,1,True,0,1,68.495865,1.690358,13.955685,2450.383057,nan,0.493447,1.479687,2133580,256,244.75,34,False,False,ReLU,EARLY_STOPPED,837.26202393,1241.90576172,7876.42773438,23,1.483294,False,"[""4005.39013672"", ""1439.83935547"", ""1240.85400391"", ""1186.22424316"", ""1378.78723145"", ""1278.67407227"", ""1322.99462891"", ""1393.16430664"", ""1361.63452148"", ""1296.96569824"", ""1299.03039551"", ""1125.94030762"", ""1142.14221191"", ""1115.04345703"", ""1058.03771973"", ""1095.52600098"", ""1260.93811035"", ""1311.10095215"", ""1238.38317871"", ""1122.12390137"", ""1211.56176758"", ""961.37341309"", ""987.49890137"", ""837.26202393"", ""1217.15295410"", ""880.70477295"", ""1674.26733398"", ""921.38153076"", ""1028.64086914"", ""1101.84399414"", ""876.65686035"", ""1156.46777344"", ""1365.08569336"", ""1241.90576172""]"
Weather-AsymWavelet-Diagnostic,VAE-sym20-coif2,wavelet_asymmetric_diagnostic,"['TrendVAE', 'WaveletV3VAE']",Weather-96,144,96,480,8,1,True,1,2,66.902374,3.047722,12.806860,1664.474121,nan,0.784011,5.178831,2133580,256,136.63,19,False,False,ReLU,EARLY_STOPPED,1072.21337891,1396.66357422,8115.83984375,8,1.302599,False,"[""2878.65478516"", ""1642.33593750"", ""1266.47277832"", ""1239.55114746"", ""1250.05029297"", ""1161.15002441"", ""1106.05004883"", ""1154.30725098"", ""1072.21337891"", ""1292.65917969"", ""1544.52563477"", ""1317.54846191"", ""1080.04174805"", ""1635.47485352"", ""1333.93786621"", ""1387.30444336"", ""1255.23681641"", ""1122.41284180"", ""1396.66357422""]"
Weather-AsymWavelet-Diagnostic,VAE-sym20-coif2,wavelet_asymmetric_diagnostic,"['TrendVAE', 'WaveletV3VAE']",Weather-96,144,96,480,8,1,True,2,3,69.309181,1.670767,13.369704,2171.411621,nan,0.520490,0.969072,2133580,256,196.81,27,False,False,ReLU,EARLY_STOPPED,772.11425781,923.07653809,9023.25585938,16,1.195518,False,"[""2796.75317383"", ""1435.69177246"", ""1451.96777344"", ""1323.75537109"", ""1143.98498535"", ""1111.69689941"", ""1137.62255859"", ""1072.73376465"", ""1195.10437012"", ""1181.65185547"", ""1031.65893555"", ""896.14190674"", ""964.78546143"", ""935.21203613"", ""1066.15417480"", ""821.90527344"", ""772.11425781"", ""904.14392090"", ""986.09924316"", ""826.44268799"", ""1135.13244629"", ""916.12097168"", ""1102.40930176"", ""881.02453613"", ""967.23699951"", ""1219.41833496"", ""923.07653809""]"
Weather-AsymWavelet-Diagnostic,VAE-sym20-coif2,wavelet_asymmetric_diagnostic,"['TrendVAE', 'WaveletV3VAE']",Weather-96,144,96,480,8,1,True,3,4,68.283264,0.958352,13.228252,2081.692139,nan,0.362789,0.233698,2133580,256,233.63,32,False,False,ReLU,EARLY_STOPPED,806.59228516,842.85949707,7825.52148438,21,1.044963,False,"[""2120.36108398"", ""1348.40136719"", ""1234.70922852"", ""1185.57482910"", ""1379.29150391"", ""1180.47937012"", ""1121.23803711"", ""1114.10974121"", ""986.46203613"", ""1043.87597656"", ""1089.00122070"", ""972.09045410"", ""941.61816406"", ""982.28332520"", ""895.54675293"", ""1465.51904297"", ""898.54803467"", ""891.48669434"", ""1172.55895996"", ""1261.44128418"", ""937.89782715"", ""806.59228516"", ""809.70745850"", ""907.57800293"", ""1511.33654785"", ""930.25842285"", ""821.12713623"", ""940.33264160"", ""818.61053467"", ""985.98974609"", ""944.29766846"", ""842.85949707""]"
Weather-AsymWavelet-Diagnostic,VAE-sym20-coif2,wavelet_asymmetric_diagnostic,"['TrendVAE', 'WaveletV3VAE']",Weather-96,144,96,480,8,1,True,4,5,66.763672,1.629431,14.581873,2393.618652,nan,0.508505,1.024592,2133580,256,355.67,49,False,False,ReLU,EARLY_STOPPED,746.76708984,910.21594238,7911.72802734,38,1.218875,False,"[""4216.76416016"", ""1665.94604492"", ""1303.50036621"", ""1222.04455566"", ""1267.81176758"", ""1135.32165527"", ""1164.37817383"", ""1105.45312500"", ""1107.75390625"", ""1064.78466797"", ""1187.01733398"", ""947.48779297"", ""978.51269531"", ""977.86560059"", ""995.92419434"", ""1014.46008301"", ""966.88262939"", ""884.06604004"", ""944.68859863"", ""959.39093018"", ""864.60412598"", ""1018.59552002"", ""1037.43273926"", ""898.49597168"", ""979.21502686"", ""953.54998779"", ""868.14141846"", ""902.74914551"", ""815.53002930"", ""840.03088379"", ""832.57928467"", ""921.84259033"", ""835.23809814"", ""929.22344971"", ""857.45935059"", ""763.32098389"", ""771.52673340"", ""800.98895264"", ""746.76708984"", ""780.69024658"", ""810.92456055"", ""777.67816162"", ""829.63586426"", ""955.31115723"", ""863.03466797"", ""789.51129150"", ""971.04821777"", ""853.23651123"", ""910.21594238""]"
Weather-AsymWavelet-Diagnostic,VAE-sym3-sym20,wavelet_asymmetric_diagnostic,"['TrendVAE', 'WaveletV3VAE']",Weather-96,144,96,480,8,1,True,0,1,70.019325,2.169501,13.537148,2302.794189,nan,0.606910,1.847528,2133580,256,214.53,29,False,False,ReLU,EARLY_STOPPED,804.90942383,881.14025879,8233.39550781,18,1.094707,False,"[""4373.28320312"", ""1473.34204102"", ""1246.94689941"", ""1164.24304199"", ""1157.66394043"", ""1154.73657227"", ""1010.67071533"", ""1015.13848877"", ""1010.46203613"", ""915.78924561"", ""911.81188965"", ""823.05682373"", ""1125.04333496"", ""958.73767090"", ""950.77636719"", ""1051.62829590"", ""864.62097168"", ""865.18310547"", ""804.90942383"", ""960.21472168"", ""942.78381348"", ""878.28692627"", ""982.71203613"", ""1153.19714355"", ""1030.75451660"", ""1103.79382324"", ""1035.59655762"", ""972.73400879"", ""881.14025879""]"
Weather-AsymWavelet-Diagnostic,VAE-sym3-sym20,wavelet_asymmetric_diagnostic,"['TrendVAE', 'WaveletV3VAE']",Weather-96,144,96,480,8,1,True,1,2,65.563042,1.460400,12.635660,1848.281128,nan,0.460731,0.823059,2133580,256,301.21,41,False,False,ReLU,EARLY_STOPPED,819.28454590,1170.90576172,8420.70214844,30,1.429181,False,"[""2390.40161133"", ""1343.74047852"", ""1292.06213379"", ""1260.07043457"", ""1259.96398926"", ""1291.53771973"", ""1173.38916016"", ""1109.29455566"", ""1226.40112305"", ""1248.89819336"", ""1207.46801758"", ""1097.25292969"", ""927.83996582"", ""1381.84020996"", ""1366.93603516"", ""1122.12561035"", ""953.66113281"", ""1004.69482422"", ""1053.85583496"", ""891.54132080"", ""1062.79980469"", ""1115.78393555"", ""1298.98901367"", ""1092.82971191"", ""1029.76110840"", ""1198.34252930"", ""1263.10241699"", ""1060.48168945"", ""839.98944092"", ""939.68444824"", ""819.28454590"", ""1125.09094238"", ""1133.65417480"", ""1179.21960449"", ""1043.35705566"", ""1340.91296387"", ""925.04656982"", ""973.38659668"", ""1335.76086426"", ""1293.15417480"", ""1170.90576172""]"
Weather-AsymWavelet-Diagnostic,VAE-sym3-sym20,wavelet_asymmetric_diagnostic,"['TrendVAE', 'WaveletV3VAE']",Weather-96,144,96,480,8,1,True,2,3,67.685944,3.107938,14.520432,2030.593750,nan,0.797254,5.456062,2133580,256,132.71,18,False,False,ReLU,EARLY_STOPPED,949.14392090,1121.68029785,10364.81738281,7,1.181781,False,"[""3816.41357422"", ""1553.06652832"", ""1163.64587402"", ""1211.74743652"", ""1203.53308105"", ""1222.09997559"", ""1064.00915527"", ""949.14392090"", ""958.16424561"", ""1105.97619629"", ""1086.46691895"", ""1173.01538086"", ""1025.23046875"", ""1274.93835449"", ""1264.83654785"", ""1058.53088379"", ""1127.57702637"", ""1121.68029785""]"
Weather-AsymWavelet-Diagnostic,VAE-sym3-sym20,wavelet_asymmetric_diagnostic,"['TrendVAE', 'WaveletV3VAE']",Weather-96,144,96,480,8,1,True,3,4,67.102089,3.767650,13.477139,1801.347046,nan,0.926413,8.020061,2133580,256,139.38,19,False,False,ReLU,EARLY_STOPPED,1013.05017090,1113.30798340,10561.12109375,8,1.098966,False,"[""3810.52856445"", ""1769.27282715"", ""1271.54846191"", ""1094.97009277"", ""1218.04357910"", ""1376.65270996"", ""1244.02526855"", ""1214.90551758"", ""1013.05017090"", ""1235.90441895"", ""1078.97753906"", ""1091.48400879"", ""1075.71081543"", ""1169.22619629"", ""1083.86877441"", ""1150.53674316"", ""1156.10766602"", ""1072.31201172"", ""1113.30798340""]"
Weather-AsymWavelet-Diagnostic,VAE-sym3-sym20,wavelet_asymmetric_diagnostic,"['TrendVAE', 'WaveletV3VAE']",Weather-96,144,96,480,8,1,True,4,5,68.451363,1.603953,14.811814,2789.672607,nan,0.491459,0.985917,2133580,256,366.17,50,False,False,ReLU,EARLY_STOPPED,789.89532471,889.91436768,7281.61474609,39,1.126623,False,"[""4360.35595703"", ""1578.85266113"", ""1293.10473633"", ""1178.58117676"", ""1270.19384766"", ""1214.14245605"", ""1187.93237305"", ""1254.53234863"", ""1158.55505371"", ""1236.16198730"", ""1147.08581543"", ""1056.01354980"", ""1121.81396484"", ""1027.03112793"", ""1240.66845703"", ""1209.17297363"", ""1166.05029297"", ""1046.25769043"", ""1071.81347656"", ""1007.76513672"", ""1009.26647949"", ""1150.01904297"", ""1103.04833984"", ""1037.74279785"", ""855.63592529"", ""930.08776855"", ""859.17138672"", ""833.44396973"", ""1074.81335449"", ""811.72412109"", ""791.42596436"", ""883.96203613"", ""828.42053223"", ""893.57116699"", ""865.98193359"", ""894.53729248"", ""862.36639404"", ""851.99432373"", ""815.48114014"", ""789.89532471"", ""1129.15307617"", ""918.97900391"", ""832.61682129"", ""909.53967285"", ""1016.30889893"", ""933.81262207"", ""935.15917969"", ""853.90832520"", ""1107.73730469"", ""889.91436768""]"
