experiment,config_name,category,stack_types,period,frequency,forecast_length,backcast_length,n_stacks,n_blocks_per_stack,share_weights,run,seed,smape,mase,mae,mse,owa,norm_mae,norm_mse,n_params,training_time_seconds,epochs_trained,active_g,sum_losses,activation,stopping_reason,best_val_loss,final_val_loss,final_train_loss,best_epoch,loss_ratio,diverged,val_loss_curve,search_round,architecture,skip_distance_cfg,skip_alpha_cfg,meta_predicted_best,meta_convergence_score
resnet_skip_study_r1,GAELG10_no_skip,genAELG_baseline,['GenericAELG'],Tourism-Yearly,1,4,8,10,1,True,0,42,37.595642,6.368674,119605.226562,831886262272.000000,nan,2.653565,29.722891,1485120,1.24,10,False,False,ReLU,MAX_EPOCHS,38.02146149,38.02146149,48.15189362,9,1.000000,False,"[""164.69519043"", ""115.54824066"", ""68.81788635"", ""39.10476685"", ""48.80921173"", ""58.21619034"", ""57.42432404"", ""50.61940002"", ""42.34408569"", ""38.02146149""]",1,GenericAELG,0,none,39.10476685,0.23743721
resnet_skip_study_r1,GAELG10_no_skip,genAELG_baseline,['GenericAELG'],Tourism-Yearly,1,4,8,10,1,True,1,43,27.262814,4.001383,93164.773438,566997680128.000000,nan,1.633174,13.847414,1485120,0.53,10,False,False,ReLU,MAX_EPOCHS,34.54524994,34.54524994,41.81290436,9,1.000000,False,"[""134.74467468"", ""81.55158234"", ""42.76480865"", ""44.69522476"", ""53.96789169"", ""52.59267044"", ""44.84612274"", ""37.06647491"", ""34.58090591"", ""34.54524994""]",1,GenericAELG,0,none,31.61573582,0.23463440
resnet_skip_study_r1,GAELG10_no_skip,genAELG_baseline,['GenericAELG'],Tourism-Yearly,1,4,8,10,1,True,2,44,32.145641,5.008532,108038.187500,594315640832.000000,nan,2.131538,19.365891,1485120,0.44,10,False,False,ReLU,MAX_EPOCHS,34.83932495,35.20568466,43.10333252,8,1.010516,False,"[""138.38206482"", ""86.78919983"", ""46.52854538"", ""45.28073883"", ""54.38319397"", ""53.66798782"", ""46.49340439"", ""37.96813202"", ""34.83932495"", ""35.20568466""]",1,GenericAELG,0,none,34.93424148,0.25244775
resnet_skip_study_r1,GAELG20_no_skip,genAELG_baseline,['GenericAELG'],Tourism-Yearly,1,4,8,20,1,True,0,42,30.473890,4.987956,139747.015625,1468548907008.000000,nan,2.243759,37.054897,2970240,0.69,10,False,False,ReLU,MAX_EPOCHS,31.39660645,31.54725647,39.78138733,8,1.004798,False,"[""88.05777740"", ""36.48834229"", ""49.76938248"", ""48.43582916"", ""42.08544922"", ""40.92938614"", ""37.88250351"", ""32.23033905"", ""31.39660645"", ""31.54725647""]",1,GenericAELG,0,none,35.50355486,0.40318477
resnet_skip_study_r1,GAELG20_no_skip,genAELG_baseline,['GenericAELG'],Tourism-Yearly,1,4,8,20,1,True,1,43,26.764812,4.382905,110690.906250,1069264011264.000000,nan,1.967526,37.099190,2970240,0.79,10,False,False,ReLU,MAX_EPOCHS,32.07427979,32.07427979,44.21638107,9,1.000000,False,"[""108.43363953"", ""45.96857071"", ""51.93904114"", ""59.57139587"", ""52.36603165"", ""40.69744492"", ""34.74797821"", ""35.57750702"", ""35.18255997"", ""32.07427979""]",1,GenericAELG,0,none,31.60711029,0.29148805
resnet_skip_study_r1,GAELG20_no_skip,genAELG_baseline,['GenericAELG'],Tourism-Yearly,1,4,8,20,1,True,2,44,25.411373,3.724147,111121.023438,1034123345920.000000,nan,1.665056,19.173096,2970240,0.91,10,False,False,ReLU,MAX_EPOCHS,29.08699799,30.21031570,37.88957596,8,1.038619,False,"[""93.62263489"", ""46.29724503"", ""53.27299881"", ""52.19031525"", ""40.94591904"", ""36.08939362"", ""35.80147934"", ""32.60992813"", ""29.08699799"", ""30.21031570""]",1,GenericAELG,0,none,27.90642371,0.29807347
resnet_skip_study_r1,GAELG30_no_skip,genAELG_baseline,['GenericAELG'],Tourism-Yearly,1,4,8,30,1,True,0,42,69.888069,9.086651,252123.593750,4834255175680.000000,nan,4.026296,125.290092,4455360,1.11,10,False,False,ReLU,MAX_EPOCHS,70.71725464,70.71725464,80.23809814,9,1.000000,False,"[""86.54849243"", ""93.54813385"", ""94.27655792"", ""85.21798706"", ""77.21703339"", ""77.44673157"", ""77.25289917"", ""73.21336365"", ""73.69686127"", ""70.71725464""]",1,GenericAELG,0,none,77.21703339,0.89218230
resnet_skip_study_r1,GAELG30_no_skip,genAELG_baseline,['GenericAELG'],Tourism-Yearly,1,4,8,30,1,True,1,43,27.711470,4.806288,156159.750000,2335956533248.000000,nan,2.357935,71.161697,4455360,1.29,10,False,False,ReLU,MAX_EPOCHS,30.40916634,30.40916634,40.93970871,9,1.000000,False,"[""60.59407043"", ""49.35876465"", ""51.54348755"", ""39.58631516"", ""34.50721359"", ""34.07885361"", ""30.80489349"", ""31.79778290"", ""33.18165207"", ""30.40916634""]",1,GenericAELG,0,none,29.16734795,0.48135647
resnet_skip_study_r1,GAELG30_no_skip,genAELG_baseline,['GenericAELG'],Tourism-Yearly,1,4,8,30,1,True,2,44,28.568077,5.291598,160257.750000,2367618023424.000000,nan,2.540428,88.637444,4455360,1.28,10,False,False,ReLU,MAX_EPOCHS,32.11989594,32.11989594,42.60998535,9,1.000000,False,"[""84.94426727"", ""95.59439087"", ""98.12261200"", ""82.12601471"", ""53.68312454"", ""38.43714142"", ""33.19920731"", ""32.26265335"", ""32.90182114"", ""32.11989594""]",1,GenericAELG,0,none,28.94179033,0.34071505
resnet_skip_study_r1,GAELG10_skip5_learn,genAELG_control,['GenericAELG'],Tourism-Yearly,1,4,8,10,1,True,0,42,37.734787,6.399798,120723.257812,850738675712.000000,nan,2.665217,29.978376,1485121,0.52,10,False,False,ReLU,MAX_EPOCHS,38.15863800,38.15863800,48.11618042,9,1.000000,False,"[""164.56230164"", ""115.21854401"", ""68.43655396"", ""39.02093887"", ""48.90519714"", ""58.19087601"", ""57.36064911"", ""50.55230331"", ""42.36927414"", ""38.15863800""]",1,GenericAELG,5,learnable,39.02093887,0.23711955
resnet_skip_study_r1,GAELG10_skip5_learn,genAELG_control,['GenericAELG'],Tourism-Yearly,1,4,8,10,1,True,1,43,27.334707,4.015580,93449.359375,565364785152.000000,nan,1.640491,13.945910,1485121,0.50,10,False,False,ReLU,MAX_EPOCHS,34.48920441,34.48920441,41.86151505,9,1.000000,False,"[""134.52893066"", ""81.19281769"", ""42.58003235"", ""44.89957809"", ""54.23671722"", ""52.88694000"", ""45.14404297"", ""37.28793716"", ""34.63373947"", ""34.48920441""]",1,GenericAELG,5,learnable,31.37399874,0.23321377
resnet_skip_study_r1,GAELG10_skip5_learn,genAELG_control,['GenericAELG'],Tourism-Yearly,1,4,8,10,1,True,2,44,32.448109,5.078999,108995.312500,601375440896.000000,nan,2.161174,19.680653,1485121,0.49,10,False,False,ReLU,MAX_EPOCHS,34.87010956,35.11593246,43.13109970,8,1.007050,False,"[""138.05944824"", ""86.32405090"", ""46.28020096"", ""45.47872543"", ""54.69540787"", ""54.00064468"", ""46.84794617"", ""38.25252151"", ""34.87010956"", ""35.11593246""]",1,GenericAELG,5,learnable,34.49930311,0.24988730
resnet_skip_study_r1,GAELG20_skip5_a01,genAELG_depth_x_skip,['GenericAELG'],Tourism-Yearly,1,4,8,20,1,True,0,42,25.671595,4.010253,110041.929688,1010662178816.000000,nan,1.801769,27.003241,2970240,0.88,10,False,False,ReLU,MAX_EPOCHS,29.31503296,30.38997078,41.84254837,6,1.036668,False,"[""75.48927307"", ""37.82350540"", ""41.85112381"", ""36.32884216"", ""36.01833725"", ""33.59896088"", ""29.31503296"", ""32.29338837"", ""33.64031601"", ""30.38997078""]",1,GenericAELG,5,0.1,29.84000306,0.39528799
resnet_skip_study_r1,GAELG20_skip5_a01,genAELG_depth_x_skip,['GenericAELG'],Tourism-Yearly,1,4,8,20,1,True,1,43,26.110844,4.263783,103439.570312,970918199296.000000,nan,1.931887,35.560635,2970240,0.93,10,False,False,ReLU,MAX_EPOCHS,31.65980530,31.65980530,45.62253189,9,1.000000,False,"[""100.58364868"", ""41.77569580"", ""55.55382919"", ""60.11847305"", ""51.25679398"", ""40.48876953"", ""39.96625519"", ""39.75144958"", ""36.48638916"", ""31.65980530""]",1,GenericAELG,5,0.1,30.75265746,0.30574211
resnet_skip_study_r1,GAELG20_skip5_a01,genAELG_depth_x_skip,['GenericAELG'],Tourism-Yearly,1,4,8,20,1,True,2,44,25.305908,3.706688,118947.851562,1207072063488.000000,nan,1.671881,20.824545,2970240,0.79,10,False,False,ReLU,MAX_EPOCHS,28.63136292,32.33058929,37.11060333,8,1.129202,False,"[""84.68749237"", ""45.64942551"", ""51.70293427"", ""47.14545059"", ""37.86205292"", ""39.27227402"", ""38.59845352"", ""32.75118256"", ""28.63136292"", ""32.33058929""]",1,GenericAELG,5,0.1,31.59306564,0.37305468
resnet_skip_study_r1,GAELG20_skip5_learn,genAELG_depth_x_skip,['GenericAELG'],Tourism-Yearly,1,4,8,20,1,True,0,42,24.408800,3.877389,134625.484375,1699652567040.000000,nan,1.836096,35.034149,2970241,0.88,10,False,False,ReLU,MAX_EPOCHS,28.95766449,28.95766449,39.58651733,9,1.000000,False,"[""86.53936768"", ""36.37955856"", ""46.75901413"", ""44.98743057"", ""41.52616882"", ""39.38779449"", ""34.94570160"", ""31.07787323"", ""30.49711037"", ""28.95766449""]",1,GenericAELG,5,learnable,35.25806858,0.40742230
resnet_skip_study_r1,GAELG20_skip5_learn,genAELG_depth_x_skip,['GenericAELG'],Tourism-Yearly,1,4,8,20,1,True,1,43,34.819775,5.898385,105048.195312,516236050432.000000,nan,2.526991,38.152721,2970241,0.75,10,False,False,ReLU,MAX_EPOCHS,35.46394730,35.91675949,46.99357986,6,1.012768,False,"[""107.70981598"", ""45.45590973"", ""52.54254913"", ""60.92432785"", ""54.47670364"", ""42.97414017"", ""35.46394730"", ""36.71580887"", ""38.08819962"", ""35.91675949""]",1,GenericAELG,5,learnable,33.68137984,0.31270483
resnet_skip_study_r1,GAELG20_skip5_learn,genAELG_depth_x_skip,['GenericAELG'],Tourism-Yearly,1,4,8,20,1,True,2,44,24.710400,3.636059,108016.500000,1022263885824.000000,nan,1.615725,18.565567,2970241,0.97,10,False,False,ReLU,MAX_EPOCHS,29.56663895,30.07842827,38.41083527,8,1.017310,False,"[""92.50370026"", ""46.25098038"", ""53.06427002"", ""52.78824615"", ""42.37576294"", ""36.26894379"", ""35.68040085"", ""33.21493530"", ""29.56663895"", ""30.07842827""]",1,GenericAELG,5,learnable,28.25770260,0.30547646
resnet_skip_study_r1,GAELG30_skip5_a01,genAELG_depth_x_skip,['GenericAELG'],Tourism-Yearly,1,4,8,30,1,True,0,42,34.768311,6.356272,203980.500000,3925054849024.000000,nan,2.973748,92.898003,4455360,1.29,10,False,False,ReLU,MAX_EPOCHS,38.71469879,38.71469879,56.86634827,9,1.000000,False,"[""81.55395508"", ""95.40608215"", ""90.41704559"", ""83.32818604"", ""78.19718170"", ""73.67866516"", ""71.44948578"", ""59.65542603"", ""47.20308304"", ""38.71469879""]",1,GenericAELG,5,0.1,73.67866516,0.90343460
resnet_skip_study_r1,GAELG30_skip5_a01,genAELG_depth_x_skip,['GenericAELG'],Tourism-Yearly,1,4,8,30,1,True,1,43,31.202591,5.239558,139916.593750,1454867742720.000000,nan,2.422097,54.884548,4455360,1.19,10,False,False,ReLU,MAX_EPOCHS,33.07765579,33.14262390,43.92380142,7,1.001964,False,"[""49.93989944"", ""57.19320297"", ""57.29360580"", ""44.33193970"", ""40.57780838"", ""37.35123444"", ""33.69182205"", ""33.07765579"", ""34.50341415"", ""33.14262390""]",1,GenericAELG,5,0.1,35.65764714,0.71401119
resnet_skip_study_r1,GAELG30_skip5_a01,genAELG_depth_x_skip,['GenericAELG'],Tourism-Yearly,1,4,8,30,1,True,2,44,28.250477,4.871210,134929.406250,1634920169472.000000,nan,2.265716,65.565865,4455360,1.29,10,False,False,ReLU,MAX_EPOCHS,33.59822083,33.59822083,43.72089386,9,1.000000,False,"[""77.63047028"", ""100.42459106"", ""98.21600342"", ""87.10247803"", ""65.88113403"", ""49.07939911"", ""39.41415405"", ""35.90906143"", ""33.86441803"", ""33.59822083""]",1,GenericAELG,5,0.1,43.52310602,0.56064463
resnet_skip_study_r1,GAELG30_skip5_learn,genAELG_depth_x_skip,['GenericAELG'],Tourism-Yearly,1,4,8,30,1,True,0,42,69.967415,7.742320,199383.343750,3222418489344.000000,nan,3.269052,76.024086,4455361,1.12,10,False,False,ReLU,MAX_EPOCHS,72.63085938,73.73591614,80.14425659,8,1.015215,False,"[""84.49378204"", ""95.13731384"", ""98.44778442"", ""90.29649353"", ""80.20795441"", ""75.69720459"", ""76.56671143"", ""75.40289307"", ""72.63085938"", ""73.73591614""]",1,GenericAELG,5,learnable,75.69720459,0.89589083
resnet_skip_study_r1,GAELG30_skip5_learn,genAELG_depth_x_skip,['GenericAELG'],Tourism-Yearly,1,4,8,30,1,True,1,43,31.091850,5.501474,178134.437500,2627649142784.000000,nan,2.649964,83.226425,4455361,1.28,10,False,False,ReLU,MAX_EPOCHS,33.28560257,36.36124802,42.31898499,8,1.092402,False,"[""58.86130905"", ""50.53695297"", ""55.24231720"", ""45.55513382"", ""36.29012680"", ""35.64367294"", ""36.12764740"", ""33.56909943"", ""33.28560257"", ""36.36124802""]",1,GenericAELG,5,learnable,31.98739590,0.54343671
resnet_skip_study_r1,GAELG30_skip5_learn,genAELG_depth_x_skip,['GenericAELG'],Tourism-Yearly,1,4,8,30,1,True,2,44,31.535616,5.638392,134428.625000,1300623785984.000000,nan,2.599952,71.182983,4455361,1.11,10,False,False,ReLU,MAX_EPOCHS,32.00887299,32.28886795,42.98900223,7,1.008747,False,"[""83.82139587"", ""96.38920593"", ""100.81958771"", ""89.05568695"", ""58.02413177"", ""40.39787292"", ""33.99830246"", ""32.00887299"", ""32.96476364"", ""32.28886795""]",1,GenericAELG,5,learnable,35.88883245,0.42815837
resnet_skip_study_r1,GAELG30_skip10_learn,genAELG_distance_sweep,['GenericAELG'],Tourism-Yearly,1,4,8,30,1,True,0,42,50.943344,7.394111,205362.531250,3496824799232.000000,nan,3.221539,78.023956,4455361,1.10,10,False,False,ReLU,MAX_EPOCHS,53.33001709,53.33001709,73.98309326,9,1.000000,False,"[""85.86250305"", ""94.14537811"", ""95.49060059"", ""86.70543671"", ""78.13055420"", ""78.98616028"", ""80.13848877"", ""76.62070465"", ""67.35004425"", ""53.33001709""]",1,GenericAELG,10,learnable,78.13055420,0.90994965
resnet_skip_study_r1,GAELG30_skip10_learn,genAELG_distance_sweep,['GenericAELG'],Tourism-Yearly,1,4,8,30,1,True,1,43,26.704554,4.586076,107920.015625,1015293214720.000000,nan,2.101022,51.266361,4455361,1.19,10,False,False,ReLU,MAX_EPOCHS,30.89744186,31.20107079,42.43743134,6,1.009827,False,"[""59.91753387"", ""49.90396881"", ""52.61626816"", ""40.94105530"", ""33.92526627"", ""33.27213669"", ""30.89744186"", ""31.67297554"", ""34.38500977"", ""31.20107079""]",1,GenericAELG,10,learnable,28.36606746,0.47341847
resnet_skip_study_r1,GAELG30_skip10_learn,genAELG_distance_sweep,['GenericAELG'],Tourism-Yearly,1,4,8,30,1,True,2,44,27.765318,5.107163,153953.796875,2226009931776.000000,nan,2.472721,85.176353,4455361,1.17,10,False,False,ReLU,MAX_EPOCHS,31.74400902,31.74400902,42.77808380,9,1.000000,False,"[""84.52115631"", ""95.96772766"", ""98.96169281"", ""85.24057770"", ""55.40467453"", ""39.33289337"", ""33.43136215"", ""32.19134140"", ""32.85308456"", ""31.74400902""]",1,GenericAELG,10,learnable,31.93090289,0.37778592
resnet_skip_study_r1,TW8_no_skip,trendwav_baseline,"['TrendAELG', 'WaveletV3AELG']",Tourism-Yearly,1,4,8,8,1,True,0,42,34.439995,5.617647,143901.343750,1473828356096.000000,nan,2.542701,36.795391,722060,0.45,10,False,False,ReLU,MAX_EPOCHS,33.58237839,33.58237839,44.33156204,9,1.000000,False,"[""150.67074585"", ""116.01196289"", ""85.36656189"", ""59.22826385"", ""40.97425461"", ""34.21828461"", ""36.34533310"", ""37.84337234"", ""36.47412109"", ""33.58237839""]",1,TrendAELG_WaveletV3AELG,0,none,27.99511643,0.18580326
resnet_skip_study_r1,TW8_no_skip,trendwav_baseline,"['TrendAELG', 'WaveletV3AELG']",Tourism-Yearly,1,4,8,8,1,True,1,43,33.717442,5.479110,136200.750000,1280062521344.000000,nan,2.456399,35.543781,722060,0.47,10,False,False,ReLU,MAX_EPOCHS,32.90335846,32.90335846,43.78334808,9,1.000000,False,"[""153.99131775"", ""116.48544312"", ""84.00960541"", ""56.94194412"", ""38.64284897"", ""34.64048004"", ""37.20835114"", ""37.78167343"", ""35.82915115"", ""32.90335846""]",1,TrendAELG_WaveletV3AELG,0,none,26.87789902,0.17454165
resnet_skip_study_r1,TW8_no_skip,trendwav_baseline,"['TrendAELG', 'WaveletV3AELG']",Tourism-Yearly,1,4,8,8,1,True,2,44,35.343990,5.939600,141302.625000,1323518132224.000000,nan,2.724243,41.875614,722060,0.46,10,False,False,ReLU,MAX_EPOCHS,34.93806839,34.93806839,44.49584961,9,1.000000,False,"[""157.07574463"", ""123.89714813"", ""93.85797119"", ""67.80335236"", ""48.22287369"", ""37.54950714"", ""36.46898651"", ""37.88935089"", ""37.42641068"", ""34.93806839""]",1,TrendAELG_WaveletV3AELG,0,none,30.38598976,0.19344801
resnet_skip_study_r1,TW16_no_skip,trendwav_baseline,"['TrendAELG', 'WaveletV3AELG']",Tourism-Yearly,1,4,8,16,1,True,0,42,27.356152,4.412807,104458.789062,929357758464.000000,nan,2.018427,34.346973,1444120,0.65,10,False,False,ReLU,MAX_EPOCHS,30.43161583,30.44258690,39.90915298,8,1.000361,False,"[""124.37286377"", ""78.85903931"", ""48.14484024"", ""36.11116791"", ""38.69445801"", ""39.63071823"", ""36.68236542"", ""32.62430954"", ""30.43161583"", ""30.44258690""]",1,TrendAELG_WaveletV3AELG,0,none,28.93161382,0.23261999
resnet_skip_study_r1,TW16_no_skip,trendwav_baseline,"['TrendAELG', 'WaveletV3AELG']",Tourism-Yearly,1,4,8,16,1,True,1,43,26.610352,4.103945,142757.953125,1800066039808.000000,nan,1.898491,35.509647,1444120,0.71,10,False,False,ReLU,MAX_EPOCHS,30.08217239,30.09709930,37.50132751,8,1.000496,False,"[""115.74291229"", ""68.14088440"", ""41.90111160"", ""38.05115509"", ""38.69764328"", ""36.26472473"", ""32.78862762"", ""31.02078056"", ""30.08217239"", ""30.09709930""]",1,TrendAELG_WaveletV3AELG,0,none,27.15503350,0.23461509
resnet_skip_study_r1,TW16_no_skip,trendwav_baseline,"['TrendAELG', 'WaveletV3AELG']",Tourism-Yearly,1,4,8,16,1,True,2,44,27.306208,4.291001,144198.578125,1978784415744.000000,nan,2.056422,47.139542,1444120,0.70,10,False,False,ReLU,MAX_EPOCHS,31.40557098,31.40557098,39.04440689,9,1.000000,False,"[""148.45060730"", ""103.64184570"", ""69.31472778"", ""46.69768524"", ""37.94981003"", ""38.64326477"", ""38.38787842"", ""35.38682175"", ""31.72574425"", ""31.40557098""]",1,TrendAELG_WaveletV3AELG,0,none,28.25187861,0.19031164
resnet_skip_study_r1,TW24_no_skip,trendwav_baseline,"['TrendAELG', 'WaveletV3AELG']",Tourism-Yearly,1,4,8,24,1,True,0,42,26.668144,4.767172,145386.062500,2082601172992.000000,nan,2.336242,80.278282,2166180,1.08,10,False,False,ReLU,MAX_EPOCHS,30.74452591,31.33941078,38.47998047,8,1.019349,False,"[""117.94259644"", ""68.61343384"", ""43.13729477"", ""40.10028076"", ""40.60894394"", ""37.46987534"", ""33.31109238"", ""31.12147713"", ""30.74452591"", ""31.33941078""]",1,TrendAELG_WaveletV3AELG,0,none,27.98344871,0.23726329
resnet_skip_study_r1,TW24_no_skip,trendwav_baseline,"['TrendAELG', 'WaveletV3AELG']",Tourism-Yearly,1,4,8,24,1,True,1,43,26.293901,4.562919,178152.671875,3257396887552.000000,nan,2.306208,79.216476,2166180,1.10,10,False,False,ReLU,MAX_EPOCHS,30.91715240,30.91715240,39.57633209,9,1.000000,False,"[""102.09528351"", ""54.62757492"", ""37.28406143"", ""38.01408005"", ""37.24104691"", ""34.28004837"", ""32.80519485"", ""32.77145767"", ""32.05153656"", ""30.91715240""]",1,TrendAELG_WaveletV3AELG,0,none,27.46860541,0.26904872
resnet_skip_study_r1,TW24_no_skip,trendwav_baseline,"['TrendAELG', 'WaveletV3AELG']",Tourism-Yearly,1,4,8,24,1,True,2,44,27.685711,5.183458,143388.390625,1927866089472.000000,nan,2.589422,97.436546,2166180,0.89,10,False,False,ReLU,MAX_EPOCHS,31.04153824,32.08460999,41.29534149,7,1.033602,False,"[""127.49527740"", ""76.82583618"", ""46.37513351"", ""37.47863007"", ""38.43830872"", ""36.61731339"", ""33.10261536"", ""31.04153824"", ""32.39929199"", ""32.08460999""]",1,TrendAELG_WaveletV3AELG,0,none,28.08670475,0.22029604
resnet_skip_study_r1,TW8_skip4_learn,trendwav_control,"['TrendAELG', 'WaveletV3AELG']",Tourism-Yearly,1,4,8,8,1,True,0,42,33.689884,5.460109,140988.375000,1453098926080.000000,nan,2.479253,35.946140,722061,0.45,10,False,False,ReLU,MAX_EPOCHS,33.14802170,33.14802170,43.88645172,9,1.000000,False,"[""150.41551208"", ""115.57458496"", ""84.79296875"", ""58.62643814"", ""40.53773880"", ""34.23029327"", ""36.26052475"", ""37.46819305"", ""35.97094345"", ""33.14802170""]",1,TrendAELG_WaveletV3AELG,4,learnable,27.87151586,0.18529682
resnet_skip_study_r1,TW8_skip4_learn,trendwav_control,"['TrendAELG', 'WaveletV3AELG']",Tourism-Yearly,1,4,8,8,1,True,1,43,34.197342,5.578733,137101.234375,1279725928448.000000,nan,2.494151,35.801067,722061,0.45,10,False,False,ReLU,MAX_EPOCHS,33.14941406,33.14941406,44.04151154,9,1.000000,False,"[""153.44894409"", ""115.71676636"", ""83.09580231"", ""55.99719238"", ""38.05046463"", ""34.84992981"", ""37.62420654"", ""38.17343903"", ""36.18128204"", ""33.14941406""]",1,TrendAELG_WaveletV3AELG,4,learnable,26.55611435,0.17306156
resnet_skip_study_r1,TW8_skip4_learn,trendwav_control,"['TrendAELG', 'WaveletV3AELG']",Tourism-Yearly,1,4,8,8,1,True,2,44,35.620342,5.998121,141727.125000,1322231267328.000000,nan,2.745501,42.037483,722061,0.45,10,False,False,ReLU,MAX_EPOCHS,35.07991028,35.07991028,44.61986542,9,1.000000,False,"[""156.96833801"", ""123.63967896"", ""93.48587799"", ""67.34260559"", ""47.82814407"", ""37.38702393"", ""36.58777237"", ""38.09121704"", ""37.58979416"", ""35.07991028""]",1,TrendAELG_WaveletV3AELG,4,learnable,30.12300295,0.19190496
resnet_skip_study_r1,TW16_skip4_a01,trendwav_depth_x_skip,"['TrendAELG', 'WaveletV3AELG']",Tourism-Yearly,1,4,8,16,1,True,0,42,26.617113,4.183289,108331.476562,1037554089984.000000,nan,1.886125,27.911825,1444120,0.70,10,False,False,ReLU,MAX_EPOCHS,30.11759758,30.11759758,40.16212082,9,1.000000,False,"[""117.72176361"", ""69.60139465"", ""41.54102325"", ""38.02023697"", ""40.30746460"", ""38.66410065"", ""34.91550827"", ""31.69379616"", ""30.69964600"", ""30.11759758""]",1,TrendAELG_WaveletV3AELG,4,0.1,28.08932506,0.23860775
resnet_skip_study_r1,TW16_skip4_a01,trendwav_depth_x_skip,"['TrendAELG', 'WaveletV3AELG']",Tourism-Yearly,1,4,8,16,1,True,1,43,25.876709,3.980565,157333.062500,2299430961152.000000,nan,1.885548,39.416557,1444120,0.67,10,False,False,ReLU,MAX_EPOCHS,29.54860878,29.54860878,36.92005157,9,1.000000,False,"[""104.32201385"", ""55.62739944"", ""37.47729492"", ""38.30033112"", ""37.96711731"", ""34.87838364"", ""31.90633965"", ""30.80267906"", ""29.81698608"", ""29.54860878""]",1,TrendAELG_WaveletV3AELG,4,0.1,27.81250517,0.26660246
resnet_skip_study_r1,TW16_skip4_a01,trendwav_depth_x_skip,"['TrendAELG', 'WaveletV3AELG']",Tourism-Yearly,1,4,8,16,1,True,2,44,28.624968,4.503435,138688.375000,1737926639616.000000,nan,2.116279,44.294888,1444120,0.70,10,False,False,ReLU,MAX_EPOCHS,31.36435127,31.36435127,39.73171997,9,1.000000,False,"[""146.30892944"", ""97.31046295"", ""62.00364304"", ""41.72032928"", ""39.59073257"", ""41.61137772"", ""40.16059494"", ""36.47775269"", ""32.68906021"", ""31.36435127""]",1,TrendAELG_WaveletV3AELG,4,0.1,29.91015014,0.20443147
resnet_skip_study_r1,TW16_skip4_learn,trendwav_depth_x_skip,"['TrendAELG', 'WaveletV3AELG']",Tourism-Yearly,1,4,8,16,1,True,0,42,25.902431,4.162514,108526.187500,1084105162752.000000,nan,1.882075,31.440475,1444121,0.70,10,False,False,ReLU,MAX_EPOCHS,30.21751595,30.21751595,39.88222885,9,1.000000,False,"[""123.62658691"", ""77.67449188"", ""47.21067810"", ""36.22788620"", ""37.83673477"", ""38.13083649"", ""35.46349335"", ""32.12222672"", ""30.35697556"", ""30.21751595""]",1,TrendAELG_WaveletV3AELG,4,learnable,28.42961322,0.22996359
resnet_skip_study_r1,TW16_skip4_learn,trendwav_depth_x_skip,"['TrendAELG', 'WaveletV3AELG']",Tourism-Yearly,1,4,8,16,1,True,1,43,26.627689,4.084421,153648.859375,2166206103552.000000,nan,1.953044,41.101601,1444121,0.74,10,False,False,ReLU,MAX_EPOCHS,30.44896126,30.44896126,38.15409088,9,1.000000,False,"[""114.39627075"", ""66.50926208"", ""41.08541489"", ""38.49267197"", ""39.53952408"", ""37.31237030"", ""33.84029388"", ""31.67947197"", ""30.54589081"", ""30.44896126""]",1,TrendAELG_WaveletV3AELG,4,learnable,27.63612491,0.24158239
resnet_skip_study_r1,TW16_skip4_learn,trendwav_depth_x_skip,"['TrendAELG', 'WaveletV3AELG']",Tourism-Yearly,1,4,8,16,1,True,2,44,27.569412,4.404793,147676.687500,2074146635776.000000,nan,2.122569,51.189228,1444121,0.72,10,False,False,ReLU,MAX_EPOCHS,31.47471619,31.47471619,39.27059937,9,1.000000,False,"[""148.05372620"", ""102.84657288"", ""68.42557526"", ""46.08635712"", ""38.11766052"", ""38.60190964"", ""38.10870361"", ""35.34088516"", ""32.02471542"", ""31.47471619""]",1,TrendAELG_WaveletV3AELG,4,learnable,28.64633064,0.19348605
resnet_skip_study_r1,TW16_skip8_learn,trendwav_distance_sweep,"['TrendAELG', 'WaveletV3AELG']",Tourism-Yearly,1,4,8,16,1,True,0,42,25.860134,4.121718,106008.648438,1037145997312.000000,nan,1.845142,29.569761,1444121,0.68,10,False,False,ReLU,MAX_EPOCHS,30.32550240,30.32550240,39.89880371,9,1.000000,False,"[""124.21938324"", ""78.54391479"", ""47.87095642"", ""36.15731049"", ""38.57431030"", ""39.29811859"", ""36.35643005"", ""32.45555878"", ""30.39307976"", ""30.32550240""]",1,TrendAELG_WaveletV3AELG,8,learnable,28.85395242,0.23228221
resnet_skip_study_r1,TW16_skip8_learn,trendwav_distance_sweep,"['TrendAELG', 'WaveletV3AELG']",Tourism-Yearly,1,4,8,16,1,True,1,43,26.716305,4.139778,142743.234375,1792017825792.000000,nan,1.917920,35.908260,1444121,0.72,10,False,False,ReLU,MAX_EPOCHS,30.10695648,30.60321426,37.63106537,8,1.016483,False,"[""115.33730316"", ""67.62026978"", ""41.62478638"", ""38.18265533"", ""38.92229462"", ""36.50447845"", ""33.02243423"", ""31.17287445"", ""30.10695648"", ""30.60321426""]",1,TrendAELG_WaveletV3AELG,8,learnable,27.17978065,0.23565473
resnet_skip_study_r1,TW16_skip8_learn,trendwav_distance_sweep,"['TrendAELG', 'WaveletV3AELG']",Tourism-Yearly,1,4,8,16,1,True,2,44,27.229044,4.284358,144348.531250,1985372618752.000000,nan,2.049879,47.046917,1444121,0.70,10,False,False,ReLU,MAX_EPOCHS,31.38427162,31.38427162,38.94080353,9,1.000000,False,"[""148.32713318"", ""103.37768555"", ""69.00169373"", ""46.45062637"", ""37.96509933"", ""38.52583694"", ""38.04218292"", ""35.04816437"", ""31.60550690"", ""31.38427162""]",1,TrendAELG_WaveletV3AELG,8,learnable,28.31902226,0.19092274
resnet_skip_study_r1,TW24_skip4_a01,trendwav_depth_x_skip,"['TrendAELG', 'WaveletV3AELG']",Tourism-Yearly,1,4,8,24,1,True,0,42,26.515612,4.450338,146581.593750,2051125542912.000000,nan,2.133510,55.616051,2166180,0.93,10,False,False,ReLU,MAX_EPOCHS,29.61676979,29.61676979,39.28991699,9,1.000000,False,"[""105.50865173"", ""55.85441589"", ""39.89019394"", ""40.28147888"", ""38.78283691"", ""34.83636475"", ""30.89471817"", ""30.52092552"", ""30.61987495"", ""29.61676979""]",1,TrendAELG_WaveletV3AELG,4,0.1,28.34781366,0.26867762
resnet_skip_study_r1,TW24_skip4_a01,trendwav_depth_x_skip,"['TrendAELG', 'WaveletV3AELG']",Tourism-Yearly,1,4,8,24,1,True,1,43,26.430550,4.416386,168722.531250,2737514741760.000000,nan,2.212322,62.877029,2166180,1.01,10,False,False,ReLU,MAX_EPOCHS,30.14073372,30.14073372,37.63912964,9,1.000000,False,"[""86.01747131"", ""42.65110016"", ""39.77096558"", ""40.70191574"", ""37.38685608"", ""34.25134277"", ""32.26433945"", ""31.16501045"", ""30.15624619"", ""30.14073372""]",1,TrendAELG_WaveletV3AELG,4,0.1,28.53901647,0.33178163
resnet_skip_study_r1,TW24_skip4_a01,trendwav_depth_x_skip,"['TrendAELG', 'WaveletV3AELG']",Tourism-Yearly,1,4,8,24,1,True,2,44,27.459404,4.940227,134263.250000,1682903662592.000000,nan,2.400675,77.046432,2166180,0.92,10,False,False,ReLU,MAX_EPOCHS,31.01044846,31.01044846,40.07705307,9,1.000000,False,"[""116.00740051"", ""62.49980927"", ""38.75365448"", ""42.83261490"", ""44.67181778"", ""41.44008636"", ""36.46929550"", ""32.58864212"", ""31.09775162"", ""31.01044846""]",1,TrendAELG_WaveletV3AELG,4,0.1,27.16358313,0.23415388
resnet_skip_study_r1,TW24_skip4_learn,trendwav_depth_x_skip,"['TrendAELG', 'WaveletV3AELG']",Tourism-Yearly,1,4,8,24,1,True,0,42,27.466953,5.098375,148899.234375,2190406320128.000000,nan,2.518483,97.730202,2166181,0.97,10,False,False,ReLU,MAX_EPOCHS,31.55185890,31.55185890,40.12392426,9,1.000000,False,"[""116.48663330"", ""66.86885071"", ""42.65766144"", ""40.95340729"", ""42.51319885"", ""40.19887543"", ""36.20030975"", ""32.66196823"", ""31.70419121"", ""31.55185890""]",1,TrendAELG_WaveletV3AELG,4,learnable,30.14957002,0.25882429
resnet_skip_study_r1,TW24_skip4_learn,trendwav_depth_x_skip,"['TrendAELG', 'WaveletV3AELG']",Tourism-Yearly,1,4,8,24,1,True,1,43,26.125336,4.529593,173640.328125,3091522125824.000000,nan,2.290228,78.090912,2166181,1.05,10,False,False,ReLU,MAX_EPOCHS,30.90767479,30.90767479,38.02573395,9,1.000000,False,"[""100.20864868"", ""52.84136581"", ""37.29912186"", ""36.76874161"", ""35.90505981"", ""34.08580780"", ""33.04418182"", ""32.04243469"", ""31.13960648"", ""30.90767479""]",1,TrendAELG_WaveletV3AELG,4,learnable,27.02018225,0.26963922
resnet_skip_study_r1,TW24_skip4_learn,trendwav_depth_x_skip,"['TrendAELG', 'WaveletV3AELG']",Tourism-Yearly,1,4,8,24,1,True,2,44,27.696075,5.397605,148302.937500,2144775307264.000000,nan,2.713415,116.410431,2166181,0.89,10,False,False,ReLU,MAX_EPOCHS,31.60286522,32.89254761,39.88560867,8,1.040809,False,"[""126.14154816"", ""75.04299164"", ""45.29620743"", ""38.11510468"", ""39.91529465"", ""38.76457977"", ""35.59757614"", ""32.51421738"", ""31.60286522"", ""32.89254761""]",1,TrendAELG_WaveletV3AELG,4,learnable,28.78292660,0.22817959
resnet_skip_study_r1,TW24_skip8_learn,trendwav_distance_sweep,"['TrendAELG', 'WaveletV3AELG']",Tourism-Yearly,1,4,8,24,1,True,0,42,27.266821,4.929067,143237.875000,2005616033792.000000,nan,2.405978,84.554703,2166181,0.96,10,False,False,ReLU,MAX_EPOCHS,31.26650810,31.33133698,39.20825958,8,1.002073,False,"[""117.39044189"", ""67.88093567"", ""42.83245850"", ""40.46838760"", ""41.31407166"", ""38.34877777"", ""34.16384506"", ""31.43597031"", ""31.26650810"", ""31.33133698""]",1,TrendAELG_WaveletV3AELG,8,learnable,28.80243975,0.24535592
resnet_skip_study_r1,TW24_skip8_learn,trendwav_distance_sweep,"['TrendAELG', 'WaveletV3AELG']",Tourism-Yearly,1,4,8,24,1,True,1,43,26.297632,4.566538,178078.390625,3262748295168.000000,nan,2.311521,79.927200,2166181,0.96,10,False,False,ReLU,MAX_EPOCHS,31.04159546,31.04159546,39.41730118,9,1.000000,False,"[""101.34099579"", ""53.86019897"", ""37.22023773"", ""37.65993500"", ""36.76062393"", ""34.18815613"", ""32.86444855"", ""32.71681213"", ""31.91993332"", ""31.04159546""]",1,TrendAELG_WaveletV3AELG,8,learnable,27.33560094,0.26973882
resnet_skip_study_r1,TW24_skip8_learn,trendwav_distance_sweep,"['TrendAELG', 'WaveletV3AELG']",Tourism-Yearly,1,4,8,24,1,True,2,44,28.405201,5.353445,146054.406250,1966859354112.000000,nan,2.684116,102.941177,2166181,0.91,10,False,False,ReLU,MAX_EPOCHS,31.30440712,32.87088776,41.39307022,7,1.050040,False,"[""127.04476166"", ""76.18175507"", ""45.90287018"", ""37.67713928"", ""38.81219864"", ""37.09280396"", ""33.64587784"", ""31.30440712"", ""32.53067780"", ""32.87088776""]",1,TrendAELG_WaveletV3AELG,8,learnable,28.12245970,0.22135867
resnet_skip_study_r1,G30_no_skip,generic_legacy,['Generic'],Tourism-Yearly,1,4,8,30,1,True,0,42,27.643499,4.441214,185848.015625,3715152216064.000000,nan,2.280435,65.734032,23961600,3.20,10,False,False,ReLU,MAX_EPOCHS,32.17327881,33.49565887,39.93834305,8,1.041102,False,"[""143.74989319"", ""86.12274170"", ""120.14376831"", ""88.62025452"", ""63.88366318"", ""51.02776337"", ""42.81277847"", ""42.24674988"", ""32.17327881"", ""33.49565887""]",1,Generic,0,none,45.97917415,0.31985536
resnet_skip_study_r1,G30_no_skip,generic_legacy,['Generic'],Tourism-Yearly,1,4,8,30,1,True,1,43,24.443705,3.605243,120792.710938,1504439959552.000000,nan,1.528542,18.638969,23961600,3.50,10,False,False,ReLU,MAX_EPOCHS,29.34818840,29.34818840,37.62995911,9,1.000000,False,"[""123.16677856"", ""108.43079376"", ""44.85860443"", ""48.56398010"", ""38.20728683"", ""37.18502426"", ""32.89068222"", ""34.25279999"", ""29.49344254"", ""29.34818840""]",1,Generic,0,none,30.88955066,0.25079450
resnet_skip_study_r1,G30_no_skip,generic_legacy,['Generic'],Tourism-Yearly,1,4,8,30,1,True,2,44,28.683519,4.621202,237010.234375,6123547000832.000000,nan,2.424090,97.261131,23961600,2.14,10,False,False,ReLU,MAX_EPOCHS,34.54301453,40.09683990,59.55454636,4,1.160780,False,"[""102.36621094"", ""106.39731598"", ""55.87142181"", ""47.68936157"", ""34.54301453"", ""90.62030792"", ""60.59996414"", ""60.98023605"", ""52.00483704"", ""40.09683990""]",1,Generic,0,none,34.54301453,0.33744547
resnet_skip_study_r1,G30_skip5_a01,generic_legacy,['Generic'],Tourism-Yearly,1,4,8,30,1,True,0,42,34.271252,5.665029,204000.953125,3552283983872.000000,nan,2.643974,61.574501,23961600,3.53,10,False,False,ReLU,MAX_EPOCHS,38.08577728,38.08577728,49.80571747,9,1.000000,False,"[""124.82044983"", ""119.08887482"", ""143.40892029"", ""128.62548828"", ""99.40969086"", ""82.84992981"", ""64.49076843"", ""52.20218277"", ""41.84776688"", ""38.08577728""]",1,Generic,5,0.1,78.83786368,0.63161016
resnet_skip_study_r1,G30_skip5_a01,generic_legacy,['Generic'],Tourism-Yearly,1,4,8,30,1,True,1,43,23.280855,3.409689,129554.453125,1756709388288.000000,nan,1.506956,22.810162,23961600,3.90,10,False,False,ReLU,MAX_EPOCHS,29.04519081,29.04519081,37.23397064,9,1.000000,False,"[""129.21488953"", ""107.85584259"", ""57.08168793"", ""38.05289459"", ""38.58224869"", ""37.74319839"", ""35.79993057"", ""30.86145782"", ""30.02332497"", ""29.04519081""]",1,Generic,5,0.1,32.00567206,0.24769337
resnet_skip_study_r1,G30_skip5_a01,generic_legacy,['Generic'],Tourism-Yearly,1,4,8,30,1,True,2,44,24.233223,3.478991,106798.046875,984352227328.000000,nan,1.456519,13.699822,23961600,3.08,10,False,False,ReLU,MAX_EPOCHS,28.91371918,28.91371918,36.71586990,9,1.000000,False,"[""109.33626556"", ""110.96124268"", ""61.39390945"", ""46.43423843"", ""37.66610336"", ""39.68889618"", ""46.15896606"", ""31.68189621"", ""30.29695511"", ""28.91371918""]",1,Generic,5,0.1,32.76846241,0.29970351
resnet_skip_study_r1,G30_skip5_learn,generic_legacy,['Generic'],Tourism-Yearly,1,4,8,30,1,True,0,42,26.415962,4.122035,172931.875000,3269905088512.000000,nan,2.088864,55.276360,23961601,3.15,10,False,False,ReLU,MAX_EPOCHS,31.71028519,33.66327286,38.59985733,8,1.061588,False,"[""144.00686646"", ""84.79084015"", ""104.12533569"", ""93.94819641"", ""72.26338196"", ""57.59770966"", ""46.42985916"", ""37.26270676"", ""31.71028519"", ""33.66327286""]",1,Generic,5,learnable,46.50588959,0.32294217
resnet_skip_study_r1,G30_skip5_learn,generic_legacy,['Generic'],Tourism-Yearly,1,4,8,30,1,True,1,43,25.132114,3.722341,132694.328125,1695523274752.000000,nan,1.621390,22.123331,23961601,3.66,10,False,False,ReLU,MAX_EPOCHS,29.64061165,29.79237747,37.52778625,8,1.005120,False,"[""123.92571259"", ""108.37999725"", ""50.35290527"", ""39.93579483"", ""36.88848495"", ""35.59065628"", ""40.04948425"", ""32.37680435"", ""29.64061165"", ""29.79237747""]",1,Generic,5,learnable,31.06233301,0.25065285
resnet_skip_study_r1,G30_skip5_learn,generic_legacy,['Generic'],Tourism-Yearly,1,4,8,30,1,True,2,44,26.005775,4.125679,158055.250000,2666090987520.000000,nan,1.929016,39.709785,23961601,2.77,10,False,False,ReLU,MAX_EPOCHS,29.93870354,29.93870354,38.34933472,9,1.000000,False,"[""103.40750122"", ""109.44250488"", ""63.23494339"", ""48.99238205"", ""36.77409363"", ""42.41574860"", ""45.67772675"", ""40.01750183"", ""32.11993790"", ""29.93870354""]",1,Generic,5,learnable,32.30199618,0.31237575
resnet_skip_study_r1,G30_skip10_a01,generic_legacy,['Generic'],Tourism-Yearly,1,4,8,30,1,True,0,42,28.945736,4.552352,173264.812500,2856772173824.000000,nan,2.245477,50.111118,23961600,3.14,10,False,False,ReLU,MAX_EPOCHS,32.09215164,32.68377304,39.24565125,8,1.018435,False,"[""144.91781616"", ""99.58474731"", ""100.54560852"", ""100.96918488"", ""71.84188080"", ""58.48099518"", ""48.14944839"", ""39.44330597"", ""32.09215164"", ""32.68377304""]",1,Generic,10,0.1,48.66070653,0.33578140
resnet_skip_study_r1,G30_skip10_a01,generic_legacy,['Generic'],Tourism-Yearly,1,4,8,30,1,True,1,43,25.067362,3.937557,172558.578125,3073856765952.000000,nan,1.912844,46.425041,23961600,2.85,10,False,False,ReLU,MAX_EPOCHS,29.52715111,31.82329559,47.28778458,6,1.077764,False,"[""125.64067841"", ""96.10220337"", ""47.94796371"", ""34.28946686"", ""33.97975159"", ""42.26483536"", ""29.52715111"", ""38.69201279"", ""38.68948364"", ""31.82329559""]",1,Generic,10,0.1,28.55302113,0.22725937
resnet_skip_study_r1,G30_skip10_a01,generic_legacy,['Generic'],Tourism-Yearly,1,4,8,30,1,True,2,44,24.441528,3.572241,143087.203125,2178839085056.000000,nan,1.667888,30.483887,23961600,3.33,10,False,False,ReLU,MAX_EPOCHS,27.98644066,27.98644066,36.48885345,9,1.000000,False,"[""105.88128662"", ""113.34550476"", ""63.12748718"", ""47.65203476"", ""35.81234741"", ""54.46339417"", ""41.95031738"", ""33.47813416"", ""29.33776665"", ""27.98644066""]",1,Generic,10,0.1,33.38020626,0.31526068
resnet_skip_study_r1,G30_skip10_learn,generic_legacy,['Generic'],Tourism-Yearly,1,4,8,30,1,True,0,42,28.097301,4.557493,191432.093750,3929503170560.000000,nan,2.350045,70.598488,23961601,3.17,10,False,False,ReLU,MAX_EPOCHS,32.72577667,33.32646942,40.42732620,8,1.018355,False,"[""143.88540649"", ""84.36172485"", ""120.11581421"", ""88.44161987"", ""64.32820892"", ""51.69708633"", ""43.08486176"", ""41.86225891"", ""32.72577667"", ""33.32646942""]",1,Generic,10,learnable,45.91613485,0.31911600
resnet_skip_study_r1,G30_skip10_learn,generic_legacy,['Generic'],Tourism-Yearly,1,4,8,30,1,True,1,43,24.245226,3.572502,122630.921875,1544194621440.000000,nan,1.523020,18.866970,23961601,3.98,10,False,False,ReLU,MAX_EPOCHS,28.83653641,28.83653641,37.80966949,9,1.000000,False,"[""123.45729065"", ""106.24283600"", ""45.53795624"", ""43.97864532"", ""37.70331573"", ""35.80408096"", ""34.46703720"", ""29.80360603"", ""30.25195885"", ""28.83653641""]",1,Generic,10,learnable,30.50790016,0.24711299
resnet_skip_study_r1,G30_skip10_learn,generic_legacy,['Generic'],Tourism-Yearly,1,4,8,30,1,True,2,44,26.402685,3.825983,112423.320312,1093412388864.000000,nan,1.559729,13.819053,23961601,2.42,10,False,False,ReLU,MAX_EPOCHS,30.55573082,30.55573082,49.14176559,9,1.000000,False,"[""102.90602112"", ""108.08199310"", ""58.40257263"", ""48.50786209"", ""34.76136780"", ""77.06309509"", ""46.44262314"", ""49.58720016"", ""42.07267761"", ""30.55573082""]",1,Generic,10,learnable,34.76136780,0.33779722
resnet_skip_study_r2,GAELG20_no_skip,genAELG_baseline,['GenericAELG'],Tourism-Yearly,1,4,8,20,1,True,0,42,22.954878,3.531993,129270.320312,1762360033280.000000,nan,1.649636,26.606667,2970240,2.04,25,False,False,ReLU,MAX_EPOCHS,27.15591240,27.15591240,35.14516449,24,1.000000,False,"[""88.05777740"", ""36.48834229"", ""49.76938248"", ""48.43582916"", ""42.08544922"", ""40.92938614"", ""37.88250351"", ""32.23033905"", ""31.39660645"", ""31.54725647"", ""29.78061485"", ""30.08614159"", ""30.63732147"", ""29.64282036"", ""30.55433083"", ""31.12680626"", ""29.38966370"", ""29.23553276"", ""29.59541702"", ""28.56448364"", ""27.59480095"", ""27.35091400"", ""27.31403351"", ""27.20624542"", ""27.15591240""]",2,GenericAELG,0,none,,
resnet_skip_study_r2,GAELG20_no_skip,genAELG_baseline,['GenericAELG'],Tourism-Yearly,1,4,8,20,1,True,1,43,22.105698,3.497961,139192.500000,2089817604096.000000,nan,1.655664,34.275764,2970240,2.08,25,False,False,ReLU,MAX_EPOCHS,27.01830864,27.01830864,34.91319275,24,1.000000,False,"[""108.43363953"", ""45.96857071"", ""51.93904114"", ""59.57139587"", ""52.36603165"", ""40.69744492"", ""34.74797821"", ""35.57750702"", ""35.18255997"", ""32.07427979"", ""31.25370407"", ""33.13633347"", ""32.60925293"", ""29.63828087"", ""29.53587723"", ""30.53061676"", ""29.42665482"", ""27.99433517"", ""28.39742279"", ""28.37735176"", ""27.65785217"", ""27.30600166"", ""27.15229034"", ""27.05722427"", ""27.01830864""]",2,GenericAELG,0,none,,
resnet_skip_study_r2,GAELG20_no_skip,genAELG_baseline,['GenericAELG'],Tourism-Yearly,1,4,8,20,1,True,2,44,21.497839,3.226581,128700.710938,1735533658112.000000,nan,1.506572,24.313192,2970240,2.19,25,False,False,ReLU,MAX_EPOCHS,25.86443138,25.86443138,33.58452988,24,1.000000,False,"[""93.62263489"", ""46.29724503"", ""53.27299881"", ""52.19031525"", ""40.94591904"", ""36.08939362"", ""35.80147934"", ""32.60992813"", ""29.08699799"", ""30.21031570"", ""32.05758667"", ""31.62896919"", ""31.30368805"", ""30.15454102"", ""28.15577316"", ""28.09967613"", ""27.46472359"", ""28.14608765"", ""28.13141632"", ""26.84878731"", ""26.07390022"", ""25.98771477"", ""25.94758034"", ""25.88978386"", ""25.86443138""]",2,GenericAELG,0,none,,
resnet_skip_study_r2,GAELG20_skip5_learn,genAELG_depth_x_skip,['GenericAELG'],Tourism-Yearly,1,4,8,20,1,True,0,42,21.420395,3.179279,108767.289062,1251911401472.000000,nan,1.418696,17.836672,2970241,2.05,25,False,False,ReLU,MAX_EPOCHS,26.18770599,26.18770599,33.40444183,24,1.000000,False,"[""86.53936768"", ""36.37955856"", ""46.75901413"", ""44.98743057"", ""41.52616882"", ""39.38779449"", ""34.94570160"", ""31.07787323"", ""30.49711037"", ""28.95766449"", ""30.03635406"", ""30.22886848"", ""30.08138466"", ""29.68747711"", ""28.68572807"", ""27.36569023"", ""27.01367188"", ""26.95464516"", ""27.53870201"", ""27.49627304"", ""26.81735802"", ""26.40628815"", ""26.28453636"", ""26.20695877"", ""26.18770599""]",2,GenericAELG,5,learnable,,
resnet_skip_study_r2,GAELG20_skip5_learn,genAELG_depth_x_skip,['GenericAELG'],Tourism-Yearly,1,4,8,20,1,True,1,43,23.062815,3.680685,144620.937500,2155645239296.000000,nan,1.792687,38.857327,2970241,1.78,25,False,False,ReLU,MAX_EPOCHS,27.31200218,27.31200218,35.58640671,24,1.000000,False,"[""107.70981598"", ""45.45590973"", ""52.54254913"", ""60.92432785"", ""54.47670364"", ""42.97414017"", ""35.46394730"", ""36.71580887"", ""38.08819962"", ""35.91675949"", ""31.92571640"", ""32.71503067"", ""35.44464111"", ""34.11837387"", ""30.33191872"", ""29.33658409"", ""30.23479843"", ""29.62693024"", ""28.11385345"", ""27.53059578"", ""27.86417389"", ""27.80039597"", ""27.53765297"", ""27.36296654"", ""27.31200218""]",2,GenericAELG,5,learnable,,
resnet_skip_study_r2,GAELG20_skip5_learn,genAELG_depth_x_skip,['GenericAELG'],Tourism-Yearly,1,4,8,20,1,True,2,44,20.573698,3.022607,122090.656250,1616466542592.000000,nan,1.365541,20.245012,2970241,2.02,25,False,False,ReLU,MAX_EPOCHS,25.32865334,25.40702820,31.99014282,20,1.003094,False,"[""92.50370026"", ""46.25098038"", ""53.06427002"", ""52.78824615"", ""42.37576294"", ""36.26894379"", ""35.68040085"", ""33.21493530"", ""29.56663895"", ""30.07842827"", ""31.81614304"", ""31.32516479"", ""30.07412529"", ""28.85779381"", ""27.60369873"", ""26.84696007"", ""26.65524483"", ""26.12659264"", ""25.90276527"", ""25.59527397"", ""25.32865334"", ""25.45971298"", ""25.46822166"", ""25.42652130"", ""25.40702820""]",2,GenericAELG,5,learnable,,
resnet_skip_study_r2,TW8_no_skip,trendwav_baseline,"['TrendAELG', 'WaveletV3AELG']",Tourism-Yearly,1,4,8,8,1,True,0,42,22.113089,3.219069,136445.906250,1984353140736.000000,nan,1.453922,23.408461,722060,1.05,25,False,False,ReLU,MAX_EPOCHS,26.28882599,26.28882599,33.29978180,24,1.000000,False,"[""150.67074585"", ""116.01196289"", ""85.36656189"", ""59.22826385"", ""40.97425461"", ""34.21828461"", ""36.34533310"", ""37.84337234"", ""36.47412109"", ""33.58237839"", ""31.27462578"", ""30.89167213"", ""30.93444061"", ""30.38916969"", ""29.74098396"", ""29.58351326"", ""29.27854347"", ""28.38573837"", ""27.49294090"", ""26.95987511"", ""26.74630547"", ""26.59284210"", ""26.42545319"", ""26.32176971"", ""26.28882599""]",2,TrendAELG_WaveletV3AELG,0,none,,
resnet_skip_study_r2,TW8_no_skip,trendwav_baseline,"['TrendAELG', 'WaveletV3AELG']",Tourism-Yearly,1,4,8,8,1,True,1,43,22.266628,3.327897,147962.843750,2372254826496.000000,nan,1.572760,30.772366,722060,1.07,25,False,False,ReLU,MAX_EPOCHS,27.19667053,27.19667053,33.96008682,24,1.000000,False,"[""153.99131775"", ""116.48544312"", ""84.00960541"", ""56.94194412"", ""38.64284897"", ""34.64048004"", ""37.20835114"", ""37.78167343"", ""35.82915115"", ""32.90335846"", ""31.23990250"", ""30.98066139"", ""30.55461121"", ""29.89951897"", ""29.76788330"", ""29.87826729"", ""29.58172035"", ""28.79991531"", ""28.25053978"", ""27.92129517"", ""27.67296219"", ""27.45434952"", ""27.30378151"", ""27.22004318"", ""27.19667053""]",2,TrendAELG_WaveletV3AELG,0,none,,
resnet_skip_study_r2,TW8_no_skip,trendwav_baseline,"['TrendAELG', 'WaveletV3AELG']",Tourism-Yearly,1,4,8,8,1,True,2,44,22.692602,3.319838,128294.164062,1655437262848.000000,nan,1.528295,22.795231,722060,1.04,25,False,False,ReLU,MAX_EPOCHS,26.83773613,26.83773613,34.22900391,24,1.000000,False,"[""157.07574463"", ""123.89714813"", ""93.85797119"", ""67.80335236"", ""48.22287369"", ""37.54950714"", ""36.46898651"", ""37.88935089"", ""37.42641068"", ""34.93806839"", ""32.00159836"", ""31.39237785"", ""31.78550720"", ""31.72935677"", ""31.50840950"", ""30.96856499"", ""29.95423889"", ""28.90367889"", ""28.15669441"", ""27.79601479"", ""27.41113853"", ""27.11037445"", ""26.91714096"", ""26.85389519"", ""26.83773613""]",2,TrendAELG_WaveletV3AELG,0,none,,
resnet_skip_study_r2,TW16_no_skip,trendwav_baseline,"['TrendAELG', 'WaveletV3AELG']",Tourism-Yearly,1,4,8,16,1,True,0,42,22.350067,3.306000,116979.273438,1443903176704.000000,nan,1.485093,20.587799,1444120,1.51,25,False,False,ReLU,MAX_EPOCHS,26.22475052,26.22475052,33.50085449,24,1.000000,False,"[""124.37286377"", ""78.85903931"", ""48.14484024"", ""36.11116791"", ""38.69445801"", ""39.63071823"", ""36.68236542"", ""32.62430954"", ""30.43161583"", ""30.44258690"", ""30.11618805"", ""28.86077118"", ""28.36103058"", ""28.92345238"", ""28.97337723"", ""28.25674438"", ""27.25761223"", ""27.47800446"", ""27.65037918"", ""27.35304832"", ""26.86828041"", ""26.52396202"", ""26.30909729"", ""26.24084091"", ""26.22475052""]",2,TrendAELG_WaveletV3AELG,0,none,,
resnet_skip_study_r2,TW16_no_skip,trendwav_baseline,"['TrendAELG', 'WaveletV3AELG']",Tourism-Yearly,1,4,8,16,1,True,1,43,22.003349,3.267459,121570.976562,1584579084288.000000,nan,1.484020,22.249010,1444120,1.58,25,False,False,ReLU,MAX_EPOCHS,26.04666901,26.05957603,33.23499680,21,1.000496,False,"[""115.74291229"", ""68.14088440"", ""41.90111160"", ""38.05115509"", ""38.69764328"", ""36.26472473"", ""32.78862762"", ""31.02078056"", ""30.08217239"", ""30.09709930"", ""29.99892235"", ""29.94532967"", ""29.07913971"", ""29.11301613"", ""28.67105865"", ""27.59582710"", ""26.81978989"", ""26.78163147"", ""26.89141083"", ""26.45302773"", ""26.08745766"", ""26.04666901"", ""26.07505035"", ""26.06455994"", ""26.05957603""]",2,TrendAELG_WaveletV3AELG,0,none,,
resnet_skip_study_r2,TW16_no_skip,trendwav_baseline,"['TrendAELG', 'WaveletV3AELG']",Tourism-Yearly,1,4,8,16,1,True,2,44,22.228329,3.329877,117018.562500,1551696789504.000000,nan,1.517275,23.788729,1444120,1.63,25,False,False,ReLU,MAX_EPOCHS,26.21206665,26.40892792,33.65405655,20,1.007510,False,"[""148.45060730"", ""103.64184570"", ""69.31472778"", ""46.69768524"", ""37.94981003"", ""38.64326477"", ""38.38787842"", ""35.38682175"", ""31.72574425"", ""31.40557098"", ""31.11034012"", ""29.94566917"", ""29.68280411"", ""29.11649132"", ""28.77030373"", ""28.14509010"", ""27.24132156"", ""26.68532372"", ""26.62701607"", ""26.43935776"", ""26.21206665"", ""26.36568451"", ""26.46739197"", ""26.43687057"", ""26.40892792""]",2,TrendAELG_WaveletV3AELG,0,none,,
resnet_skip_study_r2,TW24_no_skip,trendwav_baseline,"['TrendAELG', 'WaveletV3AELG']",Tourism-Yearly,1,4,8,24,1,True,0,42,22.792881,3.569027,114205.437500,1401394561024.000000,nan,1.650343,29.883818,2166180,2.11,25,False,False,ReLU,MAX_EPOCHS,26.79531479,26.79531479,34.66573715,24,1.000000,False,"[""117.94259644"", ""68.61343384"", ""43.13729477"", ""40.10028076"", ""40.60894394"", ""37.46987534"", ""33.31109238"", ""31.12147713"", ""30.74452591"", ""31.33941078"", ""32.41451645"", ""31.92832947"", ""31.02614021"", ""29.54807854"", ""29.48720169"", ""29.90313721"", ""29.24007416"", ""27.94338226"", ""27.57652092"", ""27.66130829"", ""27.32864571"", ""26.97563744"", ""26.81975365"", ""26.79621506"", ""26.79531479""]",2,TrendAELG_WaveletV3AELG,0,none,,
resnet_skip_study_r2,TW24_no_skip,trendwav_baseline,"['TrendAELG', 'WaveletV3AELG']",Tourism-Yearly,1,4,8,24,1,True,1,43,22.328272,3.390819,103183.421875,1174118072320.000000,nan,1.522888,22.231285,2166180,2.19,25,False,False,ReLU,MAX_EPOCHS,26.90579224,26.90579224,33.97692871,24,1.000000,False,"[""102.09528351"", ""54.62757492"", ""37.28406143"", ""38.01408005"", ""37.24104691"", ""34.28004837"", ""32.80519485"", ""32.77145767"", ""32.05153656"", ""30.91715240"", ""30.66936493"", ""29.87545776"", ""29.41800690"", ""28.47512054"", ""27.71256638"", ""28.01332855"", ""28.09521294"", ""27.58322716"", ""27.83686256"", ""27.87824249"", ""27.58998871"", ""27.27158737"", ""27.05853271"", ""26.93886757"", ""26.90579224""]",2,TrendAELG_WaveletV3AELG,0,none,,
resnet_skip_study_r2,TW24_no_skip,trendwav_baseline,"['TrendAELG', 'WaveletV3AELG']",Tourism-Yearly,1,4,8,24,1,True,2,44,24.340319,4.054002,123609.398438,1689093668864.000000,nan,1.945147,42.983273,2166180,2.04,25,False,False,ReLU,MAX_EPOCHS,28.33064270,28.33064270,36.81816864,24,1.000000,False,"[""127.49527740"", ""76.82583618"", ""46.37513351"", ""37.47863007"", ""38.43830872"", ""36.61731339"", ""33.10261536"", ""31.04153824"", ""32.39929199"", ""32.08460999"", ""31.10485649"", ""31.87464523"", ""31.60205269"", ""30.50305557"", ""29.76808548"", ""30.53572083"", ""30.48163414"", ""29.70883179"", ""29.11125183"", ""28.52211380"", ""28.57516670"", ""28.47589874"", ""28.38665009"", ""28.34497452"", ""28.33064270""]",2,TrendAELG_WaveletV3AELG,0,none,,
resnet_skip_study_r2,TW8_skip4_learn,trendwav_control,"['TrendAELG', 'WaveletV3AELG']",Tourism-Yearly,1,4,8,8,1,True,0,42,22.096207,3.216562,136121.765625,1969022304256.000000,nan,1.450985,23.203110,722061,1.20,25,False,False,ReLU,MAX_EPOCHS,26.23470116,26.23470116,33.24333954,24,1.000000,False,"[""150.41551208"", ""115.57458496"", ""84.79296875"", ""58.62643814"", ""40.53773880"", ""34.23029327"", ""36.26052475"", ""37.46819305"", ""35.97094345"", ""33.14802170"", ""31.13167572"", ""30.89049721"", ""30.87537003"", ""30.30131721"", ""29.73376274"", ""29.58824348"", ""29.26236153"", ""28.33199883"", ""27.42565346"", ""26.90853691"", ""26.69552231"", ""26.53004837"", ""26.37611961"", ""26.26967049"", ""26.23470116""]",2,TrendAELG_WaveletV3AELG,4,learnable,,
resnet_skip_study_r2,TW8_skip4_learn,trendwav_control,"['TrendAELG', 'WaveletV3AELG']",Tourism-Yearly,1,4,8,8,1,True,1,43,22.321228,3.333957,148068.921875,2371060236288.000000,nan,1.580363,30.865404,722061,1.15,25,False,False,ReLU,MAX_EPOCHS,27.18904686,27.18904686,33.94123459,24,1.000000,False,"[""153.44894409"", ""115.71676636"", ""83.09580231"", ""55.99719238"", ""38.05046463"", ""34.84992981"", ""37.62420654"", ""38.17343903"", ""36.18128204"", ""33.14941406"", ""31.31354523"", ""31.04725838"", ""30.69821548"", ""30.03898811"", ""29.77631378"", ""29.76246834"", ""29.58074760"", ""28.89017487"", ""28.31294632"", ""27.94796753"", ""27.66654778"", ""27.45346451"", ""27.30253601"", ""27.21622276"", ""27.18904686""]",2,TrendAELG_WaveletV3AELG,4,learnable,,
resnet_skip_study_r2,TW8_skip4_learn,trendwav_control,"['TrendAELG', 'WaveletV3AELG']",Tourism-Yearly,1,4,8,8,1,True,2,44,22.675106,3.317686,127620.671875,1639470727168.000000,nan,1.524854,22.622416,722061,1.08,25,False,False,ReLU,MAX_EPOCHS,26.73298645,26.73298645,34.25466919,24,1.000000,False,"[""156.96833801"", ""123.63967896"", ""93.48587799"", ""67.34260559"", ""47.82814407"", ""37.38702393"", ""36.58777237"", ""38.09121704"", ""37.58979416"", ""35.07991028"", ""32.09444427"", ""31.35440063"", ""31.71208763"", ""31.65922928"", ""31.43583298"", ""30.90287399"", ""29.90817451"", ""28.83837128"", ""28.05515480"", ""27.68132019"", ""27.31108665"", ""27.00684929"", ""26.82453728"", ""26.74781609"", ""26.73298645""]",2,TrendAELG_WaveletV3AELG,4,learnable,,
resnet_skip_study_r2,TW16_skip4_a01,trendwav_depth_x_skip,"['TrendAELG', 'WaveletV3AELG']",Tourism-Yearly,1,4,8,16,1,True,0,42,23.078957,3.339141,114977.687500,1361279188992.000000,nan,1.486537,18.293945,1444120,1.54,25,False,False,ReLU,MAX_EPOCHS,26.60420609,26.60420609,33.91006470,24,1.000000,False,"[""117.72176361"", ""69.60139465"", ""41.54102325"", ""38.02023697"", ""40.30746460"", ""38.66410065"", ""34.91550827"", ""31.69379616"", ""30.69964600"", ""30.11759758"", ""28.98792648"", ""27.95914078"", ""27.39514160"", ""28.74622726"", ""28.71379852"", ""27.81958199"", ""27.58267593"", ""27.12459564"", ""27.29594994"", ""27.27542305"", ""27.07401276"", ""26.87343025"", ""26.71379662"", ""26.62293243"", ""26.60420609""]",2,TrendAELG_WaveletV3AELG,4,0.1,,
resnet_skip_study_r2,TW16_skip4_a01,trendwav_depth_x_skip,"['TrendAELG', 'WaveletV3AELG']",Tourism-Yearly,1,4,8,16,1,True,1,43,22.050549,3.217466,123809.484375,1661029580800.000000,nan,1.469781,21.221996,1444120,1.65,25,False,False,ReLU,MAX_EPOCHS,26.00156403,26.17311478,32.42897034,19,1.006598,False,"[""104.32201385"", ""55.62739944"", ""37.47729492"", ""38.30033112"", ""37.96711731"", ""34.87838364"", ""31.90633965"", ""30.80267906"", ""29.81698608"", ""29.54860878"", ""29.70281792"", ""29.30442429"", ""28.19152260"", ""27.31826973"", ""27.09175682"", ""26.81970024"", ""26.30658150"", ""26.05895996"", ""26.02757454"", ""26.00156403"", ""26.16266823"", ""26.28890228"", ""26.26940536"", ""26.19960022"", ""26.17311478""]",2,TrendAELG_WaveletV3AELG,4,0.1,,
resnet_skip_study_r2,TW16_skip4_a01,trendwav_depth_x_skip,"['TrendAELG', 'WaveletV3AELG']",Tourism-Yearly,1,4,8,16,1,True,2,44,22.886322,3.451046,137584.468750,2055116554240.000000,nan,1.630423,29.495665,1444120,1.69,25,False,False,ReLU,MAX_EPOCHS,26.42411041,26.42411041,34.00564575,24,1.000000,False,"[""146.30892944"", ""97.31046295"", ""62.00364304"", ""41.72032928"", ""39.59073257"", ""41.61137772"", ""40.16059494"", ""36.47775269"", ""32.68906021"", ""31.36435127"", ""30.28464890"", ""29.31185150"", ""28.83479309"", ""28.92810440"", ""29.15317154"", ""28.30502319"", ""27.44528008"", ""27.20893860"", ""27.17960739"", ""27.02212715"", ""26.89951706"", ""26.71446228"", ""26.54483032"", ""26.44745636"", ""26.42411041""]",2,TrendAELG_WaveletV3AELG,4,0.1,,
resnet_skip_study_r2,TW16_skip4_learn,trendwav_depth_x_skip,"['TrendAELG', 'WaveletV3AELG']",Tourism-Yearly,1,4,8,16,1,True,0,42,22.002056,3.210284,94562.031250,905050390528.000000,nan,1.387078,14.610744,1444121,1.80,25,False,False,ReLU,MAX_EPOCHS,26.27677536,26.27677536,33.15419388,24,1.000000,False,"[""123.62658691"", ""77.67449188"", ""47.21067810"", ""36.22788620"", ""37.83673477"", ""38.13083649"", ""35.46349335"", ""32.12222672"", ""30.35697556"", ""30.21751595"", ""29.92419243"", ""28.98756027"", ""28.40163422"", ""28.36454010"", ""27.45925140"", ""27.02153587"", ""26.83169556"", ""26.97643280"", ""26.75814247"", ""26.50747299"", ""26.42688370"", ""26.36857605"", ""26.30509186"", ""26.27698517"", ""26.27677536""]",2,TrendAELG_WaveletV3AELG,4,learnable,,
resnet_skip_study_r2,TW16_skip4_learn,trendwav_depth_x_skip,"['TrendAELG', 'WaveletV3AELG']",Tourism-Yearly,1,4,8,16,1,True,1,43,22.321985,3.355645,132204.453125,1915120779264.000000,nan,1.567845,27.247517,1444121,1.61,25,False,False,ReLU,MAX_EPOCHS,26.07570076,26.12640572,33.39862823,19,1.001945,False,"[""114.39627075"", ""66.50926208"", ""41.08541489"", ""38.49267197"", ""39.53952408"", ""37.31237030"", ""33.84029388"", ""31.67947197"", ""30.54589081"", ""30.44896126"", ""30.09366608"", ""30.40706825"", ""30.08131981"", ""29.43285179"", ""28.75858498"", ""27.74288559"", ""27.02203751"", ""26.63169479"", ""26.41356277"", ""26.07570076"", ""26.15930176"", ""26.24243736"", ""26.21052170"", ""26.14651871"", ""26.12640572""]",2,TrendAELG_WaveletV3AELG,4,learnable,,
resnet_skip_study_r2,TW16_skip4_learn,trendwav_depth_x_skip,"['TrendAELG', 'WaveletV3AELG']",Tourism-Yearly,1,4,8,16,1,True,2,44,22.031744,3.289360,103810.500000,1196711084032.000000,nan,1.465971,20.167068,1444121,1.80,25,False,False,ReLU,MAX_EPOCHS,26.11188889,26.11188889,32.99364853,24,1.000000,False,"[""148.05372620"", ""102.84657288"", ""68.42557526"", ""46.08635712"", ""38.11766052"", ""38.60190964"", ""38.10870361"", ""35.34088516"", ""32.02471542"", ""31.47471619"", ""30.77513885"", ""30.52071571"", ""30.35578156"", ""29.51675415"", ""28.14710426"", ""27.58316994"", ""27.34068298"", ""26.43661880"", ""26.17634010"", ""26.24768639"", ""26.20524979"", ""26.18546486"", ""26.14054680"", ""26.12621498"", ""26.11188889""]",2,TrendAELG_WaveletV3AELG,4,learnable,,
resnet_skip_study_r2,TW16_skip8_learn,trendwav_distance_sweep,"['TrendAELG', 'WaveletV3AELG']",Tourism-Yearly,1,4,8,16,1,True,0,42,22.302601,3.280445,111125.421875,1292010258432.000000,nan,1.456826,18.793034,1444121,1.59,25,False,False,ReLU,MAX_EPOCHS,26.21983528,26.21983528,33.42016220,24,1.000000,False,"[""124.21938324"", ""78.54391479"", ""47.87095642"", ""36.15731049"", ""38.57431030"", ""39.29811859"", ""36.35643005"", ""32.45555878"", ""30.39307976"", ""30.32550240"", ""29.95407486"", ""28.76288986"", ""28.33197784"", ""28.69343376"", ""28.45465469"", ""27.77749825"", ""27.12131691"", ""27.45376778"", ""27.48814774"", ""27.11658096"", ""26.66794395"", ""26.38427925"", ""26.26862144"", ""26.23312187"", ""26.21983528""]",2,TrendAELG_WaveletV3AELG,8,learnable,,
resnet_skip_study_r2,TW16_skip8_learn,trendwav_distance_sweep,"['TrendAELG', 'WaveletV3AELG']",Tourism-Yearly,1,4,8,16,1,True,1,43,22.110518,3.266428,124155.820312,1651496321024.000000,nan,1.500249,22.826307,1444121,1.66,25,False,False,ReLU,MAX_EPOCHS,25.84605789,25.84605789,33.57036591,24,1.000000,False,"[""115.33730316"", ""67.62026978"", ""41.62478638"", ""38.18265533"", ""38.92229462"", ""36.50447845"", ""33.02243423"", ""31.17287445"", ""30.10695648"", ""30.60321426"", ""30.04503822"", ""30.65732384"", ""30.06956863"", ""28.99153519"", ""29.13984299"", ""28.98600006"", ""27.84767723"", ""26.84930038"", ""26.57667923"", ""26.52429581"", ""26.24813843"", ""26.06949806"", ""25.93716049"", ""25.86906242"", ""25.84605789""]",2,TrendAELG_WaveletV3AELG,8,learnable,,
resnet_skip_study_r2,TW16_skip8_learn,trendwav_distance_sweep,"['TrendAELG', 'WaveletV3AELG']",Tourism-Yearly,1,4,8,16,1,True,2,44,21.965452,3.272020,106759.539062,1285827854336.000000,nan,1.465412,20.989717,1444121,1.79,25,False,False,ReLU,MAX_EPOCHS,26.03793526,26.03793526,32.95119858,24,1.000000,False,"[""148.32713318"", ""103.37768555"", ""69.00169373"", ""46.45062637"", ""37.96509933"", ""38.52583694"", ""38.04218292"", ""35.04816437"", ""31.60550690"", ""31.38427162"", ""30.99120522"", ""29.88475037"", ""29.44357681"", ""28.86084366"", ""28.32646751"", ""27.54861069"", ""26.84514809"", ""26.67063141"", ""26.49739075"", ""26.29006767"", ""26.18880653"", ""26.09673119"", ""26.05575371"", ""26.04520416"", ""26.03793526""]",2,TrendAELG_WaveletV3AELG,8,learnable,,
resnet_skip_study_r2,TW24_skip4_a01,trendwav_depth_x_skip,"['TrendAELG', 'WaveletV3AELG']",Tourism-Yearly,1,4,8,24,1,True,0,42,22.333569,3.268486,114451.953125,1416807055360.000000,nan,1.483765,21.324286,2166180,2.05,25,False,False,ReLU,MAX_EPOCHS,26.11217117,26.16826248,32.92165756,21,1.002148,False,"[""105.50865173"", ""55.85441589"", ""39.89019394"", ""40.28147888"", ""38.78283691"", ""34.83636475"", ""30.89471817"", ""30.52092552"", ""30.61987495"", ""29.61676979"", ""29.79386139"", ""29.85137177"", ""29.45805740"", ""28.45717049"", ""27.46798706"", ""27.39297485"", ""27.25043297"", ""26.49751663"", ""26.19366646"", ""26.37419701"", ""26.17720413"", ""26.11217117"", ""26.16484070"", ""26.17872620"", ""26.16826248""]",2,TrendAELG_WaveletV3AELG,4,0.1,,
resnet_skip_study_r2,TW24_skip4_a01,trendwav_depth_x_skip,"['TrendAELG', 'WaveletV3AELG']",Tourism-Yearly,1,4,8,24,1,True,1,43,22.097347,3.181655,104132.164062,1190932905984.000000,nan,1.409025,17.023481,2166180,2.35,25,False,False,ReLU,MAX_EPOCHS,26.91060257,26.91060257,33.78438568,24,1.000000,False,"[""86.01747131"", ""42.65110016"", ""39.77096558"", ""40.70191574"", ""37.38685608"", ""34.25134277"", ""32.26433945"", ""31.16501045"", ""30.15624619"", ""30.14073372"", ""29.57730675"", ""29.06015778"", ""28.21153450"", ""27.75543404"", ""27.25226593"", ""27.13187027"", ""27.13493347"", ""27.08830452"", ""27.97595596"", ""28.10798645"", ""27.80316734"", ""27.37849045"", ""27.09072495"", ""26.94519997"", ""26.91060257""]",2,TrendAELG_WaveletV3AELG,4,0.1,,
resnet_skip_study_r2,TW24_skip4_a01,trendwav_depth_x_skip,"['TrendAELG', 'WaveletV3AELG']",Tourism-Yearly,1,4,8,24,1,True,2,44,23.650423,3.739878,136718.531250,1974151544832.000000,nan,1.792056,35.800087,2166180,2.29,25,False,False,ReLU,MAX_EPOCHS,27.33593941,27.33593941,34.94579315,24,1.000000,False,"[""116.00740051"", ""62.49980927"", ""38.75365448"", ""42.83261490"", ""44.67181778"", ""41.44008636"", ""36.46929550"", ""32.58864212"", ""31.09775162"", ""31.01044846"", ""30.72774124"", ""30.66558838"", ""30.15717506"", ""30.43917465"", ""30.04933548"", ""28.76323509"", ""28.61312103"", ""28.58958817"", ""28.55882072"", ""28.25961685"", ""27.86621666"", ""27.61215019"", ""27.45193291"", ""27.36028099"", ""27.33593941""]",2,TrendAELG_WaveletV3AELG,4,0.1,,
resnet_skip_study_r2,TW24_skip4_learn,trendwav_depth_x_skip,"['TrendAELG', 'WaveletV3AELG']",Tourism-Yearly,1,4,8,24,1,True,0,42,23.058453,3.795411,105340.562500,1245647863808.000000,nan,1.763782,38.716942,2166181,2.15,25,False,False,ReLU,MAX_EPOCHS,27.20047569,27.20047569,34.91191101,24,1.000000,False,"[""116.48663330"", ""66.86885071"", ""42.65766144"", ""40.95340729"", ""42.51319885"", ""40.19887543"", ""36.20030975"", ""32.66196823"", ""31.70419121"", ""31.55185890"", ""30.95581436"", ""31.79713821"", ""31.90599060"", ""29.92318535"", ""28.56417084"", ""28.69312096"", ""28.36131096"", ""27.90264130"", ""27.53115082"", ""27.81516647"", ""27.84363556"", ""27.59876823"", ""27.32019424"", ""27.23488235"", ""27.20047569""]",2,TrendAELG_WaveletV3AELG,4,learnable,,
resnet_skip_study_r2,TW24_skip4_learn,trendwav_depth_x_skip,"['TrendAELG', 'WaveletV3AELG']",Tourism-Yearly,1,4,8,24,1,True,1,43,22.644924,3.447405,99557.976562,1087364530176.000000,nan,1.549466,22.273813,2166181,2.24,25,False,False,ReLU,MAX_EPOCHS,26.88252068,26.88252068,34.12395859,24,1.000000,False,"[""100.20864868"", ""52.84136581"", ""37.29912186"", ""36.76874161"", ""35.90505981"", ""34.08580780"", ""33.04418182"", ""32.04243469"", ""31.13960648"", ""30.90767479"", ""30.33879662"", ""29.60848427"", ""29.00117111"", ""28.20506477"", ""27.62033272"", ""27.74277878"", ""27.80926895"", ""27.75829506"", ""28.02519798"", ""27.95804787"", ""27.59140205"", ""27.21387482"", ""26.99295616"", ""26.90996742"", ""26.88252068""]",2,TrendAELG_WaveletV3AELG,4,learnable,,
resnet_skip_study_r2,TW24_skip4_learn,trendwav_depth_x_skip,"['TrendAELG', 'WaveletV3AELG']",Tourism-Yearly,1,4,8,24,1,True,2,44,23.902884,4.160202,113994.406250,1396386955264.000000,nan,1.957904,54.147141,2166181,1.86,25,False,False,ReLU,MAX_EPOCHS,27.99555397,28.02014351,35.75415039,17,1.000878,False,"[""126.14154816"", ""75.04299164"", ""45.29620743"", ""38.11510468"", ""39.91529465"", ""38.76457977"", ""35.59757614"", ""32.51421738"", ""31.60286522"", ""32.89254761"", ""32.84112930"", ""32.32276154"", ""31.35742760"", ""30.86225700"", ""29.88219833"", ""29.05034447"", ""28.70439339"", ""27.99555397"", ""28.27982330"", ""28.28728485"", ""28.12890053"", ""28.17386436"", ""28.09356117"", ""28.03624916"", ""28.02014351""]",2,TrendAELG_WaveletV3AELG,4,learnable,,
resnet_skip_study_r2,TW24_skip8_learn,trendwav_distance_sweep,"['TrendAELG', 'WaveletV3AELG']",Tourism-Yearly,1,4,8,24,1,True,0,42,22.718416,3.585103,102096.226562,1133010092032.000000,nan,1.636797,29.482986,2166181,2.24,25,False,False,ReLU,MAX_EPOCHS,27.00550461,27.00550461,34.84538651,24,1.000000,False,"[""117.39044189"", ""67.88093567"", ""42.83245850"", ""40.46838760"", ""41.31407166"", ""38.34877777"", ""34.16384506"", ""31.43597031"", ""31.26650810"", ""31.33133698"", ""31.15240860"", ""31.65731239"", ""30.60655212"", ""29.01973724"", ""28.42349434"", ""28.49435425"", ""27.89872932"", ""27.48852730"", ""27.24233055"", ""27.24057198"", ""27.02141190"", ""27.02153587"", ""27.04554558"", ""27.02594757"", ""27.00550461""]",2,TrendAELG_WaveletV3AELG,8,learnable,,
resnet_skip_study_r2,TW24_skip8_learn,trendwav_distance_sweep,"['TrendAELG', 'WaveletV3AELG']",Tourism-Yearly,1,4,8,24,1,True,1,43,22.434555,3.396927,102322.867188,1160231649280.000000,nan,1.525290,21.807749,2166181,2.22,25,False,False,ReLU,MAX_EPOCHS,26.87359810,26.87359810,34.00723267,24,1.000000,False,"[""101.34099579"", ""53.86019897"", ""37.22023773"", ""37.65993500"", ""36.76062393"", ""34.18815613"", ""32.86444855"", ""32.71681213"", ""31.91993332"", ""31.04159546"", ""30.66570091"", ""29.90079308"", ""28.91244507"", ""27.89100075"", ""27.52039719"", ""27.71575165"", ""27.85789871"", ""28.16869545"", ""28.25913811"", ""28.03665352"", ""27.37595177"", ""27.12515259"", ""26.99520493"", ""26.90046501"", ""26.87359810""]",2,TrendAELG_WaveletV3AELG,8,learnable,,
resnet_skip_study_r2,TW24_skip8_learn,trendwav_distance_sweep,"['TrendAELG', 'WaveletV3AELG']",Tourism-Yearly,1,4,8,24,1,True,2,44,24.480856,4.237863,133713.703125,1919380226048.000000,nan,2.087080,55.136803,2166181,2.05,25,False,False,ReLU,MAX_EPOCHS,28.24218369,28.24218369,37.02417374,24,1.000000,False,"[""127.04476166"", ""76.18175507"", ""45.90287018"", ""37.67713928"", ""38.81219864"", ""37.09280396"", ""33.64587784"", ""31.30440712"", ""32.53067780"", ""32.87088776"", ""32.48622131"", ""31.85654640"", ""32.55415726"", ""32.16975784"", ""30.69953918"", ""29.67374992"", ""29.53120422"", ""30.37558556"", ""29.99385262"", ""28.92190170"", ""28.38798523"", ""28.32111740"", ""28.30279541"", ""28.26134300"", ""28.24218369""]",2,TrendAELG_WaveletV3AELG,8,learnable,,
resnet_skip_study_r3,GAELG20_skip5_learn,genAELG_depth_x_skip,['GenericAELG'],Tourism-Yearly,1,4,8,20,1,True,0,42,21.451752,3.101458,108178.187500,1197127892992.000000,nan,1.358779,15.283990,2970241,2.25,39,False,False,ReLU,EARLY_STOPPED,25.76618195,25.94325256,31.86966705,28,1.006872,False,"[""86.53936768"", ""36.37955856"", ""46.75901413"", ""44.98743057"", ""41.52616882"", ""39.38779449"", ""34.94570160"", ""31.07787323"", ""30.49711037"", ""28.95766449"", ""30.03635406"", ""30.22886848"", ""30.08138466"", ""29.68747711"", ""28.68572807"", ""27.36569023"", ""27.04747009"", ""27.10727119"", ""28.11025429"", ""27.89503288"", ""26.91611099"", ""26.65883636"", ""27.50095177"", ""27.76036835"", ""27.43349648"", ""26.90921402"", ""26.41570282"", ""25.95107841"", ""25.76618195"", ""26.05987740"", ""26.25649834"", ""26.19800186"", ""26.00667191"", ""26.30800247"", ""26.67929840"", ""26.34936333"", ""25.97047043"", ""25.89243889"", ""25.94325256""]",3,GenericAELG,5,learnable,,
resnet_skip_study_r3,GAELG20_skip5_learn,genAELG_depth_x_skip,['GenericAELG'],Tourism-Yearly,1,4,8,20,1,True,1,43,20.962852,3.037064,112867.953125,1290662051840.000000,nan,1.348512,16.625605,2970241,2.97,53,False,False,ReLU,EARLY_STOPPED,25.55316925,25.62539291,31.14705086,42,1.002826,False,"[""107.70981598"", ""45.45590973"", ""52.54254913"", ""60.92432785"", ""54.47670364"", ""42.97414017"", ""35.46394730"", ""36.71580887"", ""38.08819962"", ""35.91675949"", ""31.92571640"", ""32.71503067"", ""35.44464111"", ""34.11837387"", ""30.33191872"", ""29.33658409"", ""30.27249908"", ""29.61052704"", ""27.86950111"", ""28.52180862"", ""30.26795006"", ""29.33829117"", ""27.69990921"", ""28.37583160"", ""29.04836845"", ""28.21293259"", ""26.86876106"", ""26.95915031"", ""27.88866425"", ""27.31255913"", ""26.33668709"", ""27.75393486"", ""29.16128540"", ""28.93918228"", ""27.62755775"", ""26.73882866"", ""26.80680466"", ""26.40797806"", ""26.16836166"", ""26.58678627"", ""26.81410599"", ""26.13681221"", ""25.55316925"", ""25.59876442"", ""25.58830643"", ""26.00251198"", ""26.32510948"", ""26.11021423"", ""25.70915222"", ""25.65642929"", ""25.81422997"", ""25.77811813"", ""25.62539291""]",3,GenericAELG,5,learnable,,
resnet_skip_study_r3,GAELG20_skip5_learn,genAELG_depth_x_skip,['GenericAELG'],Tourism-Yearly,1,4,8,20,1,True,2,44,21.450937,3.157314,128103.523438,1741455228928.000000,nan,1.466766,22.498768,2970241,2.17,30,False,False,ReLU,EARLY_STOPPED,25.81850052,25.87841225,33.55096436,19,1.002320,False,"[""92.50370026"", ""46.25098038"", ""53.06427002"", ""52.78824615"", ""42.37576294"", ""36.26894379"", ""35.68040085"", ""33.21493530"", ""29.56663895"", ""30.07842827"", ""31.81614304"", ""31.32516479"", ""30.07412529"", ""28.85779381"", ""27.60369873"", ""26.84696007"", ""26.67175865"", ""26.12573814"", ""26.15729523"", ""25.81850052"", ""26.32265091"", ""27.23063469"", ""26.63250923"", ""26.79962158"", ""26.49468231"", ""26.76810646"", ""26.77947235"", ""26.16362000"", ""26.20447922"", ""25.87841225""]",3,GenericAELG,5,learnable,,
resnet_skip_study_r3,GAELG20_skip5_learn,genAELG_depth_x_skip,['GenericAELG'],Tourism-Yearly,1,4,8,20,1,True,3,45,21.263834,3.155024,110869.750000,1307004895232.000000,nan,1.398908,18.743986,2970241,2.39,43,False,False,ReLU,EARLY_STOPPED,26.18648911,26.27417183,32.93679047,32,1.003348,False,"[""85.67280579"", ""37.41944504"", ""46.92752838"", ""45.02571487"", ""42.71747589"", ""37.15098953"", ""32.15949631"", ""30.24831772"", ""30.57825279"", ""31.00901604"", ""31.18813896"", ""30.75102615"", ""30.37324524"", ""30.19377899"", ""29.59626579"", ""28.24257278"", ""27.37275314"", ""26.89472771"", ""27.37177658"", ""27.81121063"", ""27.88347054"", ""27.77811813"", ""27.24991798"", ""27.48676872"", ""27.67652321"", ""26.66488075"", ""26.99635696"", ""27.03635406"", ""26.26656342"", ""27.58545494"", ""28.75312233"", ""27.82690239"", ""26.18648911"", ""26.94876862"", ""28.05218315"", ""27.62783432"", ""26.62183952"", ""26.87024498"", ""27.36461830"", ""26.87093925"", ""26.36034203"", ""26.37276649"", ""26.27417183""]",3,GenericAELG,5,learnable,,
resnet_skip_study_r3,GAELG20_skip5_learn,genAELG_depth_x_skip,['GenericAELG'],Tourism-Yearly,1,4,8,20,1,True,4,46,20.742134,2.994189,104959.156250,1082486685696.000000,nan,1.315117,14.951579,2970241,5.17,79,False,False,ReLU,EARLY_STOPPED,25.81833839,26.21967506,30.66025734,68,1.015545,False,"[""114.28109741"", ""81.59702301"", ""86.84465027"", ""84.33283234"", ""80.45900726"", ""78.65657806"", ""76.31970215"", ""74.18694305"", ""72.64047241"", ""72.41397858"", ""72.86963654"", ""73.43943024"", ""72.95645142"", ""73.15691376"", ""72.98551941"", ""71.75460815"", ""72.55612946"", ""73.55279541"", ""72.14366150"", ""71.69045258"", ""70.82675934"", ""67.00285339"", ""57.82975006"", ""47.65161514"", ""38.29914474"", ""31.37551498"", ""29.66359520"", ""29.83631516"", ""30.78701401"", ""31.69365311"", ""31.33487320"", ""30.39899254"", ""29.83104515"", ""28.76370239"", ""27.15312004"", ""26.65526581"", ""27.26721191"", ""27.31891823"", ""27.41049194"", ""27.74382782"", ""27.80516434"", ""27.84117508"", ""27.64871407"", ""27.15957451"", ""26.69607925"", ""26.45233917"", ""26.55737305"", ""26.96318054"", ""27.17522430"", ""26.76849747"", ""26.42989540"", ""26.38346481"", ""26.19503403"", ""26.64985275"", ""27.03274536"", ""26.87123489"", ""26.66645432"", ""26.62191010"", ""26.62421227"", ""26.69961166"", ""26.62523460"", ""26.38684845"", ""26.12688828"", ""26.04677582"", ""26.04131699"", ""26.04849243"", ""25.99710464"", ""25.90439034"", ""25.81833839"", ""25.86016273"", ""25.95299149"", ""25.99237633"", ""25.93852043"", ""25.93778419"", ""26.01830673"", ""26.05248451"", ""26.15601349"", ""26.22666740"", ""26.21967506""]",3,GenericAELG,5,learnable,,
resnet_skip_study_r3,TW16_no_skip,trendwav_baseline,"['TrendAELG', 'WaveletV3AELG']",Tourism-Yearly,1,4,8,16,1,True,0,42,21.586283,3.092785,101464.992188,1022349606912.000000,nan,1.333290,14.450039,1444120,2.02,39,False,False,ReLU,EARLY_STOPPED,25.35139847,26.29158401,31.46169853,28,1.037086,False,"[""124.37286377"", ""78.85903931"", ""48.14484024"", ""36.11116791"", ""38.69445801"", ""39.63071823"", ""36.68236542"", ""32.62430954"", ""30.43161583"", ""30.44258690"", ""30.11618805"", ""28.86077118"", ""28.36103058"", ""28.92345238"", ""28.97337723"", ""28.25674438"", ""27.24462128"", ""27.57860947"", ""27.82198524"", ""27.38243866"", ""26.69364738"", ""26.54897881"", ""26.60799980"", ""26.60912323"", ""26.60046005"", ""26.29297638"", ""25.81890869"", ""25.55247307"", ""25.35139847"", ""25.39932060"", ""25.54919815"", ""25.58515358"", ""25.61540222"", ""25.36711693"", ""25.58257294"", ""26.03464508"", ""26.10099030"", ""25.96661758"", ""26.29158401""]",3,TrendAELG_WaveletV3AELG,0,none,,
resnet_skip_study_r3,TW16_no_skip,trendwav_baseline,"['TrendAELG', 'WaveletV3AELG']",Tourism-Yearly,1,4,8,16,1,True,1,43,21.586220,3.095956,104767.632812,1115308818432.000000,nan,1.352570,14.628675,1444120,2.99,54,False,False,ReLU,EARLY_STOPPED,25.25739288,25.56678963,30.84697151,43,1.012250,False,"[""115.74291229"", ""68.14088440"", ""41.90111160"", ""38.05115509"", ""38.69764328"", ""36.26472473"", ""32.78862762"", ""31.02078056"", ""30.08217239"", ""30.09709930"", ""29.99892235"", ""29.94532967"", ""29.07913971"", ""29.11301613"", ""28.67105865"", ""27.59582710"", ""26.80444336"", ""26.90279388"", ""27.17059517"", ""26.51457214"", ""26.13838959"", ""26.67636299"", ""27.07617188"", ""26.44356537"", ""26.17387772"", ""26.10014153"", ""25.59139442"", ""25.66308975"", ""26.31110764"", ""26.12990952"", ""25.39410591"", ""25.34937859"", ""25.38823700"", ""25.28928566"", ""25.46664810"", ""25.52167702"", ""25.34563255"", ""25.37593269"", ""25.34425545"", ""25.29595566"", ""25.48276711"", ""25.39676094"", ""25.32754898"", ""25.25739288"", ""25.29578781"", ""25.31996918"", ""25.34939384"", ""25.38303757"", ""25.37582588"", ""25.48234749"", ""25.56132126"", ""25.58181381"", ""25.63631439"", ""25.56678963""]",3,TrendAELG_WaveletV3AELG,0,none,,
resnet_skip_study_r3,TW16_no_skip,trendwav_baseline,"['TrendAELG', 'WaveletV3AELG']",Tourism-Yearly,1,4,8,16,1,True,2,44,21.795464,3.119512,103259.171875,1151711576064.000000,nan,1.368289,14.939878,1444120,2.51,47,False,False,ReLU,EARLY_STOPPED,25.61475945,25.91186714,31.09676743,36,1.011599,False,"[""148.45060730"", ""103.64184570"", ""69.31472778"", ""46.69768524"", ""37.94981003"", ""38.64326477"", ""38.38787842"", ""35.38682175"", ""31.72574425"", ""31.40557098"", ""31.11034012"", ""29.94566917"", ""29.68280411"", ""29.11649132"", ""28.77030373"", ""28.14509010"", ""27.23647881"", ""26.67906570"", ""26.55637360"", ""26.26702499"", ""27.17446136"", ""27.67787933"", ""27.50455475"", ""27.37435150"", ""27.25209808"", ""26.59561539"", ""26.43966293"", ""26.40788269"", ""26.32715607"", ""25.96184540"", ""25.68714905"", ""25.65221405"", ""25.77746582"", ""26.00723839"", ""26.03955841"", ""25.90189934"", ""25.61475945"", ""25.99267960"", ""26.22737885"", ""26.02200127"", ""25.76540184"", ""25.91928482"", ""26.17406464"", ""26.37144089"", ""26.21567154"", ""25.83962631"", ""25.91186714""]",3,TrendAELG_WaveletV3AELG,0,none,,
resnet_skip_study_r3,TW16_no_skip,trendwav_baseline,"['TrendAELG', 'WaveletV3AELG']",Tourism-Yearly,1,4,8,16,1,True,3,45,21.361185,3.097557,106818.781250,1186682109952.000000,nan,1.345011,15.506218,1444120,2.18,41,False,False,ReLU,EARLY_STOPPED,24.90401459,25.05966377,31.16253090,30,1.006250,False,"[""105.38773346"", ""63.88610840"", ""39.90670013"", ""34.56212234"", ""35.13655853"", ""32.72891235"", ""29.63010025"", ""30.08058167"", ""29.89834595"", ""30.74934769"", ""31.75000763"", ""31.16326904"", ""29.74506950"", ""28.41193390"", ""27.75988579"", ""26.51240158"", ""26.07155418"", ""26.15296555"", ""25.82828140"", ""26.12690353"", ""26.22282791"", ""25.64956474"", ""25.29993057"", ""25.25564766"", ""25.01135254"", ""25.40050507"", ""25.67141914"", ""25.44887352"", ""25.09156799"", ""24.94244957"", ""24.90401459"", ""25.06973648"", ""25.20903969"", ""25.13194084"", ""25.03921890"", ""25.04429245"", ""25.03364182"", ""25.11016464"", ""25.09562111"", ""25.07483673"", ""25.05966377""]",3,TrendAELG_WaveletV3AELG,0,none,,
resnet_skip_study_r3,TW16_no_skip,trendwav_baseline,"['TrendAELG', 'WaveletV3AELG']",Tourism-Yearly,1,4,8,16,1,True,4,46,21.518156,3.092862,106072.898438,1134364590080.000000,nan,1.362125,15.389448,1444120,2.96,53,False,False,ReLU,EARLY_STOPPED,24.95230865,25.62646866,31.34964371,42,1.027018,False,"[""136.71466064"", ""90.61341095"", ""54.69865799"", ""37.24981689"", ""39.54394150"", ""41.78195190"", ""39.57347107"", ""35.63293076"", ""33.00576782"", ""32.33336639"", ""31.90424728"", ""32.25858688"", ""31.77744484"", ""29.95583725"", ""29.67023849"", ""29.69765663"", ""29.39871216"", ""28.36218834"", ""27.58003235"", ""28.44946289"", ""29.10913467"", ""28.25471115"", ""27.13389015"", ""27.63351250"", ""28.32566833"", ""28.45476532"", ""27.52283287"", ""26.50079727"", ""26.52276421"", ""26.53912354"", ""26.33920097"", ""26.26443291"", ""25.85635757"", ""25.30401421"", ""25.12546158"", ""25.46323586"", ""25.30792999"", ""25.10039139"", ""25.36638451"", ""25.59810257"", ""25.36429214"", ""25.02733994"", ""24.95230865"", ""25.25916481"", ""25.25490189"", ""25.07465553"", ""25.21811104"", ""25.42993736"", ""25.43235397"", ""25.23861504"", ""25.31243324"", ""25.60729980"", ""25.62646866""]",3,TrendAELG_WaveletV3AELG,0,none,,
resnet_skip_study_r3,TW8_skip4_learn,trendwav_control,"['TrendAELG', 'WaveletV3AELG']",Tourism-Yearly,1,4,8,8,1,True,0,42,21.530325,3.121413,131228.984375,1852752134144.000000,nan,1.425146,21.748798,722061,1.41,34,False,False,ReLU,EARLY_STOPPED,25.47842598,25.58278656,31.70698929,23,1.004096,False,"[""150.41551208"", ""115.57458496"", ""84.79296875"", ""58.62643814"", ""40.53773880"", ""34.23029327"", ""36.26052475"", ""37.46819305"", ""35.97094345"", ""33.14802170"", ""31.13167572"", ""30.89049721"", ""30.87537003"", ""30.30131721"", ""29.73376274"", ""29.58824348"", ""29.25596619"", ""28.24884415"", ""27.30975533"", ""26.86363411"", ""26.81701851"", ""26.51916695"", ""25.87879944"", ""25.47842598"", ""25.64093208"", ""25.74740601"", ""26.03713608"", ""26.54402542"", ""26.77408218"", ""26.53955841"", ""26.10943222"", ""25.81090927"", ""25.63609123"", ""25.58278656""]",3,TrendAELG_WaveletV3AELG,4,learnable,,
resnet_skip_study_r3,TW8_skip4_learn,trendwav_control,"['TrendAELG', 'WaveletV3AELG']",Tourism-Yearly,1,4,8,8,1,True,1,43,21.428144,3.075832,109292.398438,1248578895872.000000,nan,1.344781,15.433199,722061,1.72,41,False,False,ReLU,EARLY_STOPPED,24.95352173,25.23503304,31.26025200,30,1.011281,False,"[""153.44894409"", ""115.71676636"", ""83.09580231"", ""55.99719238"", ""38.05046463"", ""34.84992981"", ""37.62420654"", ""38.17343903"", ""36.18128204"", ""33.14941406"", ""31.31354523"", ""31.04725838"", ""30.69821548"", ""30.03898811"", ""29.77631378"", ""29.76246834"", ""29.58312035"", ""28.82758713"", ""28.19944382"", ""27.87285423"", ""27.47838593"", ""27.25392914"", ""26.98453712"", ""26.50797272"", ""26.18763351"", ""25.96200371"", ""25.74227524"", ""25.48081207"", ""25.23405457"", ""25.08012581"", ""24.95352173"", ""24.98786545"", ""25.07191658"", ""25.10553932"", ""25.11872292"", ""25.11700058"", ""25.20425987"", ""25.17948151"", ""25.06533623"", ""25.09549904"", ""25.23503304""]",3,TrendAELG_WaveletV3AELG,4,learnable,,
resnet_skip_study_r3,TW8_skip4_learn,trendwav_control,"['TrendAELG', 'WaveletV3AELG']",Tourism-Yearly,1,4,8,8,1,True,2,44,21.161770,3.060713,101852.273438,1034346758144.000000,nan,1.320541,13.486474,722061,1.81,46,False,False,ReLU,EARLY_STOPPED,25.36950493,25.55449295,30.98386765,35,1.007292,False,"[""156.96833801"", ""123.63967896"", ""93.48587799"", ""67.34260559"", ""47.82814407"", ""37.38702393"", ""36.58777237"", ""38.09121704"", ""37.58979416"", ""35.07991028"", ""32.09444427"", ""31.35440063"", ""31.71208763"", ""31.65922928"", ""31.43583298"", ""30.90287399"", ""29.88714218"", ""28.73883247"", ""27.91327858"", ""27.49167061"", ""26.94589996"", ""26.47270203"", ""26.39527702"", ""26.78155518"", ""26.78070068"", ""26.36269951"", ""26.14377785"", ""26.28514862"", ""26.20843697"", ""26.06180000"", ""26.09564018"", ""25.85744476"", ""25.55916023"", ""25.48287201"", ""25.43148613"", ""25.36950493"", ""25.43624306"", ""25.60731125"", ""25.67358398"", ""25.72201729"", ""25.80406380"", ""25.72989845"", ""25.72579384"", ""25.74695587"", ""25.59956360"", ""25.55449295""]",3,TrendAELG_WaveletV3AELG,4,learnable,,
resnet_skip_study_r3,TW8_skip4_learn,trendwav_control,"['TrendAELG', 'WaveletV3AELG']",Tourism-Yearly,1,4,8,8,1,True,3,45,21.273289,3.047226,96917.773438,898090008576.000000,nan,1.305644,11.883632,722061,1.99,48,False,False,ReLU,EARLY_STOPPED,25.11569023,25.24695396,31.16808891,37,1.005226,False,"[""148.13360596"", ""112.00141907"", ""82.50218964"", ""59.67016220"", ""44.57376480"", ""36.70770264"", ""34.39686203"", ""33.19468307"", ""31.57466888"", ""31.07293510"", ""31.11159897"", ""30.93099976"", ""30.85819435"", ""31.07561493"", ""30.84519577"", ""30.15675545"", ""29.38231277"", ""28.53805351"", ""27.88676834"", ""27.12660408"", ""26.83937836"", ""26.61323166"", ""26.52725029"", ""26.48403549"", ""26.12830734"", ""25.81580925"", ""25.89414787"", ""25.72600937"", ""25.49831772"", ""25.47621727"", ""25.39119148"", ""25.23556900"", ""25.25373650"", ""25.44631577"", ""25.50021744"", ""25.26417160"", ""25.15314293"", ""25.11569023"", ""25.31863785"", ""25.41857719"", ""25.31828308"", ""25.33899307"", ""25.37988091"", ""25.48025513"", ""25.40709114"", ""25.24913788"", ""25.24168777"", ""25.24695396""]",3,TrendAELG_WaveletV3AELG,4,learnable,,
resnet_skip_study_r3,TW8_skip4_learn,trendwav_control,"['TrendAELG', 'WaveletV3AELG']",Tourism-Yearly,1,4,8,8,1,True,4,46,21.113691,3.052218,110958.421875,1307676114944.000000,nan,1.347484,17.056376,722061,1.78,49,False,False,ReLU,EARLY_STOPPED,24.74168396,25.24389839,31.20977783,38,1.020298,False,"[""153.87905884"", ""116.85498810"", ""83.92195892"", ""56.54628754"", ""39.78979874"", ""36.90604019"", ""38.82317352"", ""38.37933350"", ""35.59795380"", ""32.39015579"", ""31.09227943"", ""30.65566444"", ""29.90323257"", ""29.44773674"", ""30.00933266"", ""30.32587814"", ""29.51448631"", ""28.39100075"", ""27.93644905"", ""27.78048897"", ""27.38836670"", ""26.52254677"", ""25.54313469"", ""25.48102188"", ""25.87014961"", ""25.72010994"", ""25.12010002"", ""24.97704887"", ""25.33751488"", ""25.44500732"", ""25.14241982"", ""25.30371475"", ""25.58140755"", ""25.34964943"", ""25.03738403"", ""25.10743141"", ""25.16535568"", ""24.91677666"", ""24.74168396"", ""24.82190514"", ""24.77524185"", ""24.84089279"", ""25.06133842"", ""25.11117744"", ""25.11897087"", ""25.15931702"", ""25.16876411"", ""25.27064133"", ""25.24389839""]",3,TrendAELG_WaveletV3AELG,4,learnable,,
resnet_skip_study_r3,TW16_skip4_a01,trendwav_depth_x_skip,"['TrendAELG', 'WaveletV3AELG']",Tourism-Yearly,1,4,8,16,1,True,0,42,21.457417,3.049428,88832.445312,727273963520.000000,nan,1.286226,10.672624,1444120,2.18,39,False,False,ReLU,EARLY_STOPPED,25.14611435,25.58745956,31.59183502,28,1.017551,False,"[""117.72176361"", ""69.60139465"", ""41.54102325"", ""38.02023697"", ""40.30746460"", ""38.66410065"", ""34.91550827"", ""31.69379616"", ""30.69964600"", ""30.11759758"", ""28.98792648"", ""27.95914078"", ""27.39514160"", ""28.74622726"", ""28.71379852"", ""27.81958199"", ""27.59049606"", ""27.14994621"", ""27.42997742"", ""27.35871124"", ""27.06314659"", ""26.77839088"", ""26.44123650"", ""26.00056267"", ""25.87377357"", ""26.02541733"", ""25.84881210"", ""25.42581940"", ""25.14611435"", ""25.57864761"", ""25.82134056"", ""25.62295151"", ""25.42700386"", ""25.35653114"", ""25.59774590"", ""25.81258774"", ""25.69958305"", ""25.52226257"", ""25.58745956""]",3,TrendAELG_WaveletV3AELG,4,0.1,,
resnet_skip_study_r3,TW16_skip4_a01,trendwav_depth_x_skip,"['TrendAELG', 'WaveletV3AELG']",Tourism-Yearly,1,4,8,16,1,True,1,43,21.263573,3.057863,106518.593750,1158048907264.000000,nan,1.344629,15.450531,1444120,2.59,48,False,False,ReLU,EARLY_STOPPED,25.11604691,25.80688286,30.83601570,37,1.027506,False,"[""104.32201385"", ""55.62739944"", ""37.47729492"", ""38.30033112"", ""37.96711731"", ""34.87838364"", ""31.90633965"", ""30.80267906"", ""29.81698608"", ""29.54860878"", ""29.70281792"", ""29.30442429"", ""28.19152260"", ""27.31826973"", ""27.09175682"", ""26.81970024"", ""26.30234718"", ""26.10124016"", ""26.10312080"", ""26.20365906"", ""26.62979126"", ""26.72107887"", ""26.19655418"", ""26.06835747"", ""26.00497627"", ""25.95329857"", ""25.69561386"", ""25.80604553"", ""25.94386101"", ""25.69957733"", ""25.15979767"", ""25.22169304"", ""25.39227676"", ""25.23066139"", ""25.12951469"", ""25.15610504"", ""25.11745071"", ""25.11604691"", ""25.13844109"", ""25.33126259"", ""25.46103287"", ""25.54623795"", ""25.56308556"", ""25.60581207"", ""25.58322334"", ""25.65072441"", ""25.71924973"", ""25.80688286""]",3,TrendAELG_WaveletV3AELG,4,0.1,,
resnet_skip_study_r3,TW16_skip4_a01,trendwav_depth_x_skip,"['TrendAELG', 'WaveletV3AELG']",Tourism-Yearly,1,4,8,16,1,True,2,44,21.239914,3.071570,107307.179688,1173433352192.000000,nan,1.352533,15.324820,1444120,3.11,53,False,False,ReLU,EARLY_STOPPED,25.04340172,25.50796318,30.82203484,42,1.018550,False,"[""146.30892944"", ""97.31046295"", ""62.00364304"", ""41.72032928"", ""39.59073257"", ""41.61137772"", ""40.16059494"", ""36.47775269"", ""32.68906021"", ""31.36435127"", ""30.28464890"", ""29.31185150"", ""28.83479309"", ""28.92810440"", ""29.15317154"", ""28.30502319"", ""27.42929077"", ""27.24980736"", ""27.26906776"", ""27.19190979"", ""26.92767906"", ""26.69680023"", ""26.32721901"", ""26.25927544"", ""26.37770844"", ""26.15035248"", ""25.73683929"", ""25.70241165"", ""25.62761307"", ""25.49421501"", ""25.40120125"", ""25.41534615"", ""25.35766029"", ""25.47903061"", ""25.65159225"", ""25.50290298"", ""25.36744118"", ""25.53366661"", ""25.49101448"", ""25.11096001"", ""25.07992935"", ""25.18304634"", ""25.04340172"", ""25.05226135"", ""25.20906258"", ""25.23785019"", ""25.34746552"", ""25.45554924"", ""25.36742783"", ""25.43048477"", ""25.49193764"", ""25.49677467"", ""25.50796318""]",3,TrendAELG_WaveletV3AELG,4,0.1,,
resnet_skip_study_r3,TW16_skip4_a01,trendwav_depth_x_skip,"['TrendAELG', 'WaveletV3AELG']",Tourism-Yearly,1,4,8,16,1,True,3,45,21.258331,3.064820,99173.539062,994442543104.000000,nan,1.318832,14.006420,1444120,2.39,45,False,False,ReLU,EARLY_STOPPED,24.91936684,25.16019440,30.88430405,34,1.009664,False,"[""94.80551910"", ""52.19873810"", ""34.64717102"", ""37.12678909"", ""37.71905136"", ""34.25605011"", ""31.17497253"", ""28.99039459"", ""29.38224983"", ""29.52678871"", ""29.36786652"", ""29.78440285"", ""29.56553459"", ""28.40847588"", ""27.23008728"", ""26.63796806"", ""26.58646965"", ""26.27921486"", ""25.89992905"", ""25.66547775"", ""25.24825859"", ""25.14412117"", ""25.34486008"", ""25.41594124"", ""25.22886658"", ""25.05015755"", ""25.26705933"", ""25.18344498"", ""25.10805511"", ""25.28775024"", ""25.20191002"", ""25.01589394"", ""25.05865097"", ""24.94843483"", ""24.91936684"", ""24.99756050"", ""25.18692398"", ""25.20089722"", ""25.12390327"", ""25.06045341"", ""25.09653282"", ""25.04139900"", ""25.08255005"", ""25.12587547"", ""25.16019440""]",3,TrendAELG_WaveletV3AELG,4,0.1,,
resnet_skip_study_r3,TW16_skip4_a01,trendwav_depth_x_skip,"['TrendAELG', 'WaveletV3AELG']",Tourism-Yearly,1,4,8,16,1,True,4,46,21.298660,3.068536,109609.554688,1194247061504.000000,nan,1.366788,16.415421,1444120,2.63,46,False,False,ReLU,EARLY_STOPPED,24.81674957,25.15951729,30.95066261,35,1.013812,False,"[""132.28921509"", ""81.87255096"", ""46.16719055"", ""36.22938919"", ""38.14702225"", ""37.69194031"", ""35.07625580"", ""33.11443329"", ""32.08903503"", ""31.08293343"", ""30.58267212"", ""29.78452110"", ""29.45203781"", ""29.57037735"", ""28.64719963"", ""27.97242355"", ""27.82894897"", ""27.80165291"", ""27.35412407"", ""27.01652336"", ""27.12728119"", ""26.79152870"", ""26.56784058"", ""26.43105125"", ""26.28680992"", ""26.32659912"", ""26.03421783"", ""26.12640762"", ""26.30379486"", ""26.07540703"", ""25.54622269"", ""25.52091789"", ""25.75521469"", ""25.53807449"", ""25.06351089"", ""24.81674957"", ""25.05060196"", ""25.00818443"", ""24.87579346"", ""25.04651260"", ""25.33702278"", ""25.46927071"", ""25.39818573"", ""25.36719704"", ""25.21312332"", ""25.15951729""]",3,TrendAELG_WaveletV3AELG,4,0.1,,
resnet_skip_study_r3,TW16_skip4_learn,trendwav_depth_x_skip,"['TrendAELG', 'WaveletV3AELG']",Tourism-Yearly,1,4,8,16,1,True,0,42,21.290871,3.043497,96236.523438,893188243456.000000,nan,1.304928,12.655127,1444121,2.15,37,False,False,ReLU,EARLY_STOPPED,25.23993301,25.60512352,31.65747261,26,1.014469,False,"[""123.62658691"", ""77.67449188"", ""47.21067810"", ""36.22788620"", ""37.83673477"", ""38.13083649"", ""35.46349335"", ""32.12222672"", ""30.35697556"", ""30.21751595"", ""29.92419243"", ""28.98756027"", ""28.40163422"", ""28.36454010"", ""27.45925140"", ""27.02153587"", ""26.83624268"", ""27.00323105"", ""26.76360321"", ""26.58996010"", ""26.62718582"", ""26.61088181"", ""26.47057533"", ""26.25407791"", ""26.37235832"", ""25.98368263"", ""25.23993301"", ""25.27818680"", ""25.73572159"", ""25.64299965"", ""25.50656891"", ""25.83889961"", ""25.89824295"", ""25.67116356"", ""25.52243996"", ""25.57314110"", ""25.60512352""]",3,TrendAELG_WaveletV3AELG,4,learnable,,
resnet_skip_study_r3,TW16_skip4_learn,trendwav_depth_x_skip,"['TrendAELG', 'WaveletV3AELG']",Tourism-Yearly,1,4,8,16,1,True,1,43,21.676912,3.119086,112166.554688,1272129388544.000000,nan,1.384182,17.088741,1444121,2.47,46,False,False,ReLU,EARLY_STOPPED,25.01213264,25.47797012,31.47457886,35,1.018624,False,"[""114.39627075"", ""66.50926208"", ""41.08541489"", ""38.49267197"", ""39.53952408"", ""37.31237030"", ""33.84029388"", ""31.67947197"", ""30.54589081"", ""30.44896126"", ""30.09366608"", ""30.40706825"", ""30.08131981"", ""29.43285179"", ""28.75858498"", ""27.74288559"", ""27.03255081"", ""26.67777634"", ""26.49170113"", ""26.09892273"", ""26.85080147"", ""27.37543869"", ""27.00992775"", ""26.21665382"", ""25.99649811"", ""26.18866539"", ""25.76646233"", ""25.11365700"", ""26.23192596"", ""27.08312035"", ""26.91174507"", ""25.86159134"", ""25.25056648"", ""25.14402199"", ""25.16611862"", ""25.01213264"", ""25.16649055"", ""25.33966827"", ""25.34049988"", ""25.45594215"", ""25.23331070"", ""25.31623268"", ""25.45617867"", ""25.41196060"", ""25.47404480"", ""25.47797012""]",3,TrendAELG_WaveletV3AELG,4,learnable,,
resnet_skip_study_r3,TW16_skip4_learn,trendwav_depth_x_skip,"['TrendAELG', 'WaveletV3AELG']",Tourism-Yearly,1,4,8,16,1,True,2,44,21.274246,3.042041,101882.632812,1122649636864.000000,nan,1.325133,13.913272,1444121,2.54,42,False,False,ReLU,EARLY_STOPPED,25.29433060,26.07581329,31.32041740,31,1.030896,False,"[""148.05372620"", ""102.84657288"", ""68.42557526"", ""46.08635712"", ""38.11766052"", ""38.60190964"", ""38.10870361"", ""35.34088516"", ""32.02471542"", ""31.47471619"", ""30.77513885"", ""30.52071571"", ""30.35578156"", ""29.51675415"", ""28.14710426"", ""27.58316994"", ""27.34531212"", ""26.41455841"", ""26.31607437"", ""26.50680542"", ""26.63311005"", ""26.45737839"", ""26.32397461"", ""26.35863495"", ""26.24121284"", ""26.05057907"", ""25.72868729"", ""25.67848587"", ""25.47740364"", ""25.51051331"", ""25.47666740"", ""25.29433060"", ""25.53397942"", ""25.71415901"", ""25.74858093"", ""25.87065697"", ""25.84594154"", ""25.75569725"", ""25.66672325"", ""25.96935272"", ""26.11749268"", ""26.07581329""]",3,TrendAELG_WaveletV3AELG,4,learnable,,
resnet_skip_study_r3,TW16_skip4_learn,trendwav_depth_x_skip,"['TrendAELG', 'WaveletV3AELG']",Tourism-Yearly,1,4,8,16,1,True,3,45,21.164078,3.040205,102153.132812,1079179083776.000000,nan,1.312518,14.091608,1444121,1.91,36,False,False,ReLU,EARLY_STOPPED,25.02763557,25.07826614,31.44577408,25,1.002023,False,"[""104.16674805"", ""62.40627289"", ""38.92708969"", ""34.98118973"", ""35.70996094"", ""33.32414627"", ""29.95996857"", ""30.03314972"", ""30.33062172"", ""30.18237305"", ""31.24143791"", ""31.17479134"", ""30.04451180"", ""28.71216583"", ""27.74687386"", ""27.51576233"", ""26.53233337"", ""25.96817398"", ""25.88021469"", ""25.55564308"", ""25.59932709"", ""25.63269043"", ""25.33407784"", ""25.18769836"", ""25.21158981"", ""25.02763557"", ""25.84515190"", ""26.13205910"", ""25.66330338"", ""25.22708511"", ""25.15838432"", ""25.16766548"", ""25.05895424"", ""25.03461838"", ""25.18230438"", ""25.07826614""]",3,TrendAELG_WaveletV3AELG,4,learnable,,
resnet_skip_study_r3,TW16_skip4_learn,trendwav_depth_x_skip,"['TrendAELG', 'WaveletV3AELG']",Tourism-Yearly,1,4,8,16,1,True,4,46,21.399618,3.078845,103229.000000,1066312466432.000000,nan,1.340099,14.267787,1444121,2.91,55,False,False,ReLU,EARLY_STOPPED,25.03261566,25.41184998,30.96923256,44,1.015150,False,"[""136.59709167"", ""90.03433228"", ""54.00516510"", ""37.00683212"", ""39.63961792"", ""42.08104706"", ""40.14125061"", ""36.35308838"", ""33.41677856"", ""32.66739655"", ""32.24857712"", ""32.28753662"", ""31.82662773"", ""30.38901329"", ""29.14702034"", ""29.46773529"", ""29.61434746"", ""29.09300613"", ""28.69040680"", ""28.40070724"", ""28.50328636"", ""28.66420364"", ""28.22882462"", ""27.91965294"", ""27.36476898"", ""26.21517754"", ""26.33529091"", ""26.68833733"", ""26.34123230"", ""25.94173050"", ""25.73091125"", ""25.29242706"", ""25.97526932"", ""26.37306213"", ""26.03138733"", ""25.78010941"", ""25.78024292"", ""25.61120987"", ""25.70031357"", ""25.76175690"", ""25.45121384"", ""25.11912537"", ""25.22657013"", ""25.21317863"", ""25.03261566"", ""25.15776825"", ""25.38107681"", ""25.44196320"", ""25.62958908"", ""25.75221443"", ""25.60853386"", ""25.55745888"", ""25.53341103"", ""25.38802719"", ""25.41184998""]",3,TrendAELG_WaveletV3AELG,4,learnable,,
resnet_skip_study_r3,TW16_skip8_learn,trendwav_distance_sweep,"['TrendAELG', 'WaveletV3AELG']",Tourism-Yearly,1,4,8,16,1,True,0,42,21.549917,3.087134,100778.734375,1008077176832.000000,nan,1.326905,14.174225,1444121,2.12,39,False,False,ReLU,EARLY_STOPPED,25.27365112,25.61006927,31.88648605,28,1.013311,False,"[""124.21938324"", ""78.54391479"", ""47.87095642"", ""36.15731049"", ""38.57431030"", ""39.29811859"", ""36.35643005"", ""32.45555878"", ""30.39307976"", ""30.32550240"", ""29.95407486"", ""28.76288986"", ""28.33197784"", ""28.69343376"", ""28.45465469"", ""27.77749825"", ""27.12232780"", ""27.53119087"", ""27.57198524"", ""27.04181290"", ""26.50953865"", ""26.86072922"", ""26.96807098"", ""26.64411354"", ""26.66502380"", ""26.63494110"", ""26.22553444"", ""25.54579926"", ""25.27365112"", ""25.68971443"", ""26.19364929"", ""26.08337021"", ""25.87171173"", ""25.88885117"", ""25.87285614"", ""25.57889748"", ""25.45265579"", ""25.55643654"", ""25.61006927""]",3,TrendAELG_WaveletV3AELG,8,learnable,,
resnet_skip_study_r3,TW16_skip8_learn,trendwav_distance_sweep,"['TrendAELG', 'WaveletV3AELG']",Tourism-Yearly,1,4,8,16,1,True,1,43,21.226593,3.066212,107983.195312,1204656275456.000000,nan,1.334774,15.841825,1444121,2.37,43,False,False,ReLU,EARLY_STOPPED,25.07909775,25.65113640,31.70817566,32,1.022809,False,"[""115.33730316"", ""67.62026978"", ""41.62478638"", ""38.18265533"", ""38.92229462"", ""36.50447845"", ""33.02243423"", ""31.17287445"", ""30.10695648"", ""30.60321426"", ""30.04503822"", ""30.65732384"", ""30.06956863"", ""28.99153519"", ""29.13984299"", ""28.98600006"", ""27.82794571"", ""26.79513931"", ""26.77462769"", ""26.93045425"", ""26.71306992"", ""26.06219292"", ""26.31570625"", ""26.49521255"", ""26.18111420"", ""25.88279915"", ""25.52303314"", ""25.20322227"", ""25.62125587"", ""25.67247200"", ""25.28364563"", ""25.22918320"", ""25.07909775"", ""25.53837967"", ""25.86281013"", ""25.69842911"", ""25.54873276"", ""25.70237541"", ""25.96437836"", ""25.96581650"", ""25.54204559"", ""25.48860359"", ""25.65113640""]",3,TrendAELG_WaveletV3AELG,8,learnable,,
resnet_skip_study_r3,TW16_skip8_learn,trendwav_distance_sweep,"['TrendAELG', 'WaveletV3AELG']",Tourism-Yearly,1,4,8,16,1,True,2,44,21.259203,3.055770,106468.296875,1206143418368.000000,nan,1.341460,15.264641,1444121,2.61,43,False,False,ReLU,EARLY_STOPPED,25.10724068,25.83078766,31.08211708,32,1.028818,False,"[""148.32713318"", ""103.37768555"", ""69.00169373"", ""46.45062637"", ""37.96509933"", ""38.52583694"", ""38.04218292"", ""35.04816437"", ""31.60550690"", ""31.38427162"", ""30.99120522"", ""29.88475037"", ""29.44357681"", ""28.86084366"", ""28.32646751"", ""27.54861069"", ""26.85038376"", ""26.71562195"", ""26.49956322"", ""26.56918144"", ""26.48354149"", ""26.56486893"", ""26.75979805"", ""26.50026131"", ""26.39815140"", ""26.30563164"", ""26.35868263"", ""26.00428200"", ""25.50290489"", ""25.43012238"", ""25.46519852"", ""25.30416870"", ""25.10724068"", ""25.42571449"", ""25.49919510"", ""25.64191246"", ""25.75232315"", ""25.68745232"", ""25.62261772"", ""25.66279221"", ""25.59295273"", ""25.80875778"", ""25.83078766""]",3,TrendAELG_WaveletV3AELG,8,learnable,,
resnet_skip_study_r3,TW16_skip8_learn,trendwav_distance_sweep,"['TrendAELG', 'WaveletV3AELG']",Tourism-Yearly,1,4,8,16,1,True,3,45,21.353161,3.093624,106707.984375,1181184032768.000000,nan,1.344309,15.357265,1444121,2.02,39,False,False,ReLU,EARLY_STOPPED,24.89475250,25.04290390,31.23576927,28,1.005951,False,"[""104.95950317"", ""63.34717178"", ""39.52738953"", ""34.68537140"", ""35.30795288"", ""32.86284256"", ""29.68704033"", ""30.05102348"", ""29.76683044"", ""30.74720001"", ""31.74553871"", ""31.15295410"", ""29.75304985"", ""28.43931389"", ""27.89811707"", ""26.71155930"", ""26.07058334"", ""26.06403542"", ""25.80798340"", ""26.07544136"", ""26.00208282"", ""25.38515282"", ""25.08028412"", ""25.09104538"", ""25.16290283"", ""25.21622467"", ""25.22949219"", ""24.99988747"", ""24.89475250"", ""24.90693283"", ""25.20737267"", ""25.32127762"", ""25.13106537"", ""25.10472488"", ""25.20186615"", ""25.12846565"", ""25.19517517"", ""25.24631310"", ""25.04290390""]",3,TrendAELG_WaveletV3AELG,8,learnable,,
resnet_skip_study_r3,TW16_skip8_learn,trendwav_distance_sweep,"['TrendAELG', 'WaveletV3AELG']",Tourism-Yearly,1,4,8,16,1,True,4,46,21.310034,3.042499,100098.492188,1009776721920.000000,nan,1.309654,13.635036,1444121,2.84,53,False,False,ReLU,EARLY_STOPPED,24.98929596,25.26147461,31.19379044,42,1.010892,False,"[""136.59928894"", ""90.36132050"", ""54.42201614"", ""37.16360092"", ""39.57938766"", ""41.82729721"", ""39.63400650"", ""35.72122955"", ""33.05613327"", ""32.34127808"", ""31.90213203"", ""32.18015289"", ""31.71775436"", ""29.97927666"", ""29.63488388"", ""29.63770866"", ""29.39905548"", ""28.36949921"", ""27.58703804"", ""28.49869156"", ""29.12488365"", ""28.25823402"", ""27.08390045"", ""27.56032944"", ""28.35878181"", ""28.60084152"", ""27.61134529"", ""26.48437309"", ""26.66144371"", ""26.86156845"", ""26.41957092"", ""26.12121773"", ""26.01944542"", ""25.57128716"", ""25.16823959"", ""25.33774376"", ""25.71405792"", ""25.60795593"", ""25.26431656"", ""25.41579819"", ""25.68139076"", ""25.45687866"", ""24.98929596"", ""25.00120735"", ""25.51334190"", ""25.63450241"", ""25.31567001"", ""25.18998337"", ""25.37042809"", ""25.57288742"", ""25.48036957"", ""25.19706154"", ""25.26147461""]",3,TrendAELG_WaveletV3AELG,8,learnable,,
