experiment,config_name,category,stack_types,period,frequency,forecast_length,backcast_length,n_stacks,n_blocks_per_stack,share_weights,run,seed,smape,mase,mae,mse,owa,norm_mae,norm_mse,n_params,t_width,training_time_seconds,epochs_trained,active_g,sum_losses,activation,stopping_reason,best_val_loss,final_val_loss,final_train_loss,best_epoch,loss_ratio,diverged,val_loss_curve,search_round,architecture,skip_distance_cfg,skip_alpha_cfg
resnet_skip_study_tourism_r1,GAELG10_no_skip,genAELG_baseline,['GenericAELG'],Tourism-Yearly,1,4,8,10,1,True,0,42,37.595642,6.368674,119605.226562,831886262272.000000,nan,2.653565,29.722891,1485120,256,0.96,10,False,False,ReLU,MAX_EPOCHS,38.02146149,38.02146149,48.15189362,9,1.000000,False,"[""164.69519043"", ""115.54824066"", ""68.81788635"", ""39.10476685"", ""48.80921173"", ""58.21619034"", ""57.42432404"", ""50.61940002"", ""42.34408569"", ""38.02146149""]",1,GenericAELG,0,none
resnet_skip_study_tourism_r1,GAELG10_no_skip,genAELG_baseline,['GenericAELG'],Tourism-Yearly,1,4,8,10,1,True,1,43,27.262814,4.001383,93164.773438,566997680128.000000,nan,1.633174,13.847414,1485120,256,0.46,10,False,False,ReLU,MAX_EPOCHS,34.54524994,34.54524994,41.81290436,9,1.000000,False,"[""134.74467468"", ""81.55158234"", ""42.76480865"", ""44.69522476"", ""53.96789169"", ""52.59267044"", ""44.84612274"", ""37.06647491"", ""34.58090591"", ""34.54524994""]",1,GenericAELG,0,none
resnet_skip_study_tourism_r1,GAELG10_no_skip,genAELG_baseline,['GenericAELG'],Tourism-Yearly,1,4,8,10,1,True,2,44,32.145641,5.008532,108038.187500,594315640832.000000,nan,2.131538,19.365891,1485120,256,0.50,10,False,False,ReLU,MAX_EPOCHS,34.83932495,35.20568466,43.10333252,8,1.010516,False,"[""138.38206482"", ""86.78919983"", ""46.52854538"", ""45.28073883"", ""54.38319397"", ""53.66798782"", ""46.49340439"", ""37.96813202"", ""34.83932495"", ""35.20568466""]",1,GenericAELG,0,none
resnet_skip_study_tourism_r1,GAELG20_no_skip,genAELG_baseline,['GenericAELG'],Tourism-Yearly,1,4,8,20,1,True,0,42,30.473890,4.987956,139747.015625,1468548907008.000000,nan,2.243759,37.054897,2970240,256,0.78,10,False,False,ReLU,MAX_EPOCHS,31.39660645,31.54725647,39.78138733,8,1.004798,False,"[""88.05777740"", ""36.48834229"", ""49.76938248"", ""48.43582916"", ""42.08544922"", ""40.92938614"", ""37.88250351"", ""32.23033905"", ""31.39660645"", ""31.54725647""]",1,GenericAELG,0,none
resnet_skip_study_tourism_r1,GAELG20_no_skip,genAELG_baseline,['GenericAELG'],Tourism-Yearly,1,4,8,20,1,True,1,43,26.764812,4.382905,110690.906250,1069264011264.000000,nan,1.967526,37.099190,2970240,256,0.82,10,False,False,ReLU,MAX_EPOCHS,32.07427979,32.07427979,44.21638107,9,1.000000,False,"[""108.43363953"", ""45.96857071"", ""51.93904114"", ""59.57139587"", ""52.36603165"", ""40.69744492"", ""34.74797821"", ""35.57750702"", ""35.18255997"", ""32.07427979""]",1,GenericAELG,0,none
resnet_skip_study_tourism_r1,GAELG20_no_skip,genAELG_baseline,['GenericAELG'],Tourism-Yearly,1,4,8,20,1,True,2,44,25.411373,3.724147,111121.023438,1034123345920.000000,nan,1.665056,19.173096,2970240,256,0.97,10,False,False,ReLU,MAX_EPOCHS,29.08699799,30.21031570,37.88957596,8,1.038619,False,"[""93.62263489"", ""46.29724503"", ""53.27299881"", ""52.19031525"", ""40.94591904"", ""36.08939362"", ""35.80147934"", ""32.60992813"", ""29.08699799"", ""30.21031570""]",1,GenericAELG,0,none
resnet_skip_study_tourism_r1,GAELG30_no_skip,genAELG_baseline,['GenericAELG'],Tourism-Yearly,1,4,8,30,1,True,0,42,69.888069,9.086651,252123.593750,4834255175680.000000,nan,4.026296,125.290092,4455360,256,1.08,10,False,False,ReLU,MAX_EPOCHS,70.71725464,70.71725464,80.23809814,9,1.000000,False,"[""86.54849243"", ""93.54813385"", ""94.27655792"", ""85.21798706"", ""77.21703339"", ""77.44673157"", ""77.25289917"", ""73.21336365"", ""73.69686127"", ""70.71725464""]",1,GenericAELG,0,none
resnet_skip_study_tourism_r1,GAELG30_no_skip,genAELG_baseline,['GenericAELG'],Tourism-Yearly,1,4,8,30,1,True,1,43,27.711470,4.806288,156159.750000,2335956533248.000000,nan,2.357935,71.161697,4455360,256,1.34,10,False,False,ReLU,MAX_EPOCHS,30.40916634,30.40916634,40.93970871,9,1.000000,False,"[""60.59407043"", ""49.35876465"", ""51.54348755"", ""39.58631516"", ""34.50721359"", ""34.07885361"", ""30.80489349"", ""31.79778290"", ""33.18165207"", ""30.40916634""]",1,GenericAELG,0,none
resnet_skip_study_tourism_r1,GAELG30_no_skip,genAELG_baseline,['GenericAELG'],Tourism-Yearly,1,4,8,30,1,True,2,44,28.568077,5.291598,160257.750000,2367618023424.000000,nan,2.540428,88.637444,4455360,256,1.36,10,False,False,ReLU,MAX_EPOCHS,32.11989594,32.11989594,42.60998535,9,1.000000,False,"[""84.94426727"", ""95.59439087"", ""98.12261200"", ""82.12601471"", ""53.68312454"", ""38.43714142"", ""33.19920731"", ""32.26265335"", ""32.90182114"", ""32.11989594""]",1,GenericAELG,0,none
resnet_skip_study_tourism_r1,GAELG10_skip5_learn,genAELG_control,['GenericAELG'],Tourism-Yearly,1,4,8,10,1,True,0,42,37.734787,6.399798,120723.257812,850738675712.000000,nan,2.665217,29.978376,1485121,256,0.52,10,False,False,ReLU,MAX_EPOCHS,38.15863800,38.15863800,48.11618042,9,1.000000,False,"[""164.56230164"", ""115.21854401"", ""68.43655396"", ""39.02093887"", ""48.90519714"", ""58.19087601"", ""57.36064911"", ""50.55230331"", ""42.36927414"", ""38.15863800""]",1,GenericAELG,5,learnable
resnet_skip_study_tourism_r1,GAELG10_skip5_learn,genAELG_control,['GenericAELG'],Tourism-Yearly,1,4,8,10,1,True,1,43,27.334707,4.015580,93449.359375,565364785152.000000,nan,1.640491,13.945910,1485121,256,0.58,10,False,False,ReLU,MAX_EPOCHS,34.48920441,34.48920441,41.86151505,9,1.000000,False,"[""134.52893066"", ""81.19281769"", ""42.58003235"", ""44.89957809"", ""54.23671722"", ""52.88694000"", ""45.14404297"", ""37.28793716"", ""34.63373947"", ""34.48920441""]",1,GenericAELG,5,learnable
resnet_skip_study_tourism_r1,GAELG10_skip5_learn,genAELG_control,['GenericAELG'],Tourism-Yearly,1,4,8,10,1,True,2,44,32.448109,5.078999,108995.312500,601375440896.000000,nan,2.161174,19.680653,1485121,256,0.52,10,False,False,ReLU,MAX_EPOCHS,34.87010956,35.11593246,43.13109970,8,1.007050,False,"[""138.05944824"", ""86.32405090"", ""46.28020096"", ""45.47872543"", ""54.69540787"", ""54.00064468"", ""46.84794617"", ""38.25252151"", ""34.87010956"", ""35.11593246""]",1,GenericAELG,5,learnable
resnet_skip_study_tourism_r1,GAELG20_skip5_a01,genAELG_depth_x_skip,['GenericAELG'],Tourism-Yearly,1,4,8,20,1,True,0,42,25.671595,4.010253,110041.929688,1010662178816.000000,nan,1.801769,27.003241,2970240,256,0.86,10,False,False,ReLU,MAX_EPOCHS,29.31503296,30.38997078,41.84254837,6,1.036668,False,"[""75.48927307"", ""37.82350540"", ""41.85112381"", ""36.32884216"", ""36.01833725"", ""33.59896088"", ""29.31503296"", ""32.29338837"", ""33.64031601"", ""30.38997078""]",1,GenericAELG,5,0.1
resnet_skip_study_tourism_r1,GAELG20_skip5_a01,genAELG_depth_x_skip,['GenericAELG'],Tourism-Yearly,1,4,8,20,1,True,1,43,26.110844,4.263783,103439.570312,970918199296.000000,nan,1.931887,35.560635,2970240,256,0.96,10,False,False,ReLU,MAX_EPOCHS,31.65980530,31.65980530,45.62253189,9,1.000000,False,"[""100.58364868"", ""41.77569580"", ""55.55382919"", ""60.11847305"", ""51.25679398"", ""40.48876953"", ""39.96625519"", ""39.75144958"", ""36.48638916"", ""31.65980530""]",1,GenericAELG,5,0.1
resnet_skip_study_tourism_r1,GAELG20_skip5_a01,genAELG_depth_x_skip,['GenericAELG'],Tourism-Yearly,1,4,8,20,1,True,2,44,25.305908,3.706688,118947.851562,1207072063488.000000,nan,1.671881,20.824545,2970240,256,0.80,10,False,False,ReLU,MAX_EPOCHS,28.63136292,32.33058929,37.11060333,8,1.129202,False,"[""84.68749237"", ""45.64942551"", ""51.70293427"", ""47.14545059"", ""37.86205292"", ""39.27227402"", ""38.59845352"", ""32.75118256"", ""28.63136292"", ""32.33058929""]",1,GenericAELG,5,0.1
resnet_skip_study_tourism_r1,GAELG20_skip5_learn,genAELG_depth_x_skip,['GenericAELG'],Tourism-Yearly,1,4,8,20,1,True,0,42,24.408800,3.877389,134625.484375,1699652567040.000000,nan,1.836096,35.034149,2970241,256,0.89,10,False,False,ReLU,MAX_EPOCHS,28.95766449,28.95766449,39.58651733,9,1.000000,False,"[""86.53936768"", ""36.37955856"", ""46.75901413"", ""44.98743057"", ""41.52616882"", ""39.38779449"", ""34.94570160"", ""31.07787323"", ""30.49711037"", ""28.95766449""]",1,GenericAELG,5,learnable
resnet_skip_study_tourism_r1,GAELG20_skip5_learn,genAELG_depth_x_skip,['GenericAELG'],Tourism-Yearly,1,4,8,20,1,True,1,43,34.819775,5.898385,105048.195312,516236050432.000000,nan,2.526991,38.152721,2970241,256,0.72,10,False,False,ReLU,MAX_EPOCHS,35.46394730,35.91675949,46.99357986,6,1.012768,False,"[""107.70981598"", ""45.45590973"", ""52.54254913"", ""60.92432785"", ""54.47670364"", ""42.97414017"", ""35.46394730"", ""36.71580887"", ""38.08819962"", ""35.91675949""]",1,GenericAELG,5,learnable
resnet_skip_study_tourism_r1,GAELG20_skip5_learn,genAELG_depth_x_skip,['GenericAELG'],Tourism-Yearly,1,4,8,20,1,True,2,44,24.710400,3.636059,108016.500000,1022263885824.000000,nan,1.615725,18.565567,2970241,256,0.96,10,False,False,ReLU,MAX_EPOCHS,29.56663895,30.07842827,38.41083527,8,1.017310,False,"[""92.50370026"", ""46.25098038"", ""53.06427002"", ""52.78824615"", ""42.37576294"", ""36.26894379"", ""35.68040085"", ""33.21493530"", ""29.56663895"", ""30.07842827""]",1,GenericAELG,5,learnable
resnet_skip_study_tourism_r1,GAELG30_skip5_a01,genAELG_depth_x_skip,['GenericAELG'],Tourism-Yearly,1,4,8,30,1,True,0,42,34.768311,6.356272,203980.500000,3925054849024.000000,nan,2.973748,92.898003,4455360,256,1.32,10,False,False,ReLU,MAX_EPOCHS,38.71469879,38.71469879,56.86634827,9,1.000000,False,"[""81.55395508"", ""95.40608215"", ""90.41704559"", ""83.32818604"", ""78.19718170"", ""73.67866516"", ""71.44948578"", ""59.65542603"", ""47.20308304"", ""38.71469879""]",1,GenericAELG,5,0.1
resnet_skip_study_tourism_r1,GAELG30_skip5_a01,genAELG_depth_x_skip,['GenericAELG'],Tourism-Yearly,1,4,8,30,1,True,1,43,31.202591,5.239558,139916.593750,1454867742720.000000,nan,2.422097,54.884548,4455360,256,1.22,10,False,False,ReLU,MAX_EPOCHS,33.07765579,33.14262390,43.92380142,7,1.001964,False,"[""49.93989944"", ""57.19320297"", ""57.29360580"", ""44.33193970"", ""40.57780838"", ""37.35123444"", ""33.69182205"", ""33.07765579"", ""34.50341415"", ""33.14262390""]",1,GenericAELG,5,0.1
resnet_skip_study_tourism_r1,GAELG30_skip5_a01,genAELG_depth_x_skip,['GenericAELG'],Tourism-Yearly,1,4,8,30,1,True,2,44,28.250477,4.871210,134929.406250,1634920169472.000000,nan,2.265716,65.565865,4455360,256,1.30,10,False,False,ReLU,MAX_EPOCHS,33.59822083,33.59822083,43.72089386,9,1.000000,False,"[""77.63047028"", ""100.42459106"", ""98.21600342"", ""87.10247803"", ""65.88113403"", ""49.07939911"", ""39.41415405"", ""35.90906143"", ""33.86441803"", ""33.59822083""]",1,GenericAELG,5,0.1
resnet_skip_study_tourism_r1,GAELG30_skip5_learn,genAELG_depth_x_skip,['GenericAELG'],Tourism-Yearly,1,4,8,30,1,True,0,42,69.967415,7.742320,199383.343750,3222418489344.000000,nan,3.269052,76.024086,4455361,256,1.11,10,False,False,ReLU,MAX_EPOCHS,72.63085938,73.73591614,80.14425659,8,1.015215,False,"[""84.49378204"", ""95.13731384"", ""98.44778442"", ""90.29649353"", ""80.20795441"", ""75.69720459"", ""76.56671143"", ""75.40289307"", ""72.63085938"", ""73.73591614""]",1,GenericAELG,5,learnable
resnet_skip_study_tourism_r1,GAELG30_skip5_learn,genAELG_depth_x_skip,['GenericAELG'],Tourism-Yearly,1,4,8,30,1,True,1,43,31.091850,5.501474,178134.437500,2627649142784.000000,nan,2.649964,83.226425,4455361,256,1.34,10,False,False,ReLU,MAX_EPOCHS,33.28560257,36.36124802,42.31898499,8,1.092402,False,"[""58.86130905"", ""50.53695297"", ""55.24231720"", ""45.55513382"", ""36.29012680"", ""35.64367294"", ""36.12764740"", ""33.56909943"", ""33.28560257"", ""36.36124802""]",1,GenericAELG,5,learnable
resnet_skip_study_tourism_r1,GAELG30_skip5_learn,genAELG_depth_x_skip,['GenericAELG'],Tourism-Yearly,1,4,8,30,1,True,2,44,31.535616,5.638392,134428.625000,1300623785984.000000,nan,2.599952,71.182983,4455361,256,1.12,10,False,False,ReLU,MAX_EPOCHS,32.00887299,32.28886795,42.98900223,7,1.008747,False,"[""83.82139587"", ""96.38920593"", ""100.81958771"", ""89.05568695"", ""58.02413177"", ""40.39787292"", ""33.99830246"", ""32.00887299"", ""32.96476364"", ""32.28886795""]",1,GenericAELG,5,learnable
resnet_skip_study_tourism_r1,GAELG30_skip10_learn,genAELG_distance_sweep,['GenericAELG'],Tourism-Yearly,1,4,8,30,1,True,0,42,50.943344,7.394111,205362.531250,3496824799232.000000,nan,3.221539,78.023956,4455361,256,1.21,10,False,False,ReLU,MAX_EPOCHS,53.33001709,53.33001709,73.98309326,9,1.000000,False,"[""85.86250305"", ""94.14537811"", ""95.49060059"", ""86.70543671"", ""78.13055420"", ""78.98616028"", ""80.13848877"", ""76.62070465"", ""67.35004425"", ""53.33001709""]",1,GenericAELG,10,learnable
resnet_skip_study_tourism_r1,GAELG30_skip10_learn,genAELG_distance_sweep,['GenericAELG'],Tourism-Yearly,1,4,8,30,1,True,1,43,26.704554,4.586076,107920.015625,1015293214720.000000,nan,2.101022,51.266361,4455361,256,1.23,10,False,False,ReLU,MAX_EPOCHS,30.89744186,31.20107079,42.43743134,6,1.009827,False,"[""59.91753387"", ""49.90396881"", ""52.61626816"", ""40.94105530"", ""33.92526627"", ""33.27213669"", ""30.89744186"", ""31.67297554"", ""34.38500977"", ""31.20107079""]",1,GenericAELG,10,learnable
resnet_skip_study_tourism_r1,GAELG30_skip10_learn,genAELG_distance_sweep,['GenericAELG'],Tourism-Yearly,1,4,8,30,1,True,2,44,27.765318,5.107163,153953.796875,2226009931776.000000,nan,2.472721,85.176353,4455361,256,1.24,10,False,False,ReLU,MAX_EPOCHS,31.74400902,31.74400902,42.77808380,9,1.000000,False,"[""84.52115631"", ""95.96772766"", ""98.96169281"", ""85.24057770"", ""55.40467453"", ""39.33289337"", ""33.43136215"", ""32.19134140"", ""32.85308456"", ""31.74400902""]",1,GenericAELG,10,learnable
resnet_skip_study_tourism_r1,TW8_no_skip,trendwav_baseline,"['TrendAELG', 'WaveletV3AELG']",Tourism-Yearly,1,4,8,8,1,True,0,42,34.562241,5.532981,123855.000000,936776171520.000000,nan,2.406209,23.760408,717964,256,0.50,10,False,False,ReLU,MAX_EPOCHS,33.71281433,33.71281433,43.79188538,9,1.000000,False,"[""164.97741699"", ""131.10614014"", ""99.24684906"", ""70.72201538"", ""49.22017288"", ""38.49751282"", ""37.05375290"", ""37.67135239"", ""36.56717682"", ""33.71281433""]",1,TrendAELG_WaveletV3AELG,0,none
resnet_skip_study_tourism_r1,TW8_no_skip,trendwav_baseline,"['TrendAELG', 'WaveletV3AELG']",Tourism-Yearly,1,4,8,8,1,True,1,43,30.839993,4.911346,106732.429688,758747561984.000000,nan,2.152902,27.619707,717964,256,0.45,10,False,False,ReLU,MAX_EPOCHS,34.21898270,38.84076309,45.70632553,6,1.135065,False,"[""178.28587341"", ""142.15156555"", ""109.31127167"", ""81.05178070"", ""58.41746902"", ""42.20858765"", ""34.21898270"", ""35.55431747"", ""38.59671783"", ""38.84076309""]",1,TrendAELG_WaveletV3AELG,0,none
resnet_skip_study_tourism_r1,TW8_no_skip,trendwav_baseline,"['TrendAELG', 'WaveletV3AELG']",Tourism-Yearly,1,4,8,8,1,True,2,44,40.315060,6.909027,147328.218750,1138077466624.000000,nan,2.974868,36.585110,717964,256,0.49,10,False,False,ReLU,MAX_EPOCHS,36.30601120,36.30601120,45.09433365,9,1.000000,False,"[""172.60331726"", ""140.90130615"", ""111.33072662"", ""84.54639435"", ""62.21749878"", ""46.28240204"", ""37.70068741"", ""36.40537262"", ""37.18687057"", ""36.30601120""]",1,TrendAELG_WaveletV3AELG,0,none
resnet_skip_study_tourism_r1,TW16_no_skip,trendwav_baseline,"['TrendAELG', 'WaveletV3AELG']",Tourism-Yearly,1,4,8,16,1,True,0,42,27.380594,4.056276,117432.867188,1133055967232.000000,nan,1.790642,22.508442,1435928,256,0.69,10,False,False,ReLU,MAX_EPOCHS,30.49931526,30.49931526,39.12120438,9,1.000000,False,"[""140.02503967"", ""94.16036224"", ""58.85193253"", ""37.80828476"", ""37.42737579"", ""41.67071152"", ""41.49113846"", ""37.72196579"", ""32.87277985"", ""30.49931526""]",1,TrendAELG_WaveletV3AELG,0,none
resnet_skip_study_tourism_r1,TW16_no_skip,trendwav_baseline,"['TrendAELG', 'WaveletV3AELG']",Tourism-Yearly,1,4,8,16,1,True,1,43,26.064074,3.952830,150538.656250,2085830000640.000000,nan,1.864419,36.276627,1435928,256,0.76,10,False,False,ReLU,MAX_EPOCHS,28.83380318,28.83380318,37.47391510,9,1.000000,False,"[""131.99227905"", ""86.71459198"", ""56.98964691"", ""40.27905273"", ""36.65557480"", ""37.78901291"", ""36.34884262"", ""32.82978439"", ""29.86208725"", ""28.83380318""]",1,TrendAELG_WaveletV3AELG,0,none
resnet_skip_study_tourism_r1,TW16_no_skip,trendwav_baseline,"['TrendAELG', 'WaveletV3AELG']",Tourism-Yearly,1,4,8,16,1,True,2,44,26.520247,3.828366,118876.367188,1223366410240.000000,nan,1.678281,20.189474,1435928,256,0.78,10,False,False,ReLU,MAX_EPOCHS,29.85354424,29.85354424,40.50994110,9,1.000000,False,"[""122.46253204"", ""79.49234772"", ""50.97383881"", ""37.14768219"", ""36.68265533"", ""37.55150223"", ""35.00968933"", ""32.05680084"", ""31.22311020"", ""29.85354424""]",1,TrendAELG_WaveletV3AELG,0,none
resnet_skip_study_tourism_r1,TW24_no_skip,trendwav_baseline,"['TrendAELG', 'WaveletV3AELG']",Tourism-Yearly,1,4,8,24,1,True,0,42,26.443327,4.212972,151606.437500,2296135024640.000000,nan,2.031208,51.791779,2153892,256,0.90,10,False,False,ReLU,MAX_EPOCHS,31.36877060,31.36877060,39.81177139,9,1.000000,False,"[""153.16430664"", ""93.51914215"", ""57.42087555"", ""38.85391998"", ""40.68831253"", ""43.28064728"", ""40.67543030"", ""35.43685532"", ""32.28599167"", ""31.36877060""]",1,TrendAELG_WaveletV3AELG,0,none
resnet_skip_study_tourism_r1,TW24_no_skip,trendwav_baseline,"['TrendAELG', 'WaveletV3AELG']",Tourism-Yearly,1,4,8,24,1,True,1,43,25.116310,3.883675,186300.734375,3392685473792.000000,nan,1.927897,51.758049,2153892,256,1.01,10,False,False,ReLU,MAX_EPOCHS,29.49282265,29.49282265,36.40531158,9,1.000000,False,"[""117.53800964"", ""69.44216156"", ""44.35725403"", ""36.68881226"", ""37.58644104"", ""36.23065948"", ""33.25998306"", ""30.69963455"", ""29.90512848"", ""29.49282265""]",1,TrendAELG_WaveletV3AELG,0,none
resnet_skip_study_tourism_r1,TW24_no_skip,trendwav_baseline,"['TrendAELG', 'WaveletV3AELG']",Tourism-Yearly,1,4,8,24,1,True,2,44,26.381403,4.350979,188499.203125,3602946981888.000000,nan,2.220669,74.840919,2153892,256,1.00,10,False,False,ReLU,MAX_EPOCHS,31.29699516,31.29699516,38.53718185,9,1.000000,False,"[""99.41505432"", ""56.23589706"", ""37.77812958"", ""37.49093628"", ""37.51963043"", ""35.29503632"", ""32.42903519"", ""31.98879051"", ""31.79561234"", ""31.29699516""]",1,TrendAELG_WaveletV3AELG,0,none
resnet_skip_study_tourism_r1,TW8_skip4_learn,trendwav_control,"['TrendAELG', 'WaveletV3AELG']",Tourism-Yearly,1,4,8,8,1,True,0,42,34.591740,5.536493,123952.718750,939421597696.000000,nan,2.404723,23.623886,717965,256,0.50,10,False,False,ReLU,MAX_EPOCHS,33.73564911,33.73564911,43.75483322,9,1.000000,False,"[""164.86557007"", ""130.89193726"", ""98.93595886"", ""70.34196472"", ""48.89418793"", ""38.35060120"", ""37.05383682"", ""37.69908142"", ""36.56847382"", ""33.73564911""]",1,TrendAELG_WaveletV3AELG,4,learnable
resnet_skip_study_tourism_r1,TW8_skip4_learn,trendwav_control,"['TrendAELG', 'WaveletV3AELG']",Tourism-Yearly,1,4,8,8,1,True,1,43,31.103069,4.968601,107594.054688,768590938112.000000,nan,2.179144,27.985065,717965,256,0.47,10,False,False,ReLU,MAX_EPOCHS,34.14097595,38.82194901,45.78584290,6,1.137107,False,"[""178.08055115"", ""141.81808472"", ""108.81671906"", ""80.47040558"", ""57.82593918"", ""41.75278091"", ""34.14097595"", ""35.71066284"", ""38.66817093"", ""38.82194901""]",1,TrendAELG_WaveletV3AELG,4,learnable
resnet_skip_study_tourism_r1,TW8_skip4_learn,trendwav_control,"['TrendAELG', 'WaveletV3AELG']",Tourism-Yearly,1,4,8,8,1,True,2,44,40.316723,6.933667,147550.656250,1144229855232.000000,nan,2.993283,37.886719,717965,256,0.51,10,False,False,ReLU,MAX_EPOCHS,36.37535477,36.37535477,45.23857117,9,1.000000,False,"[""172.63053894"", ""140.72412109"", ""111.00512695"", ""84.14206696"", ""61.79310226"", ""46.00312805"", ""37.67940521"", ""36.56130981"", ""37.34149170"", ""36.37535477""]",1,TrendAELG_WaveletV3AELG,4,learnable
resnet_skip_study_tourism_r1,TW16_skip4_a01,trendwav_depth_x_skip,"['TrendAELG', 'WaveletV3AELG']",Tourism-Yearly,1,4,8,16,1,True,0,42,26.840645,3.938506,110816.554688,983416373248.000000,nan,1.719065,19.862616,1435928,256,0.66,10,False,False,ReLU,MAX_EPOCHS,30.26886940,30.26886940,38.90589523,9,1.000000,False,"[""130.95394897"", ""81.44322968"", ""47.06044769"", ""34.52645111"", ""39.22324753"", ""41.56538391"", ""39.54100800"", ""35.28305435"", ""31.77383041"", ""30.26886940""]",1,TrendAELG_WaveletV3AELG,4,0.1
resnet_skip_study_tourism_r1,TW16_skip4_a01,trendwav_depth_x_skip,"['TrendAELG', 'WaveletV3AELG']",Tourism-Yearly,1,4,8,16,1,True,1,43,26.584360,3.912881,140433.765625,1777443536896.000000,nan,1.816159,30.108042,1435928,256,0.78,10,False,False,ReLU,MAX_EPOCHS,29.50024605,29.50024605,39.37018967,9,1.000000,False,"[""118.36490631"", ""71.85040283"", ""44.88325119"", ""36.36735916"", ""37.17311478"", ""36.39147949"", ""33.02258682"", ""31.92165184"", ""30.26840973"", ""29.50024605""]",1,TrendAELG_WaveletV3AELG,4,0.1
resnet_skip_study_tourism_r1,TW16_skip4_a01,trendwav_depth_x_skip,"['TrendAELG', 'WaveletV3AELG']",Tourism-Yearly,1,4,8,16,1,True,2,44,25.895342,3.812584,131201.640625,1470119411712.000000,nan,1.726357,23.215355,1435928,256,0.78,10,False,False,ReLU,MAX_EPOCHS,28.70178795,28.70178795,38.77981186,9,1.000000,False,"[""113.46952820"", ""68.01717377"", ""42.58338928"", ""36.33343124"", ""36.34104919"", ""34.55912018"", ""32.53392410"", ""31.59643936"", ""30.13961601"", ""28.70178795""]",1,TrendAELG_WaveletV3AELG,4,0.1
resnet_skip_study_tourism_r1,TW16_skip4_learn,trendwav_depth_x_skip,"['TrendAELG', 'WaveletV3AELG']",Tourism-Yearly,1,4,8,16,1,True,0,42,29.188919,4.476871,124972.671875,1192351367168.000000,nan,1.995983,26.441542,1435929,256,0.71,10,False,False,ReLU,MAX_EPOCHS,30.98037910,30.98037910,41.19084930,9,1.000000,False,"[""139.13104248"", ""92.77387238"", ""57.43823624"", ""37.21326828"", ""38.06707382"", ""43.01217651"", ""43.42045593"", ""40.13037872"", ""35.16126251"", ""30.98037910""]",1,TrendAELG_WaveletV3AELG,4,learnable
resnet_skip_study_tourism_r1,TW16_skip4_learn,trendwav_depth_x_skip,"['TrendAELG', 'WaveletV3AELG']",Tourism-Yearly,1,4,8,16,1,True,1,43,27.117825,4.048421,145858.343750,1911259398144.000000,nan,1.893565,34.023678,1435929,256,0.77,10,False,False,ReLU,MAX_EPOCHS,29.44101715,29.44101715,37.43262482,9,1.000000,False,"[""130.87664795"", ""85.26094818"", ""55.68278503"", ""39.74053574"", ""37.18529129"", ""38.72288895"", ""37.47744751"", ""34.05711746"", ""30.43809891"", ""29.44101715""]",1,TrendAELG_WaveletV3AELG,4,learnable
resnet_skip_study_tourism_r1,TW16_skip4_learn,trendwav_depth_x_skip,"['TrendAELG', 'WaveletV3AELG']",Tourism-Yearly,1,4,8,16,1,True,2,44,27.172657,3.958035,121128.500000,1257675554816.000000,nan,1.742017,22.314728,1435929,256,0.77,10,False,False,ReLU,MAX_EPOCHS,30.31040382,30.31040382,39.77437592,9,1.000000,False,"[""121.40312195"", ""78.03143311"", ""49.71879578"", ""36.87257385"", ""36.97515869"", ""37.91535187"", ""35.49319458"", ""32.66756058"", ""31.12944412"", ""30.31040382""]",1,TrendAELG_WaveletV3AELG,4,learnable
resnet_skip_study_tourism_r1,TW16_skip8_learn,trendwav_distance_sweep,"['TrendAELG', 'WaveletV3AELG']",Tourism-Yearly,1,4,8,16,1,True,0,42,27.690289,4.122929,118433.054688,1131654545408.000000,nan,1.823810,23.044785,1435929,256,0.70,10,False,False,ReLU,MAX_EPOCHS,30.55980301,30.55980301,39.50052261,9,1.000000,False,"[""139.74650574"", ""93.72341919"", ""58.38959885"", ""37.57724762"", ""37.65406036"", ""42.09309006"", ""41.99834061"", ""38.25730515"", ""33.31719208"", ""30.55980301""]",1,TrendAELG_WaveletV3AELG,8,learnable
resnet_skip_study_tourism_r1,TW16_skip8_learn,trendwav_distance_sweep,"['TrendAELG', 'WaveletV3AELG']",Tourism-Yearly,1,4,8,16,1,True,1,43,26.210094,3.977386,150534.187500,2075415150592.000000,nan,1.878195,36.489002,1435929,256,0.78,10,False,False,ReLU,MAX_EPOCHS,28.87351227,28.87351227,37.45047760,9,1.000000,False,"[""131.57199097"", ""86.18181610"", ""56.48994446"", ""40.02444077"", ""36.82554245"", ""38.07836914"", ""36.63109589"", ""33.07801056"", ""29.95534515"", ""28.87351227""]",1,TrendAELG_WaveletV3AELG,8,learnable
resnet_skip_study_tourism_r1,TW16_skip8_learn,trendwav_distance_sweep,"['TrendAELG', 'WaveletV3AELG']",Tourism-Yearly,1,4,8,16,1,True,2,44,26.579840,3.843630,119201.976562,1227350081536.000000,nan,1.685521,20.325930,1435929,256,0.80,10,False,False,ReLU,MAX_EPOCHS,29.81111145,29.81111145,40.37248230,9,1.000000,False,"[""122.01593018"", ""78.90931702"", ""50.46194839"", ""37.00524902"", ""36.82667160"", ""37.69235992"", ""35.14084625"", ""32.18816757"", ""31.20788574"", ""29.81111145""]",1,TrendAELG_WaveletV3AELG,8,learnable
resnet_skip_study_tourism_r1,TW24_skip4_a01,trendwav_depth_x_skip,"['TrendAELG', 'WaveletV3AELG']",Tourism-Yearly,1,4,8,24,1,True,0,42,26.503384,4.232546,151587.390625,2153666707456.000000,nan,2.037913,47.188633,2153892,256,1.00,10,False,False,ReLU,MAX_EPOCHS,30.42589951,30.42589951,38.35970688,9,1.000000,False,"[""148.99508667"", ""81.40213013"", ""45.84306717"", ""39.87264633"", ""42.11045074"", ""39.67120361"", ""35.21974564"", ""31.99689674"", ""30.89389801"", ""30.42589951""]",1,TrendAELG_WaveletV3AELG,4,0.1
resnet_skip_study_tourism_r1,TW24_skip4_a01,trendwav_depth_x_skip,"['TrendAELG', 'WaveletV3AELG']",Tourism-Yearly,1,4,8,24,1,True,1,43,25.360870,3.808518,155484.046875,2224127475712.000000,nan,1.788659,33.005398,2153892,256,0.98,10,False,False,ReLU,MAX_EPOCHS,28.43712044,28.43712044,37.04539108,9,1.000000,False,"[""103.34548950"", ""55.60525131"", ""38.77997208"", ""40.09586716"", ""39.90478516"", ""36.18627930"", ""32.77990723"", ""30.85532188"", ""29.48995590"", ""28.43712044""]",1,TrendAELG_WaveletV3AELG,4,0.1
resnet_skip_study_tourism_r1,TW24_skip4_a01,trendwav_depth_x_skip,"['TrendAELG', 'WaveletV3AELG']",Tourism-Yearly,1,4,8,24,1,True,2,44,26.867968,4.283686,174428.437500,2878595137536.000000,nan,2.141638,54.795704,2153892,256,1.10,10,False,False,ReLU,MAX_EPOCHS,30.06780243,30.06780243,37.25065994,9,1.000000,False,"[""81.78577423"", ""42.90248871"", ""38.14990616"", ""37.92881775"", ""35.94279099"", ""33.67856598"", ""32.00262070"", ""30.17853165"", ""30.30294991"", ""30.06780243""]",1,TrendAELG_WaveletV3AELG,4,0.1
resnet_skip_study_tourism_r1,TW24_skip4_learn,trendwav_depth_x_skip,"['TrendAELG', 'WaveletV3AELG']",Tourism-Yearly,1,4,8,24,1,True,0,42,28.710859,4.646316,159207.500000,2438030688256.000000,nan,2.266106,60.646294,2153893,256,0.90,10,False,False,ReLU,MAX_EPOCHS,32.05192566,32.05192566,40.20733643,9,1.000000,False,"[""152.11416626"", ""91.96902466"", ""56.17111206"", ""38.77094269"", ""41.28103638"", ""44.92801285"", ""43.67867279"", ""39.26662064"", ""34.29254150"", ""32.05192566""]",1,TrendAELG_WaveletV3AELG,4,learnable
resnet_skip_study_tourism_r1,TW24_skip4_learn,trendwav_depth_x_skip,"['TrendAELG', 'WaveletV3AELG']",Tourism-Yearly,1,4,8,24,1,True,1,43,26.366579,3.964540,175039.875000,2913801338880.000000,nan,1.940771,45.524330,2153893,256,1.07,10,False,False,ReLU,MAX_EPOCHS,29.90679169,29.90679169,39.50436020,9,1.000000,False,"[""115.89193726"", ""67.61689758"", ""43.61157990"", ""37.45352173"", ""38.63275146"", ""37.66016388"", ""34.51327515"", ""32.05006027"", ""31.19619751"", ""29.90679169""]",1,TrendAELG_WaveletV3AELG,4,learnable
resnet_skip_study_tourism_r1,TW24_skip4_learn,trendwav_depth_x_skip,"['TrendAELG', 'WaveletV3AELG']",Tourism-Yearly,1,4,8,24,1,True,2,44,26.533276,4.268841,159711.109375,2426749321216.000000,nan,2.049130,56.164783,2153893,256,0.95,10,False,False,ReLU,MAX_EPOCHS,30.27523994,30.77689362,36.55444717,8,1.016570,False,"[""97.29534149"", ""54.22734070"", ""37.47492981"", ""37.77335739"", ""38.30754852"", ""36.57396317"", ""33.63266754"", ""31.46854019"", ""30.27523994"", ""30.77689362""]",1,TrendAELG_WaveletV3AELG,4,learnable
resnet_skip_study_tourism_r1,TW24_skip8_learn,trendwav_distance_sweep,"['TrendAELG', 'WaveletV3AELG']",Tourism-Yearly,1,4,8,24,1,True,0,42,27.439440,4.316650,150573.343750,2260579123200.000000,nan,2.086341,53.171791,2153893,256,0.92,10,False,False,ReLU,MAX_EPOCHS,32.12221909,32.12221909,40.14225006,9,1.000000,False,"[""153.57116699"", ""93.43256378"", ""57.17265701"", ""38.78704834"", ""40.84872437"", ""43.75481796"", ""41.49891281"", ""36.48737717"", ""32.86510468"", ""32.12221909""]",1,TrendAELG_WaveletV3AELG,8,learnable
resnet_skip_study_tourism_r1,TW24_skip8_learn,trendwav_distance_sweep,"['TrendAELG', 'WaveletV3AELG']",Tourism-Yearly,1,4,8,24,1,True,1,43,26.101795,3.940913,180284.765625,3132511485952.000000,nan,1.919412,46.933933,2153893,256,1.08,10,False,False,ReLU,MAX_EPOCHS,30.06303978,30.06303978,37.75466537,9,1.000000,False,"[""116.85733795"", ""68.63496399"", ""43.90771866"", ""36.94768906"", ""37.77448273"", ""36.37670898"", ""33.32873154"", ""30.55039406"", ""30.39146614"", ""30.06303978""]",1,TrendAELG_WaveletV3AELG,8,learnable
resnet_skip_study_tourism_r1,TW24_skip8_learn,trendwav_distance_sweep,"['TrendAELG', 'WaveletV3AELG']",Tourism-Yearly,1,4,8,24,1,True,2,44,25.945511,4.185885,184296.984375,3427717611520.000000,nan,2.105258,65.597153,2153893,256,0.92,10,False,False,ReLU,MAX_EPOCHS,30.53832436,30.53832436,39.30079651,9,1.000000,False,"[""98.43467712"", ""55.22760010"", ""37.50612259"", ""37.65151596"", ""37.74158478"", ""35.64740372"", ""32.62135696"", ""33.02914429"", ""31.84959030"", ""30.53832436""]",1,TrendAELG_WaveletV3AELG,8,learnable
resnet_skip_study_tourism_r1,G30_no_skip,generic_legacy,['Generic'],Tourism-Yearly,1,4,8,30,1,True,0,42,27.643499,4.441214,185848.015625,3715152216064.000000,nan,2.280435,65.734032,23961600,256,3.11,10,False,False,ReLU,MAX_EPOCHS,32.17327881,33.49565887,39.93834305,8,1.041102,False,"[""143.74989319"", ""86.12274170"", ""120.14376831"", ""88.62025452"", ""63.88366318"", ""51.02776337"", ""42.81277847"", ""42.24674988"", ""32.17327881"", ""33.49565887""]",1,Generic,0,none
resnet_skip_study_tourism_r1,G30_no_skip,generic_legacy,['Generic'],Tourism-Yearly,1,4,8,30,1,True,1,43,24.443705,3.605243,120792.710938,1504439959552.000000,nan,1.528542,18.638969,23961600,256,3.41,10,False,False,ReLU,MAX_EPOCHS,29.34818840,29.34818840,37.62995911,9,1.000000,False,"[""123.16677856"", ""108.43079376"", ""44.85860443"", ""48.56398010"", ""38.20728683"", ""37.18502426"", ""32.89068222"", ""34.25279999"", ""29.49344254"", ""29.34818840""]",1,Generic,0,none
resnet_skip_study_tourism_r1,G30_no_skip,generic_legacy,['Generic'],Tourism-Yearly,1,4,8,30,1,True,2,44,28.683519,4.621202,237010.234375,6123547000832.000000,nan,2.424090,97.261131,23961600,256,2.18,10,False,False,ReLU,MAX_EPOCHS,34.54301453,40.09683990,59.55454636,4,1.160780,False,"[""102.36621094"", ""106.39731598"", ""55.87142181"", ""47.68936157"", ""34.54301453"", ""90.62030792"", ""60.59996414"", ""60.98023605"", ""52.00483704"", ""40.09683990""]",1,Generic,0,none
resnet_skip_study_tourism_r1,G30_skip5_a01,generic_legacy,['Generic'],Tourism-Yearly,1,4,8,30,1,True,0,42,34.271252,5.665029,204000.953125,3552283983872.000000,nan,2.643974,61.574501,23961600,256,3.56,10,False,False,ReLU,MAX_EPOCHS,38.08577728,38.08577728,49.80571747,9,1.000000,False,"[""124.82044983"", ""119.08887482"", ""143.40892029"", ""128.62548828"", ""99.40969086"", ""82.84992981"", ""64.49076843"", ""52.20218277"", ""41.84776688"", ""38.08577728""]",1,Generic,5,0.1
resnet_skip_study_tourism_r1,G30_skip5_a01,generic_legacy,['Generic'],Tourism-Yearly,1,4,8,30,1,True,1,43,23.280855,3.409689,129554.453125,1756709388288.000000,nan,1.506956,22.810162,23961600,256,4.18,10,False,False,ReLU,MAX_EPOCHS,29.04519081,29.04519081,37.23397064,9,1.000000,False,"[""129.21488953"", ""107.85584259"", ""57.08168793"", ""38.05289459"", ""38.58224869"", ""37.74319839"", ""35.79993057"", ""30.86145782"", ""30.02332497"", ""29.04519081""]",1,Generic,5,0.1
resnet_skip_study_tourism_r1,G30_skip5_a01,generic_legacy,['Generic'],Tourism-Yearly,1,4,8,30,1,True,2,44,24.233223,3.478991,106798.046875,984352227328.000000,nan,1.456519,13.699822,23961600,256,3.24,10,False,False,ReLU,MAX_EPOCHS,28.91371918,28.91371918,36.71586990,9,1.000000,False,"[""109.33626556"", ""110.96124268"", ""61.39390945"", ""46.43423843"", ""37.66610336"", ""39.68889618"", ""46.15896606"", ""31.68189621"", ""30.29695511"", ""28.91371918""]",1,Generic,5,0.1
resnet_skip_study_tourism_r1,G30_skip5_learn,generic_legacy,['Generic'],Tourism-Yearly,1,4,8,30,1,True,0,42,26.415962,4.122035,172931.875000,3269905088512.000000,nan,2.088864,55.276360,23961601,256,3.19,10,False,False,ReLU,MAX_EPOCHS,31.71028519,33.66327286,38.59985733,8,1.061588,False,"[""144.00686646"", ""84.79084015"", ""104.12533569"", ""93.94819641"", ""72.26338196"", ""57.59770966"", ""46.42985916"", ""37.26270676"", ""31.71028519"", ""33.66327286""]",1,Generic,5,learnable
resnet_skip_study_tourism_r1,G30_skip5_learn,generic_legacy,['Generic'],Tourism-Yearly,1,4,8,30,1,True,1,43,25.132114,3.722341,132694.328125,1695523274752.000000,nan,1.621390,22.123331,23961601,256,3.46,10,False,False,ReLU,MAX_EPOCHS,29.64061165,29.79237747,37.52778625,8,1.005120,False,"[""123.92571259"", ""108.37999725"", ""50.35290527"", ""39.93579483"", ""36.88848495"", ""35.59065628"", ""40.04948425"", ""32.37680435"", ""29.64061165"", ""29.79237747""]",1,Generic,5,learnable
resnet_skip_study_tourism_r1,G30_skip5_learn,generic_legacy,['Generic'],Tourism-Yearly,1,4,8,30,1,True,2,44,26.005775,4.125679,158055.250000,2666090987520.000000,nan,1.929016,39.709785,23961601,256,2.78,10,False,False,ReLU,MAX_EPOCHS,29.93870354,29.93870354,38.34933472,9,1.000000,False,"[""103.40750122"", ""109.44250488"", ""63.23494339"", ""48.99238205"", ""36.77409363"", ""42.41574860"", ""45.67772675"", ""40.01750183"", ""32.11993790"", ""29.93870354""]",1,Generic,5,learnable
resnet_skip_study_tourism_r1,G30_skip10_a01,generic_legacy,['Generic'],Tourism-Yearly,1,4,8,30,1,True,0,42,28.945736,4.552352,173264.812500,2856772173824.000000,nan,2.245477,50.111118,23961600,256,3.11,10,False,False,ReLU,MAX_EPOCHS,32.09215164,32.68377304,39.24565125,8,1.018435,False,"[""144.91781616"", ""99.58474731"", ""100.54560852"", ""100.96918488"", ""71.84188080"", ""58.48099518"", ""48.14944839"", ""39.44330597"", ""32.09215164"", ""32.68377304""]",1,Generic,10,0.1
resnet_skip_study_tourism_r1,G30_skip10_a01,generic_legacy,['Generic'],Tourism-Yearly,1,4,8,30,1,True,1,43,25.067362,3.937557,172558.578125,3073856765952.000000,nan,1.912844,46.425041,23961600,256,2.82,10,False,False,ReLU,MAX_EPOCHS,29.52715111,31.82329559,47.28778458,6,1.077764,False,"[""125.64067841"", ""96.10220337"", ""47.94796371"", ""34.28946686"", ""33.97975159"", ""42.26483536"", ""29.52715111"", ""38.69201279"", ""38.68948364"", ""31.82329559""]",1,Generic,10,0.1
resnet_skip_study_tourism_r1,G30_skip10_a01,generic_legacy,['Generic'],Tourism-Yearly,1,4,8,30,1,True,2,44,24.441528,3.572241,143087.203125,2178839085056.000000,nan,1.667888,30.483887,23961600,256,3.21,10,False,False,ReLU,MAX_EPOCHS,27.98644066,27.98644066,36.48885345,9,1.000000,False,"[""105.88128662"", ""113.34550476"", ""63.12748718"", ""47.65203476"", ""35.81234741"", ""54.46339417"", ""41.95031738"", ""33.47813416"", ""29.33776665"", ""27.98644066""]",1,Generic,10,0.1
resnet_skip_study_tourism_r1,G30_skip10_learn,generic_legacy,['Generic'],Tourism-Yearly,1,4,8,30,1,True,0,42,28.097301,4.557493,191432.093750,3929503170560.000000,nan,2.350045,70.598488,23961601,256,3.10,10,False,False,ReLU,MAX_EPOCHS,32.72577667,33.32646942,40.42732620,8,1.018355,False,"[""143.88540649"", ""84.36172485"", ""120.11581421"", ""88.44161987"", ""64.32820892"", ""51.69708633"", ""43.08486176"", ""41.86225891"", ""32.72577667"", ""33.32646942""]",1,Generic,10,learnable
resnet_skip_study_tourism_r1,G30_skip10_learn,generic_legacy,['Generic'],Tourism-Yearly,1,4,8,30,1,True,1,43,24.245226,3.572502,122630.921875,1544194621440.000000,nan,1.523020,18.866970,23961601,256,3.79,10,False,False,ReLU,MAX_EPOCHS,28.83653641,28.83653641,37.80966949,9,1.000000,False,"[""123.45729065"", ""106.24283600"", ""45.53795624"", ""43.97864532"", ""37.70331573"", ""35.80408096"", ""34.46703720"", ""29.80360603"", ""30.25195885"", ""28.83653641""]",1,Generic,10,learnable
resnet_skip_study_tourism_r1,G30_skip10_learn,generic_legacy,['Generic'],Tourism-Yearly,1,4,8,30,1,True,2,44,26.402685,3.825983,112423.320312,1093412388864.000000,nan,1.559729,13.819053,23961601,256,2.45,10,False,False,ReLU,MAX_EPOCHS,30.55573082,30.55573082,49.14176559,9,1.000000,False,"[""102.90602112"", ""108.08199310"", ""58.40257263"", ""48.50786209"", ""34.76136780"", ""77.06309509"", ""46.44262314"", ""49.58720016"", ""42.07267761"", ""30.55573082""]",1,Generic,10,learnable
resnet_skip_study_tourism_r2,GAELG20_skip5_a01,genAELG_depth_x_skip,['GenericAELG'],Tourism-Yearly,1,4,8,20,1,True,0,42,20.988340,3.109555,116014.179688,1472730234880.000000,nan,1.386352,18.876842,2970240,256,1.81,25,False,False,ReLU,MAX_EPOCHS,26.20088768,26.20088768,33.18887711,24,1.000000,False,"[""75.48927307"", ""37.82350540"", ""41.85112381"", ""36.32884216"", ""36.01833725"", ""33.59896088"", ""29.31503296"", ""32.29338837"", ""33.64031601"", ""30.38997078"", ""30.28896713"", ""31.47764587"", ""29.77068138"", ""28.08579254"", ""27.99913025"", ""27.44638634"", ""27.32052422"", ""26.59250450"", ""26.71543884"", ""26.96633911"", ""26.87194633"", ""26.66548157"", ""26.42815781"", ""26.25963402"", ""26.20088768""]",2,GenericAELG,5,0.1
resnet_skip_study_tourism_r2,GAELG20_skip5_a01,genAELG_depth_x_skip,['GenericAELG'],Tourism-Yearly,1,4,8,20,1,True,1,43,21.833633,3.398483,136536.421875,2002434523136.000000,nan,1.611063,31.081263,2970240,256,2.03,25,False,False,ReLU,MAX_EPOCHS,27.07432747,27.07432747,34.99038696,24,1.000000,False,"[""100.58364868"", ""41.77569580"", ""55.55382919"", ""60.11847305"", ""51.25679398"", ""40.48876953"", ""39.96625519"", ""39.75144958"", ""36.48638916"", ""31.65980530"", ""31.05997086"", ""33.56785965"", ""33.24170685"", ""30.74734116"", ""30.23531342"", ""30.53748703"", ""29.64261246"", ""29.45171356"", ""29.14214706"", ""28.05119133"", ""27.48378754"", ""27.37171555"", ""27.23429489"", ""27.11805916"", ""27.07432747""]",2,GenericAELG,5,0.1
resnet_skip_study_tourism_r2,GAELG20_skip5_a01,genAELG_depth_x_skip,['GenericAELG'],Tourism-Yearly,1,4,8,20,1,True,2,44,21.393805,3.221958,128444.875000,1732039802880.000000,nan,1.506599,24.728359,2970240,256,1.90,25,False,False,ReLU,MAX_EPOCHS,25.98082733,25.98082733,33.77008820,24,1.000000,False,"[""84.68749237"", ""45.64942551"", ""51.70293427"", ""47.14545059"", ""37.86205292"", ""39.27227402"", ""38.59845352"", ""32.75118256"", ""28.63136292"", ""32.33058929"", ""34.78060532"", ""33.85894012"", ""31.55881119"", ""30.48768997"", ""29.04799843"", ""28.42387581"", ""28.34438324"", ""27.37377930"", ""27.10480118"", ""26.72042465"", ""26.21868515"", ""26.09507370"", ""26.06115723"", ""26.00592613"", ""25.98082733""]",2,GenericAELG,5,0.1
resnet_skip_study_tourism_r2,GAELG20_skip5_learn,genAELG_depth_x_skip,['GenericAELG'],Tourism-Yearly,1,4,8,20,1,True,0,42,21.420395,3.179279,108767.289062,1251911401472.000000,nan,1.418696,17.836672,2970241,256,1.79,25,False,False,ReLU,MAX_EPOCHS,26.18770599,26.18770599,33.40444183,24,1.000000,False,"[""86.53936768"", ""36.37955856"", ""46.75901413"", ""44.98743057"", ""41.52616882"", ""39.38779449"", ""34.94570160"", ""31.07787323"", ""30.49711037"", ""28.95766449"", ""30.03635406"", ""30.22886848"", ""30.08138466"", ""29.68747711"", ""28.68572807"", ""27.36569023"", ""27.01367188"", ""26.95464516"", ""27.53870201"", ""27.49627304"", ""26.81735802"", ""26.40628815"", ""26.28453636"", ""26.20695877"", ""26.18770599""]",2,GenericAELG,5,learnable
resnet_skip_study_tourism_r2,GAELG20_skip5_learn,genAELG_depth_x_skip,['GenericAELG'],Tourism-Yearly,1,4,8,20,1,True,1,43,23.062815,3.680685,144620.937500,2155645239296.000000,nan,1.792687,38.857327,2970241,256,1.82,25,False,False,ReLU,MAX_EPOCHS,27.31200218,27.31200218,35.58640671,24,1.000000,False,"[""107.70981598"", ""45.45590973"", ""52.54254913"", ""60.92432785"", ""54.47670364"", ""42.97414017"", ""35.46394730"", ""36.71580887"", ""38.08819962"", ""35.91675949"", ""31.92571640"", ""32.71503067"", ""35.44464111"", ""34.11837387"", ""30.33191872"", ""29.33658409"", ""30.23479843"", ""29.62693024"", ""28.11385345"", ""27.53059578"", ""27.86417389"", ""27.80039597"", ""27.53765297"", ""27.36296654"", ""27.31200218""]",2,GenericAELG,5,learnable
resnet_skip_study_tourism_r2,GAELG20_skip5_learn,genAELG_depth_x_skip,['GenericAELG'],Tourism-Yearly,1,4,8,20,1,True,2,44,20.573698,3.022607,122090.656250,1616466542592.000000,nan,1.365541,20.245012,2970241,256,1.84,25,False,False,ReLU,MAX_EPOCHS,25.32865334,25.40702820,31.99014282,20,1.003094,False,"[""92.50370026"", ""46.25098038"", ""53.06427002"", ""52.78824615"", ""42.37576294"", ""36.26894379"", ""35.68040085"", ""33.21493530"", ""29.56663895"", ""30.07842827"", ""31.81614304"", ""31.32516479"", ""30.07412529"", ""28.85779381"", ""27.60369873"", ""26.84696007"", ""26.65524483"", ""26.12659264"", ""25.90276527"", ""25.59527397"", ""25.32865334"", ""25.45971298"", ""25.46822166"", ""25.42652130"", ""25.40702820""]",2,GenericAELG,5,learnable
resnet_skip_study_tourism_r2,TW16_no_skip,trendwav_baseline,"['TrendAELG', 'WaveletV3AELG']",Tourism-Yearly,1,4,8,16,1,True,0,42,21.894802,3.194808,130861.640625,1857195999232.000000,nan,1.477986,24.276476,1435928,256,1.63,25,False,False,ReLU,MAX_EPOCHS,25.98529434,25.98529434,32.81012344,24,1.000000,False,"[""140.02503967"", ""94.16036224"", ""58.85193253"", ""37.80828476"", ""37.42737579"", ""41.67071152"", ""41.49113846"", ""37.72196579"", ""32.87277985"", ""30.49931526"", ""30.38674927"", ""30.35138512"", ""30.64994431"", ""31.15733337"", ""31.10524750"", ""30.12797928"", ""28.95218658"", ""28.06212616"", ""27.39979362"", ""26.81036949"", ""26.42582321"", ""26.17895889"", ""26.07163429"", ""26.00870705"", ""25.98529434""]",2,TrendAELG_WaveletV3AELG,0,none
resnet_skip_study_tourism_r2,TW16_no_skip,trendwav_baseline,"['TrendAELG', 'WaveletV3AELG']",Tourism-Yearly,1,4,8,16,1,True,1,43,21.000288,3.032313,109518.742188,1276299182080.000000,nan,1.335585,17.046820,1435928,256,1.73,25,False,False,ReLU,MAX_EPOCHS,25.18462563,25.18462563,31.81374931,24,1.000000,False,"[""131.99227905"", ""86.71459198"", ""56.98964691"", ""40.27905273"", ""36.65557480"", ""37.78901291"", ""36.34884262"", ""32.82978439"", ""29.86208725"", ""28.83380318"", ""28.97034073"", ""29.37733841"", ""29.05525780"", ""28.22257042"", ""27.61111641"", ""27.02243042"", ""26.41903687"", ""25.96195412"", ""25.54167747"", ""25.59272957"", ""25.60002136"", ""25.42135429"", ""25.27597809"", ""25.20714188"", ""25.18462563""]",2,TrendAELG_WaveletV3AELG,0,none
resnet_skip_study_tourism_r2,TW16_no_skip,trendwav_baseline,"['TrendAELG', 'WaveletV3AELG']",Tourism-Yearly,1,4,8,16,1,True,2,44,21.650150,3.121571,122932.664062,1645314572288.000000,nan,1.398243,20.292299,1435928,256,1.78,25,False,False,ReLU,MAX_EPOCHS,25.38231659,25.38231659,32.00202179,24,1.000000,False,"[""122.46253204"", ""79.49234772"", ""50.97383881"", ""37.14768219"", ""36.68265533"", ""37.55150223"", ""35.00968933"", ""32.05680084"", ""31.22311020"", ""29.85354424"", ""28.82316971"", ""28.77420425"", ""28.72694397"", ""28.31594086"", ""28.28821564"", ""27.94573593"", ""27.32638931"", ""27.09752846"", ""26.66520691"", ""26.09394455"", ""25.66566467"", ""25.52486610"", ""25.47236633"", ""25.41230011"", ""25.38231659""]",2,TrendAELG_WaveletV3AELG,0,none
resnet_skip_study_tourism_r2,TW16_skip4_a01,trendwav_depth_x_skip,"['TrendAELG', 'WaveletV3AELG']",Tourism-Yearly,1,4,8,16,1,True,0,42,21.992607,3.224620,133827.109375,1907177029632.000000,nan,1.471390,24.242790,1435928,256,1.52,25,False,False,ReLU,MAX_EPOCHS,26.09158134,26.09158134,32.98126602,24,1.000000,False,"[""130.95394897"", ""81.44322968"", ""47.06044769"", ""34.52645111"", ""39.22324753"", ""41.56538391"", ""39.54100800"", ""35.28305435"", ""31.77383041"", ""30.26886940"", ""29.91254616"", ""30.33596802"", ""30.26962280"", ""30.12314415"", ""30.17969131"", ""30.22359085"", ""29.45203209"", ""28.40559387"", ""27.48522186"", ""26.99410629"", ""26.70682144"", ""26.42720985"", ""26.22274208"", ""26.11981964"", ""26.09158134""]",2,TrendAELG_WaveletV3AELG,4,0.1
resnet_skip_study_tourism_r2,TW16_skip4_a01,trendwav_depth_x_skip,"['TrendAELG', 'WaveletV3AELG']",Tourism-Yearly,1,4,8,16,1,True,1,43,21.917183,3.178341,126449.398438,1677926989824.000000,nan,1.449051,21.335390,1435928,256,1.64,25,False,False,ReLU,MAX_EPOCHS,25.34140015,25.42813683,32.09211349,20,1.003423,False,"[""118.36490631"", ""71.85040283"", ""44.88325119"", ""36.36735916"", ""37.17311478"", ""36.39147949"", ""33.02258682"", ""31.92165184"", ""30.26840973"", ""29.50024605"", ""29.20117950"", ""30.33900261"", ""30.72454834"", ""29.98806190"", ""28.84870529"", ""27.85279846"", ""26.81754494"", ""26.28304291"", ""25.94702911"", ""25.48278809"", ""25.34140015"", ""25.39438820"", ""25.42020607"", ""25.42998886"", ""25.42813683""]",2,TrendAELG_WaveletV3AELG,4,0.1
resnet_skip_study_tourism_r2,TW16_skip4_a01,trendwav_depth_x_skip,"['TrendAELG', 'WaveletV3AELG']",Tourism-Yearly,1,4,8,16,1,True,2,44,22.390944,3.226216,126274.148438,1735974322176.000000,nan,1.438201,20.574770,1435928,256,1.72,25,False,False,ReLU,MAX_EPOCHS,25.80433846,25.80433846,32.12887573,24,1.000000,False,"[""113.46952820"", ""68.01717377"", ""42.58338928"", ""36.33343124"", ""36.34104919"", ""34.55912018"", ""32.53392410"", ""31.59643936"", ""30.13961601"", ""28.70178795"", ""29.21853638"", ""29.53591347"", ""29.18120384"", ""28.42947006"", ""27.59363365"", ""27.12607384"", ""26.65776253"", ""26.59795952"", ""26.53990364"", ""26.28446198"", ""26.02242279"", ""25.86036110"", ""25.82939529"", ""25.82552338"", ""25.80433846""]",2,TrendAELG_WaveletV3AELG,4,0.1
resnet_skip_study_tourism_r2,TW16_skip4_learn,trendwav_depth_x_skip,"['TrendAELG', 'WaveletV3AELG']",Tourism-Yearly,1,4,8,16,1,True,0,42,22.152172,3.239921,130294.406250,1808363945984.000000,nan,1.496061,24.025398,1435929,256,1.59,25,False,False,ReLU,MAX_EPOCHS,26.25237656,26.25237656,33.24750519,24,1.000000,False,"[""139.13104248"", ""92.77387238"", ""57.43823624"", ""37.21326828"", ""38.06707382"", ""43.01217651"", ""43.42045593"", ""40.13037872"", ""35.16126251"", ""30.98037910"", ""30.67812920"", ""30.70208359"", ""31.18689728"", ""31.57678032"", ""32.11735153"", ""31.55835533"", ""30.19720078"", ""28.75029182"", ""27.72347069"", ""27.34179497"", ""26.92076492"", ""26.54769707"", ""26.36235619"", ""26.27833176"", ""26.25237656""]",2,TrendAELG_WaveletV3AELG,4,learnable
resnet_skip_study_tourism_r2,TW16_skip4_learn,trendwav_depth_x_skip,"['TrendAELG', 'WaveletV3AELG']",Tourism-Yearly,1,4,8,16,1,True,1,43,21.423101,3.109537,114129.421875,1406609522688.000000,nan,1.388695,19.127146,1435929,256,1.73,25,False,False,ReLU,MAX_EPOCHS,25.49129677,25.49129677,32.30485153,24,1.000000,False,"[""130.87664795"", ""85.26094818"", ""55.68278503"", ""39.74053574"", ""37.18529129"", ""38.72288895"", ""37.47744751"", ""34.05711746"", ""30.43809891"", ""29.44101715"", ""29.06739044"", ""29.70581627"", ""30.42099190"", ""29.75559807"", ""28.41707993"", ""27.37213898"", ""26.58651161"", ""26.08638954"", ""25.93819237"", ""25.76720428"", ""25.62902069"", ""25.59083366"", ""25.55263329"", ""25.50721550"", ""25.49129677""]",2,TrendAELG_WaveletV3AELG,4,learnable
resnet_skip_study_tourism_r2,TW16_skip4_learn,trendwav_depth_x_skip,"['TrendAELG', 'WaveletV3AELG']",Tourism-Yearly,1,4,8,16,1,True,2,44,21.674559,3.120162,120821.414062,1588717813760.000000,nan,1.401493,19.515951,1435929,256,1.85,25,False,False,ReLU,MAX_EPOCHS,25.37466240,25.37466240,32.06203461,24,1.000000,False,"[""121.40312195"", ""78.03143311"", ""49.71879578"", ""36.87257385"", ""36.97515869"", ""37.91535187"", ""35.49319458"", ""32.66756058"", ""31.12944412"", ""30.31040382"", ""29.18464851"", ""29.05427551"", ""29.12726021"", ""28.82243729"", ""28.36166954"", ""27.96468735"", ""27.64167213"", ""27.17764664"", ""26.45938110"", ""25.89575005"", ""25.83012009"", ""25.66551781"", ""25.48661232"", ""25.40130043"", ""25.37466240""]",2,TrendAELG_WaveletV3AELG,4,learnable
resnet_skip_study_tourism_r2,TW16_skip8_learn,trendwav_distance_sweep,"['TrendAELG', 'WaveletV3AELG']",Tourism-Yearly,1,4,8,16,1,True,0,42,21.864132,3.185249,129732.632812,1817133711360.000000,nan,1.468740,23.646862,1435929,256,1.63,25,False,False,ReLU,MAX_EPOCHS,25.98792267,25.98792267,32.92348099,24,1.000000,False,"[""139.74650574"", ""93.72341919"", ""58.38959885"", ""37.57724762"", ""37.65406036"", ""42.09309006"", ""41.99834061"", ""38.25730515"", ""33.31719208"", ""30.55980301"", ""30.05939484"", ""30.34123993"", ""30.56867981"", ""31.01713562"", ""30.98369026"", ""29.92969131"", ""28.68400574"", ""27.89099121"", ""27.51579666"", ""26.97906494"", ""26.57075310"", ""26.30075455"", ""26.10452461"", ""26.01302910"", ""25.98792267""]",2,TrendAELG_WaveletV3AELG,8,learnable
resnet_skip_study_tourism_r2,TW16_skip8_learn,trendwav_distance_sweep,"['TrendAELG', 'WaveletV3AELG']",Tourism-Yearly,1,4,8,16,1,True,1,43,21.783491,3.190311,129409.367188,1788334833664.000000,nan,1.469383,24.088461,1435929,256,1.82,25,False,False,ReLU,MAX_EPOCHS,25.50171852,25.50171852,32.53887177,24,1.000000,False,"[""131.57199097"", ""86.18181610"", ""56.48994446"", ""40.02444077"", ""36.82554245"", ""38.07836914"", ""36.63109589"", ""33.07801056"", ""29.95534515"", ""28.87351227"", ""28.96117592"", ""29.36749077"", ""29.67967033"", ""28.84623337"", ""28.17229652"", ""27.78167725"", ""27.42531586"", ""26.87241745"", ""26.50134659"", ""26.15164757"", ""25.98449898"", ""25.81403542"", ""25.62658119"", ""25.52513123"", ""25.50171852""]",2,TrendAELG_WaveletV3AELG,8,learnable
resnet_skip_study_tourism_r2,TW16_skip8_learn,trendwav_distance_sweep,"['TrendAELG', 'WaveletV3AELG']",Tourism-Yearly,1,4,8,16,1,True,2,44,21.621063,3.104647,115861.320312,1476208492544.000000,nan,1.382930,18.433157,1435929,256,1.83,25,False,False,ReLU,MAX_EPOCHS,25.36064339,25.36064339,32.10988617,24,1.000000,False,"[""122.01593018"", ""78.90931702"", ""50.46194839"", ""37.00524902"", ""36.82667160"", ""37.69235992"", ""35.14084625"", ""32.18816757"", ""31.20788574"", ""29.81111145"", ""28.79392433"", ""28.74761200"", ""28.68157959"", ""28.48119354"", ""28.01192093"", ""27.66627693"", ""27.15451813"", ""26.58078003"", ""26.00028229"", ""25.53351593"", ""25.47319221"", ""25.49366570"", ""25.43688965"", ""25.37824249"", ""25.36064339""]",2,TrendAELG_WaveletV3AELG,8,learnable
resnet_skip_study_tourism_r2,TW24_skip4_a01,trendwav_depth_x_skip,"['TrendAELG', 'WaveletV3AELG']",Tourism-Yearly,1,4,8,24,1,True,0,42,23.090801,3.477987,141633.875000,2239078072320.000000,nan,1.640035,31.307337,2153892,256,2.19,25,False,False,ReLU,MAX_EPOCHS,26.77321053,26.77321053,33.75869370,24,1.000000,False,"[""148.99508667"", ""81.40213013"", ""45.84306717"", ""39.87264633"", ""42.11045074"", ""39.67120361"", ""35.21974564"", ""31.99689674"", ""30.89389801"", ""30.42589951"", ""29.65388870"", ""29.86566925"", ""30.69064331"", ""31.30854416"", ""30.39146423"", ""28.64103317"", ""27.77647400"", ""28.37528038"", ""28.66448975"", ""28.22270966"", ""27.55638885"", ""27.05092812"", ""26.87354469"", ""26.79776192"", ""26.77321053""]",2,TrendAELG_WaveletV3AELG,4,0.1
resnet_skip_study_tourism_r2,TW24_skip4_a01,trendwav_depth_x_skip,"['TrendAELG', 'WaveletV3AELG']",Tourism-Yearly,1,4,8,24,1,True,1,43,22.607016,3.352361,127762.562500,1680499277824.000000,nan,1.553660,24.338375,2153892,256,2.18,25,False,False,ReLU,MAX_EPOCHS,26.22909164,26.22909164,33.47513199,24,1.000000,False,"[""103.34548950"", ""55.60525131"", ""38.77997208"", ""40.09586716"", ""39.90478516"", ""36.18627930"", ""32.77990723"", ""30.85532188"", ""29.48995590"", ""28.43712044"", ""30.02758598"", ""29.98999596"", ""30.45796204"", ""29.60848236"", ""28.27102470"", ""27.86719894"", ""28.04154205"", ""28.03862381"", ""27.54947281"", ""27.15205002"", ""26.80717087"", ""26.49166489"", ""26.32877541"", ""26.26165962"", ""26.22909164""]",2,TrendAELG_WaveletV3AELG,4,0.1
resnet_skip_study_tourism_r2,TW24_skip4_a01,trendwav_depth_x_skip,"['TrendAELG', 'WaveletV3AELG']",Tourism-Yearly,1,4,8,24,1,True,2,44,21.520697,3.101502,105776.820312,1260800311296.000000,nan,1.358281,14.943398,2153892,256,2.46,25,False,False,ReLU,MAX_EPOCHS,25.96113396,25.96113396,32.67911911,24,1.000000,False,"[""81.78577423"", ""42.90248871"", ""38.14990616"", ""37.92881775"", ""35.94279099"", ""33.67856598"", ""32.00262070"", ""30.17853165"", ""30.30294991"", ""30.06780243"", ""29.33815956"", ""28.83055878"", ""28.35449791"", ""27.89150429"", ""27.23835182"", ""27.09947014"", ""26.73729706"", ""26.85224915"", ""26.95792007"", ""26.73405647"", ""26.38702393"", ""26.21572113"", ""26.11458015"", ""26.00434494"", ""25.96113396""]",2,TrendAELG_WaveletV3AELG,4,0.1
resnet_skip_study_tourism_r2,TW24_skip4_learn,trendwav_depth_x_skip,"['TrendAELG', 'WaveletV3AELG']",Tourism-Yearly,1,4,8,24,1,True,0,42,22.362999,3.441705,125159.523438,1731223748608.000000,nan,1.618040,30.743771,2153893,256,2.29,25,False,False,ReLU,MAX_EPOCHS,26.30935669,26.30935669,33.54174805,24,1.000000,False,"[""152.11416626"", ""91.96902466"", ""56.17111206"", ""38.77094269"", ""41.28103638"", ""44.92801285"", ""43.67867279"", ""39.26662064"", ""34.29254150"", ""32.05192566"", ""32.01037216"", ""32.81710052"", ""33.40397644"", ""32.98930359"", ""31.36507607"", ""29.46787262"", ""28.15683746"", ""27.41860390"", ""27.06896400"", ""26.89637756"", ""26.87043190"", ""26.62312317"", ""26.42702103"", ""26.32937813"", ""26.30935669""]",2,TrendAELG_WaveletV3AELG,4,learnable
resnet_skip_study_tourism_r2,TW24_skip4_learn,trendwav_depth_x_skip,"['TrendAELG', 'WaveletV3AELG']",Tourism-Yearly,1,4,8,24,1,True,1,43,21.150911,3.050793,105997.007812,1200393682944.000000,nan,1.332920,16.845623,2153893,256,2.27,25,False,False,ReLU,MAX_EPOCHS,25.27260780,25.27260780,32.03584671,24,1.000000,False,"[""115.89193726"", ""67.61689758"", ""43.61157990"", ""37.45352173"", ""38.63275146"", ""37.66016388"", ""34.51327515"", ""32.05006027"", ""31.19619751"", ""29.90679169"", ""29.37706375"", ""29.88850212"", ""29.67864037"", ""28.42890358"", ""27.17377472"", ""26.60492325"", ""26.17020607"", ""25.75954819"", ""25.85929298"", ""25.63616562"", ""25.46138191"", ""25.47151184"", ""25.43158150"", ""25.31993484"", ""25.27260780""]",2,TrendAELG_WaveletV3AELG,4,learnable
resnet_skip_study_tourism_r2,TW24_skip4_learn,trendwav_depth_x_skip,"['TrendAELG', 'WaveletV3AELG']",Tourism-Yearly,1,4,8,24,1,True,2,44,21.994907,3.348760,95218.593750,985564708864.000000,nan,1.478091,20.871832,2153893,256,2.40,25,False,False,ReLU,MAX_EPOCHS,26.05679703,26.05679703,33.12622452,24,1.000000,False,"[""97.29534149"", ""54.22734070"", ""37.47492981"", ""37.77335739"", ""38.30754852"", ""36.57396317"", ""33.63266754"", ""31.46854019"", ""30.27523994"", ""30.77689362"", ""30.42423439"", ""29.68777084"", ""28.48413277"", ""27.96934319"", ""27.28151894"", ""26.63175392"", ""27.15835953"", ""27.05655479"", ""26.61285400"", ""26.56007195"", ""26.35085678"", ""26.15691185"", ""26.10314751"", ""26.08160019"", ""26.05679703""]",2,TrendAELG_WaveletV3AELG,4,learnable
resnet_skip_study_tourism_r2,TW24_skip8_learn,trendwav_distance_sweep,"['TrendAELG', 'WaveletV3AELG']",Tourism-Yearly,1,4,8,24,1,True,0,42,22.316509,3.445883,128670.085938,1845048246272.000000,nan,1.629205,32.692154,2153893,256,2.29,25,False,False,ReLU,MAX_EPOCHS,26.50079727,26.50079727,33.69419861,24,1.000000,False,"[""153.57116699"", ""93.43256378"", ""57.17265701"", ""38.78704834"", ""40.84872437"", ""43.75481796"", ""41.49891281"", ""36.48737717"", ""32.86510468"", ""32.12221909"", ""32.08245468"", ""33.07500458"", ""33.78723145"", ""32.93322372"", ""31.12064552"", ""29.64923477"", ""28.16524506"", ""27.62987900"", ""27.42925262"", ""27.09730911"", ""26.84493637"", ""26.63388634"", ""26.58666992"", ""26.52179527"", ""26.50079727""]",2,TrendAELG_WaveletV3AELG,8,learnable
resnet_skip_study_tourism_r2,TW24_skip8_learn,trendwav_distance_sweep,"['TrendAELG', 'WaveletV3AELG']",Tourism-Yearly,1,4,8,24,1,True,1,43,20.963221,3.021158,101509.968750,1092202725376.000000,nan,1.307110,15.412472,2153893,256,2.45,25,False,False,ReLU,MAX_EPOCHS,25.39180183,25.39180183,32.28934479,24,1.000000,False,"[""116.85733795"", ""68.63496399"", ""43.90771866"", ""36.94768906"", ""37.77448273"", ""36.37670898"", ""33.32873154"", ""30.55039406"", ""30.39146614"", ""30.06303978"", ""29.93206978"", ""30.32994843"", ""29.62331200"", ""27.99563980"", ""27.27054977"", ""26.48871231"", ""26.10174942"", ""26.03486443"", ""25.93292236"", ""25.67786598"", ""25.46123886"", ""25.48163795"", ""25.46855545"", ""25.42088890"", ""25.39180183""]",2,TrendAELG_WaveletV3AELG,8,learnable
resnet_skip_study_tourism_r2,TW24_skip8_learn,trendwav_distance_sweep,"['TrendAELG', 'WaveletV3AELG']",Tourism-Yearly,1,4,8,24,1,True,2,44,22.502094,3.366642,103788.976562,1232425844736.000000,nan,1.503451,20.826073,2153893,256,2.11,25,False,False,ReLU,MAX_EPOCHS,26.93293762,26.93293762,34.36151123,24,1.000000,False,"[""98.43467712"", ""55.22760010"", ""37.50612259"", ""37.65151596"", ""37.74158478"", ""35.64740372"", ""32.62135696"", ""33.02914429"", ""31.84959030"", ""30.53832436"", ""31.92319107"", ""31.65983582"", ""30.74587631"", ""30.04815292"", ""29.54205894"", ""28.78443336"", ""28.31570435"", ""27.81579590"", ""27.09328270"", ""27.30843735"", ""27.63636398"", ""27.44488144"", ""27.20255470"", ""26.98983002"", ""26.93293762""]",2,TrendAELG_WaveletV3AELG,8,learnable
resnet_skip_study_tourism_r2,G30_skip5_a01,generic_legacy,['Generic'],Tourism-Yearly,1,4,8,30,1,True,0,42,21.130531,3.134493,126812.382812,1682367184896.000000,nan,1.428349,22.037300,23961600,256,7.06,25,False,False,ReLU,MAX_EPOCHS,25.04052734,25.04052734,31.56374931,24,1.000000,False,"[""124.82044983"", ""119.08887482"", ""143.40892029"", ""128.62548828"", ""99.40969086"", ""82.84992981"", ""64.49076843"", ""52.20218277"", ""41.84776688"", ""38.08577728"", ""31.37106323"", ""35.47433472"", ""31.73357201"", ""29.10313606"", ""29.52150345"", ""26.98197365"", ""25.68700981"", ""27.06779480"", ""26.24090958"", ""26.69136429"", ""25.95178413"", ""25.51823616"", ""25.33080864"", ""25.11654282"", ""25.04052734""]",2,Generic,5,0.1
resnet_skip_study_tourism_r2,G30_skip5_a01,generic_legacy,['Generic'],Tourism-Yearly,1,4,8,30,1,True,1,43,21.257988,3.105541,118888.953125,1500907175936.000000,nan,1.370804,18.318933,23961600,256,7.53,25,False,False,ReLU,MAX_EPOCHS,25.82751846,25.82751846,31.10688591,24,1.000000,False,"[""129.21488953"", ""107.85584259"", ""57.08168793"", ""38.05289459"", ""38.58224869"", ""37.74319839"", ""35.79993057"", ""30.86145782"", ""30.02332497"", ""29.04519081"", ""27.11281776"", ""28.16501617"", ""27.96153450"", ""26.74784279"", ""26.13004684"", ""26.36302185"", ""25.94035912"", ""25.92986488"", ""26.50688934"", ""26.37570190"", ""26.34154892"", ""26.08019638"", ""25.83802032"", ""25.83179855"", ""25.82751846""]",2,Generic,5,0.1
resnet_skip_study_tourism_r2,G30_skip5_a01,generic_legacy,['Generic'],Tourism-Yearly,1,4,8,30,1,True,2,44,21.198027,3.125077,136143.296875,2083719479296.000000,nan,1.435781,25.028112,23961600,256,5.56,25,False,False,ReLU,MAX_EPOCHS,26.05054665,26.15617752,31.29524231,16,1.004055,False,"[""109.33626556"", ""110.96124268"", ""61.39390945"", ""46.43423843"", ""37.66610336"", ""39.68889618"", ""46.15896606"", ""31.68189621"", ""30.29695511"", ""28.91371918"", ""27.53225899"", ""28.56050110"", ""27.36559296"", ""26.59267998"", ""27.50767708"", ""27.09019852"", ""26.05054665"", ""26.58134079"", ""26.18375397"", ""26.20100594"", ""26.40526199"", ""26.31148148"", ""26.29608536"", ""26.21403885"", ""26.15617752""]",2,Generic,5,0.1
resnet_skip_study_tourism_r2,G30_skip5_learn,generic_legacy,['Generic'],Tourism-Yearly,1,4,8,30,1,True,0,42,21.067596,3.069444,110483.289062,1202515607552.000000,nan,1.337604,15.551298,23961601,256,6.35,25,False,False,ReLU,MAX_EPOCHS,25.24256706,25.24256706,32.05842972,24,1.000000,False,"[""144.00686646"", ""84.79084015"", ""104.12533569"", ""93.94819641"", ""72.26338196"", ""57.59770966"", ""46.42985916"", ""37.26270676"", ""31.71028519"", ""33.66327286"", ""33.11797714"", ""31.95385361"", ""29.87898254"", ""26.35687256"", ""34.39012909"", ""32.91859818"", ""27.18439674"", ""26.66910934"", ""25.47565460"", ""25.87009048"", ""26.26789474"", ""25.74376678"", ""25.39598083"", ""25.28308296"", ""25.24256706""]",2,Generic,5,learnable
resnet_skip_study_tourism_r2,G30_skip5_learn,generic_legacy,['Generic'],Tourism-Yearly,1,4,8,30,1,True,1,43,20.425289,2.932904,107280.046875,1276425535488.000000,nan,1.278239,14.505298,23961601,256,6.54,25,False,False,ReLU,MAX_EPOCHS,25.72579002,25.72579002,32.01362610,24,1.000000,False,"[""123.92571259"", ""108.37999725"", ""50.35290527"", ""39.93579483"", ""36.88848495"", ""35.59065628"", ""40.04948425"", ""32.37680435"", ""29.64061165"", ""29.79237747"", ""27.60610199"", ""30.40920830"", ""29.42977333"", ""28.69131470"", ""28.24953270"", ""26.39899635"", ""27.76667213"", ""28.33619499"", ""26.19121742"", ""26.47546577"", ""26.93037033"", ""26.60232735"", ""26.09470749"", ""25.80801201"", ""25.72579002""]",2,Generic,5,learnable
resnet_skip_study_tourism_r2,G30_skip5_learn,generic_legacy,['Generic'],Tourism-Yearly,1,4,8,30,1,True,2,44,21.417112,3.126312,127964.093750,1761288388608.000000,nan,1.417608,21.037374,23961601,256,6.19,25,False,False,ReLU,MAX_EPOCHS,25.22403908,25.27727509,31.38586044,22,1.002111,False,"[""103.40750122"", ""109.44250488"", ""63.23494339"", ""48.99238205"", ""36.77409363"", ""42.41574860"", ""45.67772675"", ""40.01750183"", ""32.11993790"", ""29.93870354"", ""29.60641098"", ""27.74883842"", ""27.87244034"", ""27.29123497"", ""25.63489914"", ""25.79154587"", ""27.30952835"", ""27.51660919"", ""26.98837280"", ""26.30461693"", ""25.62797356"", ""25.30046654"", ""25.22403908"", ""25.27941704"", ""25.27727509""]",2,Generic,5,learnable
resnet_skip_study_tourism_r2,G30_skip10_a01,generic_legacy,['Generic'],Tourism-Yearly,1,4,8,30,1,True,0,42,21.031301,3.038772,116745.218750,1323996807168.000000,nan,1.356111,15.746761,23961600,256,5.10,25,False,False,ReLU,MAX_EPOCHS,25.10683823,25.54174042,31.80886269,18,1.017322,False,"[""144.91781616"", ""99.58474731"", ""100.54560852"", ""100.96918488"", ""71.84188080"", ""58.48099518"", ""48.14944839"", ""39.44330597"", ""32.09215164"", ""32.68377304"", ""33.45670319"", ""34.45027924"", ""29.97501564"", ""27.23049736"", ""28.88780785"", ""27.33307838"", ""28.18456841"", ""27.29093361"", ""25.10683823"", ""26.00103951"", ""26.26348114"", ""25.83850098"", ""25.62936592"", ""25.57553673"", ""25.54174042""]",2,Generic,10,0.1
resnet_skip_study_tourism_r2,G30_skip10_a01,generic_legacy,['Generic'],Tourism-Yearly,1,4,8,30,1,True,1,43,21.598261,3.121299,127722.375000,1740763037696.000000,nan,1.422839,21.879074,23961600,256,5.48,25,False,False,ReLU,MAX_EPOCHS,25.32475853,25.37755394,31.85557747,21,1.002085,False,"[""125.64067841"", ""96.10220337"", ""47.94796371"", ""34.28946686"", ""33.97975159"", ""42.26483536"", ""29.52715111"", ""38.69201279"", ""38.68948364"", ""31.82329559"", ""41.29671097"", ""34.41432571"", ""29.56393433"", ""29.13209724"", ""26.93001938"", ""27.50764275"", ""28.00837708"", ""25.84348297"", ""25.85142326"", ""26.29296875"", ""25.73213959"", ""25.32475853"", ""25.35730934"", ""25.37194824"", ""25.37755394""]",2,Generic,10,0.1
resnet_skip_study_tourism_r2,G30_skip10_a01,generic_legacy,['Generic'],Tourism-Yearly,1,4,8,30,1,True,2,44,21.188475,3.096953,125434.046875,1764780408832.000000,nan,1.407604,21.747797,23961600,256,5.78,25,False,False,ReLU,MAX_EPOCHS,25.34593391,25.34593391,31.33336830,24,1.000000,False,"[""105.88128662"", ""113.34550476"", ""63.12748718"", ""47.65203476"", ""35.81234741"", ""54.46339417"", ""41.95031738"", ""33.47813416"", ""29.33776665"", ""27.98644066"", ""30.17725945"", ""29.85132599"", ""28.64676094"", ""26.37270737"", ""27.07178307"", ""27.25488472"", ""25.76908493"", ""26.70665741"", ""26.70577812"", ""26.56742096"", ""26.42124557"", ""25.81777954"", ""25.45769882"", ""25.35935402"", ""25.34593391""]",2,Generic,10,0.1
resnet_skip_study_tourism_r3,TW16_no_skip,trendwav_baseline,"['TrendAELG', 'WaveletV3AELG']",Tourism-Yearly,1,4,8,16,1,True,0,42,21.219385,3.055417,107715.890625,1207793090560.000000,nan,1.342497,16.160887,1435928,256,2.51,46,False,False,ReLU,EARLY_STOPPED,25.29872894,25.72452164,31.22872162,35,1.016831,False,"[""140.02503967"", ""94.16036224"", ""58.85193253"", ""37.80828476"", ""37.42737579"", ""41.67071152"", ""41.49113846"", ""37.72196579"", ""32.87277985"", ""30.49931526"", ""30.38674927"", ""30.35138512"", ""30.64994431"", ""31.15733337"", ""31.10524750"", ""30.12797928"", ""28.93979645"", ""28.00475693"", ""27.23628235"", ""26.74443817"", ""26.25741577"", ""26.36829948"", ""26.20186806"", ""25.96551514"", ""27.19140434"", ""27.94808197"", ""27.34904671"", ""26.12804794"", ""25.67449570"", ""25.59729576"", ""25.34024048"", ""25.62017059"", ""25.96614075"", ""25.98768425"", ""25.63067627"", ""25.29872894"", ""25.34570122"", ""25.35639763"", ""25.74013710"", ""25.97852707"", ""25.83760643"", ""25.61256790"", ""25.59763718"", ""25.57470131"", ""25.71461105"", ""25.72452164""]",3,TrendAELG_WaveletV3AELG,0,none
resnet_skip_study_tourism_r3,TW16_no_skip,trendwav_baseline,"['TrendAELG', 'WaveletV3AELG']",Tourism-Yearly,1,4,8,16,1,True,1,43,20.970758,3.062589,109857.898438,1261560922112.000000,nan,1.345427,16.791031,1435928,256,2.29,41,False,False,ReLU,EARLY_STOPPED,24.78018188,25.01176262,31.27764702,30,1.009345,False,"[""131.99227905"", ""86.71459198"", ""56.98964691"", ""40.27905273"", ""36.65557480"", ""37.78901291"", ""36.34884262"", ""32.82978439"", ""29.86208725"", ""28.83380318"", ""28.97034073"", ""29.37733841"", ""29.05525780"", ""28.22257042"", ""27.61111641"", ""27.02243042"", ""26.41283226"", ""25.96994591"", ""25.48238564"", ""25.87352943"", ""25.93482780"", ""25.39282417"", ""25.43187523"", ""25.42666245"", ""25.30683517"", ""25.80826950"", ""26.04310799"", ""25.49421120"", ""25.07039261"", ""25.00568008"", ""24.78018188"", ""25.03281784"", ""25.15047264"", ""24.85522079"", ""25.00295067"", ""25.27516747"", ""25.04200935"", ""24.94578934"", ""25.28032684"", ""25.25879669"", ""25.01176262""]",3,TrendAELG_WaveletV3AELG,0,none
resnet_skip_study_tourism_r3,TW16_no_skip,trendwav_baseline,"['TrendAELG', 'WaveletV3AELG']",Tourism-Yearly,1,4,8,16,1,True,2,44,21.622095,3.093899,100733.468750,1007120547840.000000,nan,1.329657,12.771490,1435928,256,2.71,44,False,False,ReLU,EARLY_STOPPED,24.95456696,25.58549690,30.95655823,33,1.025283,False,"[""122.46253204"", ""79.49234772"", ""50.97383881"", ""37.14768219"", ""36.68265533"", ""37.55150223"", ""35.00968933"", ""32.05680084"", ""31.22311020"", ""29.85354424"", ""28.82316971"", ""28.77420425"", ""28.72694397"", ""28.31594086"", ""28.28821564"", ""27.94573593"", ""27.33157921"", ""27.09113121"", ""26.53150558"", ""25.74597549"", ""25.97922897"", ""26.07549667"", ""25.81805801"", ""25.63803101"", ""25.79924774"", ""26.34977150"", ""26.24178314"", ""25.68785286"", ""25.56350327"", ""25.37349510"", ""25.44463348"", ""25.54628754"", ""25.17749977"", ""24.95456696"", ""25.04032898"", ""25.10891533"", ""25.33641243"", ""25.37717438"", ""25.29411316"", ""25.34665680"", ""25.41555214"", ""25.51598930"", ""25.51430511"", ""25.58549690""]",3,TrendAELG_WaveletV3AELG,0,none
resnet_skip_study_tourism_r3,TW16_no_skip,trendwav_baseline,"['TrendAELG', 'WaveletV3AELG']",Tourism-Yearly,1,4,8,16,1,True,3,45,21.229076,3.079538,111357.851562,1284436393984.000000,nan,1.354416,17.206812,1435928,256,2.25,39,False,False,ReLU,EARLY_STOPPED,24.86101913,25.27900124,31.36637878,28,1.016813,False,"[""108.49170685"", ""67.79866791"", ""42.63602066"", ""33.75118256"", ""36.41535187"", ""36.79444885"", ""34.28916168"", ""32.13695908"", ""31.60752678"", ""31.18989563"", ""30.71628189"", ""30.41469955"", ""29.70064545"", ""29.14554787"", ""27.90511894"", ""26.68463516"", ""25.91615677"", ""25.89728165"", ""25.82088661"", ""25.85950470"", ""26.43582153"", ""26.36054230"", ""25.92135620"", ""25.95955467"", ""25.98600006"", ""25.87514877"", ""25.54688835"", ""25.13877106"", ""24.86101913"", ""25.08965492"", ""25.22611618"", ""25.08761597"", ""25.23415375"", ""25.24834633"", ""25.07524109"", ""25.10509872"", ""25.14519310"", ""25.09171104"", ""25.27900124""]",3,TrendAELG_WaveletV3AELG,0,none
resnet_skip_study_tourism_r3,TW16_no_skip,trendwav_baseline,"['TrendAELG', 'WaveletV3AELG']",Tourism-Yearly,1,4,8,16,1,True,4,46,21.488272,3.096751,117170.789062,1472523796480.000000,nan,1.385780,18.530531,1435928,256,2.22,37,False,False,ReLU,EARLY_STOPPED,25.24797630,25.83698654,31.52000046,26,1.023329,False,"[""134.59742737"", ""90.56677246"", ""57.84407806"", ""39.21347809"", ""36.51665497"", ""37.31428528"", ""35.58673477"", ""33.07393265"", ""32.50115967"", ""32.05168152"", ""31.20681572"", ""31.48757744"", ""30.86953545"", ""29.16870117"", ""28.14726830"", ""27.49453735"", ""26.81177330"", ""26.63553047"", ""26.23060989"", ""26.52461243"", ""26.50798607"", ""26.18273735"", ""26.41280365"", ""26.38700294"", ""25.96681404"", ""25.46492767"", ""25.24797630"", ""25.34718132"", ""25.73836136"", ""25.86565971"", ""25.55744553"", ""25.38821983"", ""25.52472115"", ""25.67093658"", ""25.99741745"", ""26.09556580"", ""25.83698654""]",3,TrendAELG_WaveletV3AELG,0,none
resnet_skip_study_tourism_r3,TW16_skip4_a01,trendwav_depth_x_skip,"['TrendAELG', 'WaveletV3AELG']",Tourism-Yearly,1,4,8,16,1,True,0,42,21.148325,3.043003,111648.382812,1312506773504.000000,nan,1.343094,16.758471,1435928,256,2.51,47,False,False,ReLU,EARLY_STOPPED,25.08949089,25.79901505,30.85736656,36,1.028280,False,"[""130.95394897"", ""81.44322968"", ""47.06044769"", ""34.52645111"", ""39.22324753"", ""41.56538391"", ""39.54100800"", ""35.28305435"", ""31.77383041"", ""30.26886940"", ""29.91254616"", ""30.33596802"", ""30.26962280"", ""30.12314415"", ""30.17969131"", ""30.22359085"", ""29.43640327"", ""28.36023331"", ""27.31843567"", ""26.88474274"", ""26.53875923"", ""25.94512749"", ""25.44833183"", ""25.29975510"", ""25.93277740"", ""26.16200066"", ""26.06430626"", ""25.93013000"", ""25.85280609"", ""25.57137871"", ""25.34191513"", ""25.14555168"", ""25.23893738"", ""25.44957352"", ""25.49879265"", ""25.24781609"", ""25.08949089"", ""25.19853973"", ""25.42266846"", ""25.65621185"", ""25.77962875"", ""25.77380753"", ""25.80763054"", ""25.74733162"", ""25.83940887"", ""25.84648132"", ""25.79901505""]",3,TrendAELG_WaveletV3AELG,4,0.1
resnet_skip_study_tourism_r3,TW16_skip4_a01,trendwav_depth_x_skip,"['TrendAELG', 'WaveletV3AELG']",Tourism-Yearly,1,4,8,16,1,True,1,43,20.991226,3.050986,112852.414062,1331176144896.000000,nan,1.353351,17.054668,1435928,256,2.62,47,False,False,ReLU,EARLY_STOPPED,24.97102928,25.40302849,30.92822456,36,1.017300,False,"[""118.36490631"", ""71.85040283"", ""44.88325119"", ""36.36735916"", ""37.17311478"", ""36.39147949"", ""33.02258682"", ""31.92165184"", ""30.26840973"", ""29.50024605"", ""29.20117950"", ""30.33900261"", ""30.72454834"", ""29.98806190"", ""28.84870529"", ""27.85279846"", ""26.79585266"", ""26.26827049"", ""25.89405251"", ""25.66928482"", ""26.00585556"", ""26.09947586"", ""26.84512520"", ""27.22223473"", ""26.65623665"", ""25.82030869"", ""25.72092056"", ""25.67815208"", ""25.49369431"", ""25.30695724"", ""25.65689468"", ""25.98455048"", ""25.69920349"", ""25.17831612"", ""25.10323524"", ""25.01252556"", ""24.97102928"", ""25.17021942"", ""25.42677498"", ""25.36955261"", ""25.22676659"", ""25.21787071"", ""25.21964073"", ""25.33191109"", ""25.45635605"", ""25.47705078"", ""25.40302849""]",3,TrendAELG_WaveletV3AELG,4,0.1
resnet_skip_study_tourism_r3,TW16_skip4_a01,trendwav_depth_x_skip,"['TrendAELG', 'WaveletV3AELG']",Tourism-Yearly,1,4,8,16,1,True,2,44,21.178093,3.032693,96155.070312,942768062464.000000,nan,1.288854,11.842645,1435928,256,2.38,40,False,False,ReLU,EARLY_STOPPED,25.12400818,25.35131645,31.05185318,29,1.009047,False,"[""113.46952820"", ""68.01717377"", ""42.58338928"", ""36.33343124"", ""36.34104919"", ""34.55912018"", ""32.53392410"", ""31.59643936"", ""30.13961601"", ""28.70178795"", ""29.21853638"", ""29.53591347"", ""29.18120384"", ""28.42947006"", ""27.59363365"", ""27.12607384"", ""26.66438293"", ""26.59922218"", ""26.57909775"", ""26.24080849"", ""26.19747543"", ""26.42602921"", ""25.91202164"", ""25.42113686"", ""25.27983856"", ""25.27835083"", ""25.31301117"", ""25.32501793"", ""25.21889114"", ""25.12400818"", ""25.19088745"", ""25.39091492"", ""25.38340378"", ""25.32065201"", ""25.31956673"", ""25.32699203"", ""25.25178719"", ""25.20066833"", ""25.31554985"", ""25.35131645""]",3,TrendAELG_WaveletV3AELG,4,0.1
resnet_skip_study_tourism_r3,TW16_skip4_a01,trendwav_depth_x_skip,"['TrendAELG', 'WaveletV3AELG']",Tourism-Yearly,1,4,8,16,1,True,3,45,21.346769,3.091398,107815.304688,1225370238976.000000,nan,1.358177,16.186493,1435928,256,2.46,42,False,False,ReLU,EARLY_STOPPED,24.92889023,25.22027588,31.11569023,31,1.011689,False,"[""100.56222534"", ""57.79030991"", ""36.41416550"", ""36.72691345"", ""38.72798538"", ""36.83453369"", ""33.55947876"", ""31.44179535"", ""30.49407578"", ""30.48743629"", ""29.97139740"", ""29.74967575"", ""28.47755051"", ""27.15992546"", ""26.65554237"", ""26.34692764"", ""26.15160561"", ""25.71781540"", ""25.76099014"", ""25.82903290"", ""26.00747108"", ""26.11199379"", ""25.71442986"", ""25.64568138"", ""25.99916840"", ""26.26336288"", ""25.96696091"", ""25.62579727"", ""25.64393616"", ""25.61135292"", ""25.21439743"", ""24.92889023"", ""25.05268097"", ""25.07478523"", ""24.99879074"", ""25.16914368"", ""25.23216820"", ""25.05282402"", ""25.28055000"", ""25.41246414"", ""25.14440155"", ""25.22027588""]",3,TrendAELG_WaveletV3AELG,4,0.1
resnet_skip_study_tourism_r3,TW16_skip4_a01,trendwav_depth_x_skip,"['TrendAELG', 'WaveletV3AELG']",Tourism-Yearly,1,4,8,16,1,True,4,46,21.680056,3.102895,110384.000000,1290601627648.000000,nan,1.362344,16.614643,1435928,256,2.11,36,False,False,ReLU,EARLY_STOPPED,25.05210114,25.52569771,31.26052284,25,1.018904,False,"[""127.68246460"", ""80.04518890"", ""48.22550583"", ""36.58246231"", ""37.14850998"", ""36.75500870"", ""34.41180038"", ""32.65064240"", ""31.56919098"", ""30.17560768"", ""29.95573044"", ""29.43247032"", ""28.86465263"", ""27.71487808"", ""26.84351540"", ""26.89545059"", ""27.03551674"", ""26.97270775"", ""26.32165337"", ""26.17672729"", ""26.15717888"", ""26.26078033"", ""26.27504158"", ""25.96217918"", ""25.35993767"", ""25.05210114"", ""25.16421700"", ""25.06068611"", ""25.06319618"", ""25.29576683"", ""25.41856766"", ""25.22123528"", ""25.15006447"", ""25.24179268"", ""25.34707260"", ""25.52569771""]",3,TrendAELG_WaveletV3AELG,4,0.1
resnet_skip_study_tourism_r3,TW16_skip4_learn,trendwav_depth_x_skip,"['TrendAELG', 'WaveletV3AELG']",Tourism-Yearly,1,4,8,16,1,True,0,42,21.395138,3.100681,112070.343750,1318747373568.000000,nan,1.365667,17.520891,1435929,256,2.53,46,False,False,ReLU,EARLY_STOPPED,25.25017166,25.82759285,31.20401001,35,1.022868,False,"[""139.13104248"", ""92.77387238"", ""57.43823624"", ""37.21326828"", ""38.06707382"", ""43.01217651"", ""43.42045593"", ""40.13037872"", ""35.16126251"", ""30.98037910"", ""30.67812920"", ""30.70208359"", ""31.18689728"", ""31.57678032"", ""32.11735153"", ""31.55835533"", ""30.16402054"", ""28.62816811"", ""27.52110291"", ""27.14363670"", ""26.40501595"", ""26.38033104"", ""26.47359085"", ""26.19050980"", ""26.59719086"", ""26.91065025"", ""26.83340263"", ""26.21830940"", ""25.92832184"", ""25.92093658"", ""25.91790771"", ""26.24100494"", ""26.44658470"", ""26.39937019"", ""25.73012924"", ""25.25017166"", ""25.38459396"", ""25.45068932"", ""25.72544289"", ""25.75026703"", ""25.52445602"", ""25.41608810"", ""25.60062408"", ""25.68313980"", ""25.80140495"", ""25.82759285""]",3,TrendAELG_WaveletV3AELG,4,learnable
resnet_skip_study_tourism_r3,TW16_skip4_learn,trendwav_depth_x_skip,"['TrendAELG', 'WaveletV3AELG']",Tourism-Yearly,1,4,8,16,1,True,1,43,21.160278,3.077967,106351.468750,1178806779904.000000,nan,1.345136,15.806789,1435929,256,2.38,42,False,False,ReLU,EARLY_STOPPED,24.88634682,25.07225037,31.20293236,31,1.007470,False,"[""130.87664795"", ""85.26094818"", ""55.68278503"", ""39.74053574"", ""37.18529129"", ""38.72288895"", ""37.47744751"", ""34.05711746"", ""30.43809891"", ""29.44101715"", ""29.06739044"", ""29.70581627"", ""30.42099190"", ""29.75559807"", ""28.41707993"", ""27.37213898"", ""26.57557678"", ""26.04619217"", ""26.02145004"", ""25.80867958"", ""25.90014267"", ""25.99958229"", ""25.65239334"", ""25.19697762"", ""25.52678299"", ""25.34386444"", ""25.13949966"", ""25.37767029"", ""25.24667931"", ""24.99518013"", ""24.96088028"", ""24.88634682"", ""25.06591034"", ""25.23417091"", ""25.02805519"", ""25.06409264"", ""25.11413956"", ""24.93109322"", ""25.08784866"", ""25.12758064"", ""25.09357834"", ""25.07225037""]",3,TrendAELG_WaveletV3AELG,4,learnable
resnet_skip_study_tourism_r3,TW16_skip4_learn,trendwav_depth_x_skip,"['TrendAELG', 'WaveletV3AELG']",Tourism-Yearly,1,4,8,16,1,True,2,44,21.577137,3.074962,97994.859375,946407342080.000000,nan,1.313300,12.062011,1435929,256,2.71,45,False,False,ReLU,EARLY_STOPPED,25.14254189,25.71521759,30.99909782,34,1.022777,False,"[""121.40312195"", ""78.03143311"", ""49.71879578"", ""36.87257385"", ""36.97515869"", ""37.91535187"", ""35.49319458"", ""32.66756058"", ""31.12944412"", ""30.31040382"", ""29.18464851"", ""29.05427551"", ""29.12726021"", ""28.82243729"", ""28.36166954"", ""27.96468735"", ""27.64571953"", ""27.13471031"", ""26.24709702"", ""26.15425491"", ""26.20078850"", ""25.88862991"", ""25.64705658"", ""25.87823296"", ""26.03380013"", ""25.77893066"", ""25.58727264"", ""25.69154549"", ""25.63085175"", ""25.36515808"", ""25.37108994"", ""25.36585045"", ""25.45121002"", ""25.37094116"", ""25.14254189"", ""25.14648056"", ""25.28249550"", ""25.40635490"", ""25.54207993"", ""25.46973610"", ""25.35018349"", ""25.32767868"", ""25.37251663"", ""25.62440109"", ""25.71521759""]",3,TrendAELG_WaveletV3AELG,4,learnable
resnet_skip_study_tourism_r3,TW16_skip4_learn,trendwav_depth_x_skip,"['TrendAELG', 'WaveletV3AELG']",Tourism-Yearly,1,4,8,16,1,True,3,45,21.304928,3.077934,109991.117188,1226781884416.000000,nan,1.358888,16.466383,1435929,256,2.53,40,False,False,ReLU,EARLY_STOPPED,24.71965790,25.24662971,31.30083656,29,1.021318,False,"[""107.59152222"", ""66.53550720"", ""41.61998367"", ""33.96833801"", ""35.78494644"", ""35.60405731"", ""33.48920441"", ""32.14380264"", ""31.57984543"", ""30.87643051"", ""30.73498917"", ""29.50162888"", ""28.65530014"", ""27.67721748"", ""26.96834755"", ""26.28607750"", ""25.78990746"", ""26.01243782"", ""25.93343353"", ""25.65558624"", ""25.70422935"", ""25.74823761"", ""25.73142433"", ""25.46363831"", ""25.33006287"", ""25.40678406"", ""25.25913429"", ""25.19083405"", ""25.01478767"", ""24.71965790"", ""24.76882553"", ""24.92258453"", ""25.06859207"", ""25.17529678"", ""25.24015045"", ""25.21767998"", ""25.20485497"", ""25.39600945"", ""25.38650703"", ""25.24662971""]",3,TrendAELG_WaveletV3AELG,4,learnable
resnet_skip_study_tourism_r3,TW16_skip4_learn,trendwav_depth_x_skip,"['TrendAELG', 'WaveletV3AELG']",Tourism-Yearly,1,4,8,16,1,True,4,46,21.655533,3.113155,111042.960938,1325485654016.000000,nan,1.376782,17.468008,1435929,256,2.91,49,False,False,ReLU,EARLY_STOPPED,25.14423943,25.92229462,30.91172791,38,1.030944,False,"[""133.81268311"", ""89.29294586"", ""56.55513000"", ""38.60807037"", ""36.84193420"", ""37.91167450"", ""36.29835129"", ""33.66498184"", ""32.72182846"", ""32.23577499"", ""31.47435188"", ""30.89650917"", ""30.88895988"", ""29.55745125"", ""28.15206146"", ""27.62499428"", ""26.86250305"", ""26.60080528"", ""26.44339180"", ""26.09930992"", ""26.89088249"", ""26.98603630"", ""26.29322433"", ""26.03171730"", ""26.01970482"", ""26.02938461"", ""25.91422462"", ""25.58372307"", ""25.30800438"", ""25.42428589"", ""25.63708687"", ""25.91162109"", ""25.92556381"", ""25.73636246"", ""25.76101112"", ""25.76454353"", ""25.55152512"", ""25.23882103"", ""25.14423943"", ""25.23876953"", ""25.25295258"", ""25.24388695"", ""25.20304680"", ""25.32015228"", ""25.51174545"", ""25.60482407"", ""25.77102852"", ""25.85588455"", ""25.92229462""]",3,TrendAELG_WaveletV3AELG,4,learnable
resnet_skip_study_tourism_r3,TW16_skip8_learn,trendwav_distance_sweep,"['TrendAELG', 'WaveletV3AELG']",Tourism-Yearly,1,4,8,16,1,True,0,42,21.155857,3.041686,105979.203125,1177910247424.000000,nan,1.328292,15.630771,1435929,256,2.49,42,False,False,ReLU,EARLY_STOPPED,25.25225639,25.90681267,31.23028564,31,1.025921,False,"[""139.74650574"", ""93.72341919"", ""58.38959885"", ""37.57724762"", ""37.65406036"", ""42.09309006"", ""41.99834061"", ""38.25730515"", ""33.31719208"", ""30.55980301"", ""30.05939484"", ""30.34123993"", ""30.56867981"", ""31.01713562"", ""30.98369026"", ""29.92969131"", ""28.66592979"", ""27.85647583"", ""27.46655273"", ""26.71895409"", ""26.44797516"", ""26.24516487"", ""26.01097870"", ""26.30653000"", ""26.80795479"", ""26.40312958"", ""25.82526207"", ""25.80149841"", ""25.96219254"", ""26.00299644"", ""25.57218170"", ""25.25225639"", ""25.26513100"", ""25.26175117"", ""25.62632179"", ""25.72970390"", ""25.54908371"", ""25.52294159"", ""25.68681526"", ""25.65484619"", ""25.78675079"", ""25.90681267""]",3,TrendAELG_WaveletV3AELG,8,learnable
resnet_skip_study_tourism_r3,TW16_skip8_learn,trendwav_distance_sweep,"['TrendAELG', 'WaveletV3AELG']",Tourism-Yearly,1,4,8,16,1,True,1,43,20.928535,3.025389,102343.671875,1071755886592.000000,nan,1.311814,14.927188,1435929,256,2.64,44,False,False,ReLU,EARLY_STOPPED,24.92096901,25.31954956,31.00169373,33,1.015994,False,"[""131.57199097"", ""86.18181610"", ""56.48994446"", ""40.02444077"", ""36.82554245"", ""38.07836914"", ""36.63109589"", ""33.07801056"", ""29.95534515"", ""28.87351227"", ""28.96117592"", ""29.36749077"", ""29.67967033"", ""28.84623337"", ""28.17229652"", ""27.78167725"", ""27.42078400"", ""26.83569717"", ""26.50109863"", ""26.21722794"", ""25.78704643"", ""25.33832550"", ""25.57801247"", ""25.47813606"", ""25.51978493"", ""25.48826981"", ""25.32619286"", ""25.38028717"", ""25.77347183"", ""25.66438866"", ""25.21481514"", ""25.01726723"", ""24.96524620"", ""24.92096901"", ""24.99580193"", ""24.95787621"", ""25.13218498"", ""25.28325272"", ""25.32793808"", ""25.41440773"", ""25.34755707"", ""25.30817986"", ""25.22695732"", ""25.31954956""]",3,TrendAELG_WaveletV3AELG,8,learnable
resnet_skip_study_tourism_r3,TW16_skip8_learn,trendwav_distance_sweep,"['TrendAELG', 'WaveletV3AELG']",Tourism-Yearly,1,4,8,16,1,True,2,44,21.420742,3.069858,99512.609375,992459423744.000000,nan,1.314720,12.602871,1435929,256,2.42,41,False,False,ReLU,EARLY_STOPPED,24.96704102,25.46254158,31.21227646,30,1.019846,False,"[""122.01593018"", ""78.90931702"", ""50.46194839"", ""37.00524902"", ""36.82667160"", ""37.69235992"", ""35.14084625"", ""32.18816757"", ""31.20788574"", ""29.81111145"", ""28.79392433"", ""28.74761200"", ""28.68157959"", ""28.48119354"", ""28.01192093"", ""27.66627693"", ""27.14186287"", ""26.53750229"", ""25.88229752"", ""25.49709320"", ""25.80327034"", ""25.81431580"", ""25.72546005"", ""25.94565964"", ""25.85076332"", ""25.55455208"", ""25.48116112"", ""25.54192162"", ""25.48924065"", ""25.11848450"", ""24.96704102"", ""25.22321320"", ""25.34481621"", ""25.24316406"", ""25.27972984"", ""25.58572006"", ""25.62780762"", ""25.56568718"", ""25.56144333"", ""25.51453400"", ""25.46254158""]",3,TrendAELG_WaveletV3AELG,8,learnable
resnet_skip_study_tourism_r3,TW16_skip8_learn,trendwav_distance_sweep,"['TrendAELG', 'WaveletV3AELG']",Tourism-Yearly,1,4,8,16,1,True,3,45,21.266075,3.071909,104126.578125,1098749575168.000000,nan,1.333296,15.228313,1435929,256,2.45,41,False,False,ReLU,EARLY_STOPPED,24.77873039,25.21816444,31.32075882,30,1.017734,False,"[""108.17892456"", ""67.34650421"", ""42.25407028"", ""33.80472183"", ""36.11704254"", ""36.19649887"", ""33.77375031"", ""32.03164291"", ""31.49496651"", ""31.14605331"", ""30.58266640"", ""30.17698860"", ""29.27479744"", ""28.60211182"", ""27.50836563"", ""26.39037132"", ""25.53036118"", ""25.49887657"", ""25.46114540"", ""25.61575508"", ""25.68227577"", ""25.58962059"", ""25.65384865"", ""25.70244598"", ""25.70473289"", ""25.39107513"", ""25.35307121"", ""25.33332634"", ""25.31158829"", ""25.10014725"", ""24.77873039"", ""25.07838631"", ""25.14103889"", ""25.25037193"", ""25.33136559"", ""25.04239655"", ""25.04773140"", ""25.17670441"", ""25.07300758"", ""25.00558853"", ""25.21816444""]",3,TrendAELG_WaveletV3AELG,8,learnable
resnet_skip_study_tourism_r3,TW16_skip8_learn,trendwav_distance_sweep,"['TrendAELG', 'WaveletV3AELG']",Tourism-Yearly,1,4,8,16,1,True,4,46,21.219151,3.059833,113876.484375,1411722903552.000000,nan,1.349085,17.802479,1435929,256,2.29,37,False,False,ReLU,EARLY_STOPPED,25.22117996,25.28176308,31.26294708,26,1.002402,False,"[""134.32530212"", ""90.14040375"", ""57.40432739"", ""38.98546600"", ""36.62994385"", ""37.49733734"", ""35.75781631"", ""33.18463135"", ""32.50225067"", ""32.03738785"", ""31.17975044"", ""31.43292618"", ""30.91036415"", ""29.31552315"", ""28.22217369"", ""27.50768280"", ""26.85739326"", ""26.57154274"", ""26.16456223"", ""26.37904549"", ""26.51671982"", ""26.43830872"", ""25.91873360"", ""25.66648102"", ""25.60432053"", ""25.30865097"", ""25.22117996"", ""25.48688889"", ""25.55352402"", ""25.43446159"", ""25.77629089"", ""25.89854622"", ""25.80694580"", ""25.78781319"", ""25.61900902"", ""25.46709251"", ""25.28176308""]",3,TrendAELG_WaveletV3AELG,8,learnable
resnet_skip_study_tourism_r3,G30_skip5_learn,generic_legacy,['Generic'],Tourism-Yearly,1,4,8,30,1,True,0,42,20.475140,2.970001,105057.875000,1048785059840.000000,nan,1.280021,13.149536,23961601,256,5.19,29,False,False,ReLU,EARLY_STOPPED,25.31486130,25.95447540,32.35925674,18,1.025266,False,"[""144.00686646"", ""84.79084015"", ""104.12533569"", ""93.94819641"", ""72.26338196"", ""57.59770966"", ""46.42985916"", ""37.26270676"", ""31.71028519"", ""33.66327286"", ""33.11797714"", ""31.95385361"", ""29.87898254"", ""26.35687256"", ""34.39012909"", ""32.91859818"", ""27.21718597"", ""26.62060547"", ""25.31486130"", ""28.09164429"", ""28.78257370"", ""26.75337410"", ""27.82205963"", ""28.18728447"", ""26.71633720"", ""26.78341293"", ""26.31934929"", ""25.38632393"", ""25.95447540""]",3,Generic,5,learnable
resnet_skip_study_tourism_r3,G30_skip5_learn,generic_legacy,['Generic'],Tourism-Yearly,1,4,8,30,1,True,1,43,20.984201,3.063561,125238.382812,1718838099968.000000,nan,1.388816,20.390404,23961601,256,6.68,38,False,False,ReLU,EARLY_STOPPED,25.84548378,26.72565842,30.62819290,27,1.034055,False,"[""123.92571259"", ""108.37999725"", ""50.35290527"", ""39.93579483"", ""36.88848495"", ""35.59065628"", ""40.04948425"", ""32.37680435"", ""29.64061165"", ""29.79237747"", ""27.60610199"", ""30.40920830"", ""29.42977333"", ""28.69131470"", ""28.24953270"", ""26.39899635"", ""27.90389633"", ""28.57059860"", ""26.25614166"", ""28.01425171"", ""29.05701065"", ""27.40570259"", ""26.09281158"", ""26.62606812"", ""26.87317657"", ""27.23065567"", ""26.78282166"", ""25.84548378"", ""25.88153839"", ""26.39167023"", ""26.34586143"", ""26.50111008"", ""26.19095230"", ""26.49460793"", ""26.48473930"", ""25.98191833"", ""26.03598213"", ""26.72565842""]",3,Generic,5,learnable
resnet_skip_study_tourism_r3,G30_skip5_learn,generic_legacy,['Generic'],Tourism-Yearly,1,4,8,30,1,True,2,44,21.834089,3.181998,130003.039062,1761280786432.000000,nan,1.449009,20.881491,23961601,256,5.89,32,False,False,ReLU,EARLY_STOPPED,25.40511131,26.39675140,31.50376892,21,1.039033,False,"[""103.40750122"", ""109.44250488"", ""63.23494339"", ""48.99238205"", ""36.77409363"", ""42.41574860"", ""45.67772675"", ""40.01750183"", ""32.11993790"", ""29.93870354"", ""29.60641098"", ""27.74883842"", ""27.87244034"", ""27.29123497"", ""25.63489914"", ""25.79154587"", ""27.41666794"", ""27.65498161"", ""27.45814896"", ""26.52289581"", ""25.72290611"", ""25.40511131"", ""26.42971230"", ""26.47833443"", ""26.36390686"", ""26.40881538"", ""26.56404305"", ""26.51614571"", ""26.06622314"", ""25.83441353"", ""26.47045898"", ""26.39675140""]",3,Generic,5,learnable
resnet_skip_study_tourism_r3,G30_skip5_learn,generic_legacy,['Generic'],Tourism-Yearly,1,4,8,30,1,True,3,45,21.107573,3.099618,129166.085938,1712514400256.000000,nan,1.426796,20.910275,23961601,256,6.25,32,False,False,ReLU,EARLY_STOPPED,25.12339401,25.79461098,32.21000671,21,1.026717,False,"[""120.51100922"", ""133.92173767"", ""68.29095459"", ""77.49475098"", ""51.40318298"", ""41.86394882"", ""36.70619583"", ""35.38039780"", ""29.60029221"", ""29.23668289"", ""30.42385483"", ""29.48008537"", ""28.00374603"", ""30.89753723"", ""30.37711334"", ""31.33280945"", ""28.89127350"", ""25.83833694"", ""25.90898895"", ""26.29379082"", ""25.71240425"", ""25.12339401"", ""25.30846024"", ""25.45082283"", ""25.62202835"", ""26.63032150"", ""26.45973778"", ""26.43473053"", ""25.99691200"", ""26.53191376"", ""26.96275139"", ""25.79461098""]",3,Generic,5,learnable
resnet_skip_study_tourism_r3,G30_skip5_learn,generic_legacy,['Generic'],Tourism-Yearly,1,4,8,30,1,True,4,46,22.424582,3.213019,112582.328125,1233702617088.000000,nan,1.408214,15.428774,23961601,256,3.30,21,False,False,ReLU,EARLY_STOPPED,26.36710358,29.47840691,36.90855026,10,1.117999,False,"[""113.70782471"", ""58.16033936"", ""36.08217621"", ""36.16209793"", ""35.30014801"", ""27.13555717"", ""38.91372299"", ""38.81479263"", ""32.49735641"", ""27.86146736"", ""26.36710358"", ""28.09900093"", ""26.50630760"", ""28.04212570"", ""27.66207504"", ""29.44778252"", ""29.26641655"", ""26.45906258"", ""29.43796730"", ""31.48602867"", ""29.47840691""]",3,Generic,5,learnable
resnet_skip_study_tourism_r3,G30_skip10_a01,generic_legacy,['Generic'],Tourism-Yearly,1,4,8,30,1,True,0,42,21.378471,3.090054,120723.976562,1403877982208.000000,nan,1.398009,16.950747,23961600,256,5.22,29,False,False,ReLU,EARLY_STOPPED,25.16115379,25.22385406,32.37904739,18,1.002492,False,"[""144.91781616"", ""99.58474731"", ""100.54560852"", ""100.96918488"", ""71.84188080"", ""58.48099518"", ""48.14944839"", ""39.44330597"", ""32.09215164"", ""32.68377304"", ""33.45670319"", ""34.45027924"", ""29.97501564"", ""27.23049736"", ""28.88780785"", ""27.33307838"", ""28.30887794"", ""27.31201935"", ""25.16115379"", ""25.74645615"", ""25.88704872"", ""26.11470795"", ""26.69906235"", ""25.78055000"", ""26.79458809"", ""26.75160789"", ""25.87369156"", ""26.01633644"", ""25.22385406""]",3,Generic,10,0.1
resnet_skip_study_tourism_r3,G30_skip10_a01,generic_legacy,['Generic'],Tourism-Yearly,1,4,8,30,1,True,1,43,22.565847,3.292817,136860.140625,1930260381696.000000,nan,1.529644,24.977604,23961600,256,4.95,28,False,False,ReLU,EARLY_STOPPED,25.73918343,26.14913368,31.64834595,17,1.015927,False,"[""125.64067841"", ""96.10220337"", ""47.94796371"", ""34.28946686"", ""33.97975159"", ""42.26483536"", ""29.52715111"", ""38.69201279"", ""38.68948364"", ""31.82329559"", ""41.29671097"", ""34.41432571"", ""29.56393433"", ""29.13209724"", ""26.93001938"", ""27.50764275"", ""28.02280807"", ""25.73918343"", ""26.61567116"", ""27.32949829"", ""25.92453957"", ""26.66320229"", ""27.71951485"", ""26.63455582"", ""27.43566704"", ""27.82504845"", ""26.54352760"", ""26.14913368""]",3,Generic,10,0.1
resnet_skip_study_tourism_r3,G30_skip10_a01,generic_legacy,['Generic'],Tourism-Yearly,1,4,8,30,1,True,2,44,22.908587,3.321711,126330.843750,1581397180416.000000,nan,1.485185,19.730204,23961600,256,4.79,27,False,False,ReLU,EARLY_STOPPED,25.76569557,28.48209381,33.00916672,16,1.105427,False,"[""105.88128662"", ""113.34550476"", ""63.12748718"", ""47.65203476"", ""35.81234741"", ""54.46339417"", ""41.95031738"", ""33.47813416"", ""29.33776665"", ""27.98644066"", ""30.17725945"", ""29.85132599"", ""28.64676094"", ""26.37270737"", ""27.07178307"", ""27.25488472"", ""25.76569557"", ""26.93770218"", ""26.98242378"", ""27.88585091"", ""27.70592499"", ""25.81156540"", ""27.04376793"", ""27.57915878"", ""26.69478035"", ""28.08093643"", ""28.48209381""]",3,Generic,10,0.1
resnet_skip_study_tourism_r3,G30_skip10_a01,generic_legacy,['Generic'],Tourism-Yearly,1,4,8,30,1,True,3,45,21.030550,2.987107,86091.031250,708579885056.000000,nan,1.266128,9.258539,23961600,256,9.47,48,False,False,ReLU,EARLY_STOPPED,25.77102852,27.09350586,30.07807350,37,1.051316,False,"[""119.23701477"", ""146.19291687"", ""118.14186859"", ""100.45224762"", ""90.24458313"", ""75.52505493"", ""50.50172806"", ""44.74726868"", ""54.69688034"", ""46.48783112"", ""38.35289001"", ""34.55247116"", ""30.78168869"", ""30.15841866"", ""31.31577110"", ""30.82244682"", ""29.52803612"", ""28.31095505"", ""26.82449722"", ""27.89784431"", ""27.57266235"", ""26.84715080"", ""26.45596313"", ""26.94349861"", ""26.97033882"", ""26.58105278"", ""26.40072632"", ""26.54214478"", ""26.28035164"", ""25.81103706"", ""25.87880135"", ""26.50873375"", ""26.34291649"", ""25.95420456"", ""25.88064003"", ""26.27975845"", ""26.14878082"", ""25.77102852"", ""25.90900612"", ""26.49901581"", ""26.66803360"", ""26.73513031"", ""26.86735153"", ""27.19273567"", ""27.04150772"", ""26.64021873"", ""26.37562370"", ""27.09350586""]",3,Generic,10,0.1
resnet_skip_study_tourism_r3,G30_skip10_a01,generic_legacy,['Generic'],Tourism-Yearly,1,4,8,30,1,True,4,46,20.929354,3.061923,125768.179688,1697640611840.000000,nan,1.369990,20.199535,23961600,256,7.20,32,False,False,ReLU,EARLY_STOPPED,25.57517242,26.93561554,33.21948242,21,1.053194,False,"[""117.26412964"", ""56.80549240"", ""38.71823120"", ""33.69119263"", ""78.91117096"", ""58.02496719"", ""32.01673889"", ""32.13006592"", ""34.25764084"", ""30.38095856"", ""29.64404869"", ""28.64379883"", ""28.26515198"", ""27.39242935"", ""27.16976357"", ""26.52500534"", ""27.15507698"", ""26.84449196"", ""25.66788864"", ""26.01312447"", ""26.45347404"", ""25.57517242"", ""26.57958221"", ""26.67899132"", ""26.96228027"", ""26.94820976"", ""26.13249207"", ""26.36270142"", ""26.55964851"", ""28.10281181"", ""28.07851219"", ""26.93561554""]",3,Generic,10,0.1
